评论ID,原始评论,清洗后纯评论（无地名/无新增词）,核心分词（无地名/无新增词）,核心分词字符串（无地名/无新增词）,情感分析结果,解析
4,第一次知道傩戏还是在我不是戏神,第一次知道傩戏还是在我不是戏神,"['第一次', '傩戏', '戏神']",第一次 傩戏 戏神,0,该评论仅陈述了获取知识的来源，没有表达明显的喜好或厌恶情绪，属于客观陈述，情感倾向中性。
12,爷爷好厉害！,爷爷好厉害！,"['爷爷', '好', '厉害']", 好 厉害,1,评论中使用了“好厉害”这一积极词汇，表达了对爷爷的赞美和敬佩之情，整体情感倾向明显为正面。
11,老师很厉害,老师很厉害,['厉害'],厉害,1,该评论使用了“很厉害”这一积极评价词汇，直接表达了对老师的赞赏和肯定，整体情感倾向明显为正面。
8,太好了，居然还带九玩,太好了，居然还带九玩,"['太好了', '居然']",太好了 居然,1,评论中使用了“太好了”这一强烈积极表达，并提到“带九玩”体现出对联动内容的惊喜与期待，整体情感明显为正面。
3,好好拍呀，只要是中国的，,好好拍呀，只要是中国的，,"['好好', '只要', '中国']",好好 只要 中国,1,评论中“好好拍呀”表达了鼓励和期待，“只要是中国的”体现了对本土文化的认同与支持，整体语气积极，情感倾向为正面。
2,都准备划掉了,都准备划掉了,"['准备', '划掉']",准备 划掉,0,该评论仅表达了用户准备划掉内容的动作意图，没有使用明显的情感词汇或表达态度，属于陈述事实的中性表达。
13,希望有更多国人知道我们的文化,希望有更多国人知道我们的文化,"['希望', '国人', '文化']",希望 国人 文化,1,评论表达了希望更多人了解和传播本国文化的积极愿望，体现了文化自信和自豪感，整体情感倾向为正面。
6,魈宝的面具！！！,魈宝的面具！！！,['面具'],面具,1,评论中使用了“魈宝”这一亲昵称呼和感叹号，表达了对角色面具的惊喜与喜爱，整体情感倾向为正面。
5,这就不得不提,这就不得不提,['不得不'],不得不,0,该评论仅以“这就不得不提”开头，未表达明确的情感立场，属于引出话题或承接上下文的过渡性表达，没有明显的积极或消极情绪。
7,这个系列怎么能没有魈,这个系列怎么能没有魈,['系列'],系列,-1,评论表达了对于“魈”这一角色未出现在系列中的失望和不满，使用“怎么能没有”这种反问句式加强了遗憾和批评的语气，整体情感倾向为负面。
1,竟然带我们京剧猫玩,竟然带我们京剧猫玩,"['竟然', '京剧']", 京剧猫,1,评论中“竟然带我们京剧猫玩”表达了惊喜和愉悦的情绪，使用“竟然”一词带有意外之喜的积极意味，整体上传达了对被关注或参与的正面感受。
10,好眼熟，像某个动漫人物的装造,好眼熟，像某个动漫人物的装造,"['好', '眼熟', '某个', '动漫', '人物', '装造']",好 眼熟 某个 动漫 人物 装造,0,"该评论仅指出角色造型与某动漫人物相似，使用了""好眼熟""这一中性描述词，没有表达明显的喜爱或批评情绪，属于客观观察陈述。"
9,沈滩，夭，陈伶,沈滩，夭，陈伶,"['沈滩', '陈伶']",沈滩 陈伶,0,该评论仅列举了三个名字，没有表达任何情感色彩或评价性词汇，无法判断其正面或负面倾向，因此属于中性陈述。
14,为什么我的眼里常含幸福？因为会幸福＞  。＜,为什么我的眼里常含幸福？因为会幸福 。,"['为什么', '眼里', '常含', '幸福', '因为', '会', '幸福']",为什么 眼里 常含 幸福  会 幸福,1,该评论化用诗句“为什么我的眼里常含泪水？因为我对这土地爱得深沉”，将“泪水”和“爱这土地”替换为“幸福”和“会幸福”，表达了一种积极、满足和感恩的情感，整体情感倾向为正面。
15,怎么还有河南妞的事！,怎么还有河南妞的事！,[],,-1,评论中“怎么还有河南妞的事”带有明显的排斥和不满情绪，使用“河南妞”这一称呼可能含有地域歧视或贬低意味，整体表达了对涉及河南元素的不悦与抵触。
22,曲娘也有吗,曲娘也有吗,['曲娘'],曲娘,0,该评论仅询问“曲娘也有吗”，是对联动内容的具体询问，没有表达明显的喜爱、期待或不满情绪，属于中性提问。
18,真的很美很帅呀,真的很美很帅呀,"['真的', '很美', '很帅']", 很美 很帅,1,评论中使用了“很美很帅”等积极词汇，直接表达了对人物或事物的赞美和喜爱，整体情感倾向明显为正面。
20,爷爷可以要某某吗？,爷爷可以要某某吗？,"['爷爷', '可以', '某某']",  某某,0,该评论以询问形式表达个人偏好，未使用明显情感词汇，仅表达对特定角色的兴趣，没有表现出强烈正面或负面情绪，属于中性表达。
17,老师傩面还有我们魈,老师傩面还有我们魈,['傩面'],傩面,1,评论中提及“老师傩面”和“魈”等角色，语气亲切且带有归属感（“我们魈”），表达了对这些角色的喜爱与认同，整体情感倾向为正面。
19,幸福好不好？,幸福好不好？,"['', '幸福', '好不好']",幸福 ,1,"该评论以提问形式表达对""幸福""的积极探讨，使用""好不好""的询问语气隐含对幸福的肯定态度，整体传递出温暖、向往的情感基调，属于正面情感表达。"
16,因为桃园深处有人家知道了傩戏,因为桃园深处有人家知道了傩戏,"['因为', '桃园', '深处', '人家', '傩戏']", 桃园 深处 人家 傩戏,1,评论表达了通过游戏“桃园深处有人家”了解到傩戏这一传统文化，使用了“知道了”这一中性但带有收获感的表述，隐含对游戏文化传播功能的认可和积极态度，整体情感倾向为正面。
21,!说到戏曲文化怎e么能少得了戏神呢,!说到戏曲文化怎e么能少得了戏神呢,"['戏曲', '文化', '戏神']",戏曲 文化 戏神,1,评论以感叹号开头，语气积极，通过“怎么能少得了”的反问句式强调戏神在戏曲文化中的重要性，表达了对戏曲文化的认同与推崇，整体情感倾向为正面。
28,第五个季节,第五个季节,"['第五个', '季节']",第五个 季节,0,该评论仅提及“第五个季节”，没有表达任何情感色彩或评价性词汇，属于客观陈述，无法判断正面或负面倾向，因此归类为中性。
26,只喜欢好看的.,只喜欢好看的.,"['喜欢', '好看']",喜欢 好看,0,该评论仅表达了个人偏好“只喜欢好看的”，没有使用明显的情感词汇，也未对任何对象进行褒贬评价，属于陈述个人标准的客观表达，情感倾向不明显。
23,我会剪纸的你要我就给你做,我会剪纸的你要我就给你做,"['我会', '剪纸']",我会 剪纸,1,该评论表达了主动提供帮助的意愿，使用“我会剪纸的你要我就给你做”这样积极友好的措辞，体现了分享和乐于助人的态度，整体情感倾向为正面。
25,谁记得《边城》里的傩送，让我第一次了解“傩”这个字关联的文化；然后就是剑网3里的同人外观“揽诸”啦，宣传视频很好看嘟,谁记得边城里的傩送，让我第一次了解傩这个字关联的文化；然后就是剑网3里的同人外观揽诸啦，宣传视频很好看嘟,"['记得', '城里', '第一次', '了解', '关联', '文化', '然后', '剑网', '同人', '外观', '宣传', '视频', '好看']",记得 城里 第一次 了解 关联 文化 然后 剑网 同人 外观 宣传 视频 好看,1,评论通过“第一次了解傩这个字关联的文化”和“宣传视频很好看嘟”等表述，表达了对文化元素的欣赏和对游戏内容的喜爱，整体情感积极且带有分享的愉悦感。
27,梁月！！！！！！！！！！！！！！！！！！！！！！！！！！！！！！！！！！！！！！！！！,梁月！！！！！！！！！！！！！！！！！！！！！！！！！！！！！！！！！！！！！！！！！,['梁月'],梁月,1,评论通过大量感叹号表达强烈的情感，通常用于表达兴奋、喜爱或激动。结合“梁月”这一称呼，可推断用户对相关角色或内容抱有高度热情和积极态度，整体情感倾向为正面。
29,现在很多传统的东西小孩子都不知道，就像我们云南80后，以前元宵节和三月三地方政府都会举办戏剧表演，我孩子现在十一二岁了都没见过唱戏的,现在很多传统的东西小孩子都不知道，就像我们云南80后，以前元宵节和三月三地方政府都会举办戏剧表演，我孩子现在十一二岁了都没见过唱戏的,"['很多', '传统', '东西', '小孩子', '80', '以前', '元宵节', '三月', '地方', '政府', '举办', '戏剧', '表演', '孩子', '十一二岁', '没见', '唱戏']",很多 传统 东西 小孩子 80 以前 元宵节 三月 地方 政府 举办 戏剧 表演 孩子 十一二岁 没见 唱戏,-1,评论通过对比过去与现在的文化传承状况，表达了遗憾和担忧的情绪。“都不知道”、“都没见过”等表述暗示了对传统文化缺失的不满，整体情感倾向为负面。
24,老师竟然带我们道诡玩,老师竟然带我们道诡玩,"['竟然', '诡玩']", 诡玩,1,评论中“道诡玩”可能指代《道诡异仙》游戏或相关活动，使用“竟然带我们”表达惊喜和兴奋，整体语气积极，体现了对老师组织活动的赞赏和参与热情。
30,能不能来一期龙族啊爷爷,能不能来一期龙族啊爷爷,"['不能', '一期', '龙族', '爷爷']",不能 一期 龙族 ,1,评论以“爷爷”作为亲切称呼，表达了用户对内容创作者的喜爱和期待，同时“能不能来一期”带有请求和希望的语气，整体情感积极友好。
32,不睡觉就会死星人,不睡觉就会死星人,"['睡觉', '星人']",睡觉 星人,0,该评论仅描述了一个虚构的群体特征“不睡觉就会死星人”，没有表达明确的情感倾向，既无赞美也无批评，属于中性陈述。
36,感觉有点恐怖,感觉有点恐怖,"['有点', '恐怖']",有点 恐怖,-1,该评论使用了“恐怖”这一带有负面情绪的词汇，直接表达了对内容的不安或恐惧感受，整体情感倾向为负面。
33,非遗永存好不好？,非遗永存好不好？,"['非遗', '永存', '好不好']",非遗 永存 ,1,评论中“非遗永存”表达了对非物质文化遗产传承的强烈支持，“好不好”带有呼吁和肯定的语气，整体传递出积极、珍视的情感倾向。
31,合伙人来支持啦,合伙人来支持啦,"['合伙人', '支持']",合伙人 支持,1,评论中“支持啦”表达了明确的积极态度和鼓励意愿，使用“合伙人”这一称呼体现了亲近感和认同感，整体传递出友好、肯定的情感倾向。
34,是的，这是非遗,是的，这是非遗,"['这是', '非遗']",这是 非遗,0,该评论仅陈述事实“这是非遗”，没有表达个人情感或评价，缺乏明显的积极或消极词汇，因此情感倾向为中性。
37,好高级的博主，我觉得你一定会火的,好高级的博主，我觉得你一定会火的,"['好', '高级', '博主', '一定', '会火']",好 高级 博主 一定 会火,1,该评论使用了“好高级”、“一定会火”等积极词汇，表达了对博主的赞赏和对其未来发展的信心与期待，整体情感倾向明显为正面。
35,景贝是亲情,景贝是亲情,"['景贝', '亲情']",景贝 亲情,0,该评论仅陈述“景贝是亲情”这一事实性观点，未使用明显的情感词汇或表达个人态度，属于客观描述，无明显情感倾向。
42,好酷,好酷,['好酷'],好酷,1,"评论中使用了""好酷""这一积极词汇，表达了对内容的赞赏和喜爱，整体情感倾向明显为正面。"
43,美味可口可乐我爱喝大杯,美味可口可乐我爱喝大杯,"['美味', '可口可乐', '爱喝']",美味 可口可乐 爱喝,1,该评论使用了“美味可口”、“我爱喝”等积极词汇，表达了对可口可乐的喜爱和享受，整体情感倾向明显为正面。
38,家人们，都给我看我不是戏神,家人们，都给我看我不是戏神,"['人们', '戏神']",人们 戏神,1,该评论使用了“家人们”这一亲切称呼和“都给我看”这一强烈推荐语气，表达了对《我不是戏神》内容的热情推荐和喜爱，整体情感倾向为正面。
41,想到了戏神,想到了戏神,"['想到', '戏神']", 戏神,0,该评论仅提及“想到了戏神”，是一种联想或回忆的表达，没有明显的积极或消极情感词汇，也未体现对事物的评价或情绪倾向，因此判断为中性。
44,老师还有一个归龙潮,老师还有一个归龙潮,"['一个', '归龙潮']",一个 归龙潮,0,该评论仅提及“老师还有一个归龙潮”，属于客观陈述信息，没有表达明确的情感倾向或评价性词汇，因此判断为中性情感。
39,好漂亮阿，  美呀,好漂亮阿， 美呀,"['好', '漂亮', '美']",好 漂亮 美,1,评论中使用了“好漂亮”、“美呀”等直接表达赞美和欣赏的积极词汇，传达出对描述对象的喜爱和肯定，整体情感倾向明显为正面。
45,梁月！梁警官！,梁月！梁警官！,"['梁月', '警官']",梁月 警官,1,评论中重复呼唤“梁月！梁警官！”，语气充满热情与喜爱，表达了对角色的强烈认同和关注，整体情感倾向为正面。
40,日本想偷来着，比如东京奥运会，没想到，只得其表，不得其精髓啊,日本想偷来着，比如东京奥运会，没想到，只得其表，不得其精髓啊,"['偷来', '比如', '东京', '奥运会', '没想到', '只得', '其表', '不得', '精髓']",偷来 比如 东京 奥运会 没 只得 其表 不得 精髓,-1,该评论通过“想偷”、“只得其表，不得其精髓”等表述，明确表达了对日本行为的讽刺和批评，认为其模仿不成功，带有明显的贬义和不满情绪，整体情感倾向为负面。
49,要幸福,要幸福,"['要', '幸福']",要 幸福,1,该评论使用了“要幸福”这一祝福性表达，传递出对他人或事物的美好祝愿，体现了积极、温暖的情感态度，整体情感倾向为正面。
50,去哪里学啊很好奇,去哪里学啊很好奇,"['哪里', '', '好奇']",哪里  好奇,0,"该评论表达了好奇和询问的态度，使用了""很好奇""这样的中性词汇，没有明显的积极或消极情感表达，整体属于中性评论。"
46,我有一只小猫,我有一只小猫,"['一只', '小猫']",一只 小猫,0,该评论仅陈述了“我有一只小猫”这一事实，没有使用任何表达情感倾向的词汇，也未体现出明显的喜爱、厌恶或其他情绪，因此属于中性陈述。
48,喜欢在各个圈子里乱逛的某人,喜欢在各个圈子里乱逛的某人,"['喜欢', '各个', '圈子里', '乱逛', '某人']",喜欢 各个 圈子里 乱逛 某人,0,该评论仅描述了个人行为习惯，没有表达明显的积极或消极情绪，属于客观陈述，情感倾向为中性。
47,《混的约定之放学别走》,混的约定之放学别走,"['约定', '放学']",约定 放学,0,该评论仅提及“混的约定之放学别走”，这是一个具体的事件或行为描述，没有使用明显的积极或消极词汇来表达情感态度，也未体现明确的褒贬倾向，因此整体情感倾向为中性。
58,九批来支持了！,九批来支持了！,"['九批', '支持']",九批 支持,1,该评论使用了“支持了”这一积极词汇，表达了对目标对象的明确支持和鼓励，整体情感倾向为正面。
51,"全认识的最棒了୧( ""̮ )୨✧ᐦ̤","全认识的最棒了( "" )","['认识', '棒']",认识 棒,1,评论中使用了“最棒了”这一明确的积极评价词汇，表达了强烈的赞赏和喜爱之情。结合“全认识的”这一限定，整体情感是正面且充满热情的。
59,最讨厌肖邦与巴赫,最讨厌肖邦与巴赫,"['讨厌', '肖邦', '巴赫']",讨厌 肖邦 巴赫,-1,该评论使用了“最讨厌”这一强烈否定词汇，直接表达了对肖邦与巴赫的厌恶情绪，情感倾向明确为负面。
53,看得我鼻子一酸。。,看得我鼻子一酸。。,"['看得', '鼻子', '一酸']",看得 鼻子 一酸,-1,评论中“鼻子一酸”是表达悲伤、感动或难过的常见说法，通常与负面情绪相关，暗示内容触发了观看者的伤感或同情心，整体情感倾向为负面。
57,多支持，多推荐中国的东西还好现在有正能量，中国的文化历史不拍这些长时间都遗忘了，都快,多支持，多推荐中国的东西还好现在有正能量，中国的文化历史不拍这些长时间都遗忘了，都快,"['支持', '推荐', '中国', '东西', '还好', '能量', '中国', '文化', '历史', '长时间', '遗忘']",支持 推荐 中国 东西 还好 能量 中国 文化 历史 长时间 遗忘,1,评论中“多支持，多推荐中国的东西”、“正能量”等表述体现了对中国文化的积极肯定和自豪感，整体情感倾向为正面，表达了鼓励传播和传承中国文化的态度。
54,谁懂京剧猫出来的救赎感,谁懂京剧猫出来的救赎感,"['京剧', '出来', '救赎']",京剧  救赎,1,评论中“救赎感”一词带有强烈的积极情感色彩，表达了从《京剧猫》中获得的情感慰藉或精神满足。“谁懂”的感叹句式增强了共鸣和赞赏的语气，整体传达出对作品的喜爱和感动。
56,谁懂自己爱看的全在一个视频里的救赎感,谁懂自己爱看的全在一个视频里的救赎感,"['自己', '爱看', '一个', '视频', '救赎']",自己 爱看 一个 视频 救赎,1,评论中“救赎感”一词带有强烈的积极情感色彩，表达了将喜爱的内容集中在一个视频里所带来的满足和愉悦，整体传递出欣喜和感激的情绪。
52,非遗传承还得靠二次元！崩铁的赛博念经，不良人唢呐丈母娘等等,非遗传承还得靠二次元！崩铁的赛博念经，不良人唢呐丈母娘等等,"['非遗', '传承', '二次元', '崩铁', '赛博', '念经', '不良', '唢呐', '丈母娘', '等等']",非遗 传承 二次元 崩铁 赛博 念经 不良 唢呐 丈母娘 等等,1,评论通过“非遗传承还得靠二次元”等表述，将传统文化与流行文化结合，使用“赛博念经”、“不良人唢呐丈母娘”等创新性、趣味性的词汇，表达了对这种融合形式的认可和赞赏，整体情感积极。
55,小说不是一次元的吗,小说不是一次元的吗,"['小说', '一次']",小说 一次,0,该评论仅对“小说”与“一次元”的关联提出疑问或进行事实性陈述，没有使用明显表达喜好、赞赏或批评的词汇，不带有强烈的情感色彩，因此属于中性评论。
60,圆宝^（求推荐版,圆宝（求推荐版,"['圆宝', '推荐']",圆宝 推荐,0,该评论仅包含用户昵称和“求推荐版”的表述，没有表达对具体内容的评价或情感倾向，属于中性陈述。
61,不知道为啥有一种很诡异的感觉,不知道为啥有一种很诡异的感觉,"['为啥', '一种', '诡异']",为啥  诡异,-1,评论中“很诡异的感觉”带有明显的不安和负面情绪，暗示对内容或情境的不适与困惑，整体表达了一种消极的主观感受。
62,妈呀良作无人太权威了这个也,妈呀良作无人太权威了这个也,"['妈呀', '良作', '无人', '权威']", 良作 无人 权威,1,评论中使用了“妈呀”表示惊叹，“良作无人太权威了”表达了对作品品质的高度认可和赞赏，整体语气积极，情感倾向明显为正面。
63,神经病康复中心,神经病康复中心,"['神经病', '康复中心']",神经病 康复中心,-1,该评论使用“神经病康复中心”这一带有贬义和讽刺意味的词汇，通常用于攻击或贬低他人，隐含强烈的负面情绪和攻击性，整体情感倾向为负面。
64,怎么感觉哪里不对,怎么感觉哪里不对,['哪里'],哪里,0,"该评论表达了不确定和疑惑的情绪，使用""怎么感觉哪里不对""这样的表述，但没有明确的积极或消极倾向，更多是对某种情况的观察和疑问，属于中性情感。"
65,梁月！重返未来终于有人看到了么,梁月！重返未来终于有人看到了么,"['梁月', '重返', '未来', '终于', '有人', '看到']",梁月 重返 未来 终于 有人 看到,1,评论中使用了感叹号和“终于有人看到了么”的表达，传递出对“梁月”角色被关注的欣喜与期待，整体情感积极正面。
72,在铜仁看到的,在铜仁看到的,"['铜仁', '看到']",铜仁 看到,0,该评论仅陈述在“铜仁”看到某内容的事实，没有表达任何积极或消极的情感倾向，属于中性陈述。
68,终于有人记得我们99玩家了,终于有人记得我们99玩家了,"['终于', '有人', '记得', '99', '玩家']",终于 有人 记得  玩家,1,该评论表达了“终于有人记得”的欣慰和感激之情，特别是针对“99玩家”这一特定群体，体现了被关注和重视的积极感受，整体情感倾向为正面。
67,七重烧烤yu(见过华晨宇版,七重烧烤yu(见过华晨宇版,"['七重', '烧烤', 'yu', '见过', '华晨', '宇版']",七重 烧烤 yu 见过 华晨 宇版,0,该评论仅提及“七重烧烤yu”和“华晨宇版”的关联，属于客观陈述或引用，未表达明确的情感倾向或评价，因此判断为中性。
74,闪护洗护清洁旗舰店,闪护洗护清洁旗舰店,"['闪护', '洗护', '清洁', '旗舰店']",闪护 洗护 清洁 旗舰店,0,该评论仅为店铺名称的陈述，未包含任何情感色彩或评价性词汇，仅作为信息提及，无明显正面或负面情绪表达。
70,桃源也做过傩文化的,桃源也做过傩文化的,"['桃源', '文化']",桃源 文化,0,该评论仅陈述了“桃源也做过傩文化的”这一事实，没有使用明显的情感词汇或表达个人态度，属于客观陈述，因此情感倾向为中性。
66,还以为不火了  原来来早了,还以为不火了 原来来早了,"['以为', '不火', '原来']",以为 不火 原来,0,该评论表达了对内容热度变化的观察，使用“还以为不火了”和“原来来早了”等中性表述，没有明显的积极或消极情绪，更多是陈述个人发现或时间上的错位感，整体情感倾向为中性。
69,垂一只兔耳,垂一只兔耳,"['一只', '兔耳']",兔耳,0,该评论仅描述了“垂一只兔耳”这一具体形象，没有表达明确的情感态度或价值判断，缺乏积极或消极的情感词汇，属于客观描述性内容，因此情感倾向为中性。
73,幻梦都破碎,幻梦都破碎,"['幻梦', '破碎']",幻梦 破碎,-1,评论中“幻梦都破碎”使用了“破碎”这一带有强烈失落和消极色彩的词汇，暗示了美好期望或想象的破灭，整体表达出一种失望、悲伤或幻灭的负面情绪。
76,“神不记得我，我的神会保佑我”,神不记得我，我的神会保佑我,"['记得', '神会', '保佑']",记得 神会 保佑,1,该评论表达了坚定的信仰和积极的精神寄托，通过“我的神会保佑我”传递出希望与信心，整体情感倾向为正面。
71,婀娜多姿的包装袋,婀娜多姿的包装袋,"['婀娜多姿', '包装袋']",婀娜多姿 包装袋,1,评论中“婀娜多姿”一词通常用于形容姿态优美、富有韵味的女性或事物，带有明显的赞美和欣赏意味。该词用于描述包装袋，表达了对包装设计的喜爱和正面评价，整体情感倾向为正面。
75,当时和大成拍照传播非遗的就是博主吗!,当时和大成拍照传播非遗的就是博主吗!,"['当时', '大成', '拍照', '传播', '非遗', '博主']",当时 大成 拍照 传播 非遗 博主,1,评论中使用了“传播非遗”这一积极表述，表达了对博主行为的认可和赞赏，整体情感倾向为正面。
77,最重要的面具你咋不带,最重要的面具你咋不带,"['重要', '面具', '不带']",重要 面具 不带,-1,"评论中使用了""咋不带""这一带有质问和不满语气的表达，暗示对对方未佩戴重要面具的批评和失望，整体情感倾向为负面。"
78,99，求某某,99，求某某,"['', '99', '某某']",  某某,1,评论中“99”是网络用语，表示“久久”或长长久久的美好祝愿，“求某某”则表达了强烈的喜爱和期待，整体传递出积极支持的情感倾向。
82,老祖宗还是太全面啦,老祖宗还是太全面啦,"['老祖宗', '全面']",老祖宗 全面,1,评论中“老祖宗”带有尊敬意味，“太全面啦”使用了感叹语气和积极词汇，表达了对传统文化或智慧的赞赏与自豪感，整体情感倾向为正面。
79,ෆ”云辞“ꪔ̤̱（以闪）,云辞（以闪）,"['云辞', '以闪']",云辞 以闪,0,该评论仅提及角色名称“云辞”和游戏“以闪”，未表达任何情感态度或评价，属于单纯的事实陈述，没有明显的情感倾向。
83,下期做欲言难止好吗,下期做欲言难止好吗,"['下期', '做欲言', '难止', '好']",下期 做欲言 难止 好,1,该评论以请求的语气表达了对特定内容（“欲言难止”）的期待和喜爱，“好吗”一词带有希望被采纳的积极诉求，整体情感倾向为正面。
85,1周前·北京,1周前北京,['周前'],周前,0,该评论仅提供了时间地点信息，未表达任何主观评价或情感倾向，属于客观陈述，因此情感倾向为中性。
84,毕设就做了傩戏的ip设计,毕设就做了傩戏的ip设计,"['毕设', '傩戏', 'ip', '设计']",毕设 傩戏 ip 设计,0,该评论仅陈述了个人毕设内容涉及傩戏IP设计的事实，未使用明显情感词汇或表达主观评价，属于客观陈述，因此情感倾向为中性。
87,小馨呆萌灵灵,小馨呆萌灵灵,"['小馨', '萌灵灵']",小馨 萌灵灵,1,该评论使用了“呆萌”、“灵灵”等可爱、活泼的形容词，这些词汇带有明显的喜爱和赞赏色彩，表达了对角色或人物的积极情感，整体情感倾向为正面。
80,哇哇哇，居然有吴邪宝宝,哇哇哇，居然有吴邪宝宝,"['哇哇', '居然', '吴邪', '宝宝']",哇哇 居然 吴邪 ,1,评论中使用了“哇哇哇”等感叹词表达惊喜，并称呼角色为“宝宝”体现喜爱之情，整体语气充满兴奋和积极情感，明显为正面倾向。
86,能不能弄一次针锋对决的,能不能弄一次针锋对决的,"['不能', '一次', '针锋', '对决']",不能 一次 针锋 对决,0,该评论仅提出一个关于联动内容的建议或询问，使用了“能不能”这样的中性表达，没有明显的积极或消极情感词汇，整体态度较为客观，属于中性评论。
81,溺于你眼底,溺于你眼底,"['溺于', '眼底']",溺于 眼底,1,该评论使用了“溺于”这一富有诗意和浪漫色彩的词汇，表达了一种沉浸、沉醉于对方眼底的深情与喜爱，整体情感倾向为正面，传达了温柔、欣赏的情感。
88,陈伶！梁月！以闪太好了三坑人有救了,陈伶！梁月！以闪太好了三坑人有救了,"['陈伶', '梁月', '以闪', '太好了', '坑人', '有救']",陈伶 梁月 以闪 太好了 坑人 有救,1,评论中“太好了”和“有救了”表达了强烈的积极情绪，体现了对游戏角色和内容的喜爱与认可，整体情感倾向为正面。
89,每个都如此完美适配,每个都如此完美适配,"['每个', '如此', '完美', '适配']",每个 如此 完美 适配,1,评论中使用了“完美适配”这一高度肯定的表达，强调了对内容的充分认可和满意，传达出强烈的赞赏态度，整体情感倾向明显为正面。
90,酱子贝早点睡，换我来爱吧,酱子贝早点睡，换我来爱吧,"['酱子贝', '早点', '换']",酱子贝 早点 换,1,评论中“换我来爱吧”表达了强烈的喜爱和主动亲近的意愿，带有宠溺和积极的情感色彩，整体传递出对“酱子贝”的关心与支持，因此情感倾向为正面。
92,好了 今天认识一个新字,好了 今天认识一个新字,"['好', '认识', '一个', '新字']",好 认识 一个 新字,0,该评论仅陈述了“认识一个新字”的事实，没有使用明显的情感词汇或表达态度，属于中性陈述，没有表现出积极或消极的情感倾向。
91,时辰辰小可爱,时辰辰小可爱,"['时辰', '小可爱']",时辰 小可爱,1,该评论使用了“小可爱”这一亲昵称呼，带有明显的喜爱和赞赏意味，表达了对“时辰辰”的积极情感倾向，整体情感为正面。
93,扶桑［do Mineraft ］,扶桑do Mineraft,"['扶桑', 'do', 'Mineraft']",扶桑 do Mineraft,0,该评论仅提及“扶桑do Mineraft”，内容为简单的名称或短语组合，没有表达明确的情感态度或价值判断，缺乏积极或消极的情感词汇，因此整体情感倾向为中性。
95,不管天气好不好，幸福好不好(υ . . υ) ❅·°,不管天气好不好，幸福好不好( . . ),"['不管', '天气', '好不好', '', '幸福', '好不好']",不管 天气   幸福 ,0,该评论使用了模糊的表述“不管天气好不好，幸福好不好”，带有省略号和表情符号，整体语气较为平静，没有明确表达积极或消极情绪，更多是一种随性的感慨，因此判断为中性。
98,我在哭,我在哭,[''],哭,-1,该评论直接表达了哭泣的情绪，通常与悲伤、失望或痛苦等负面情感相关联，暗示了评论者当前处于消极的心理状态，整体情感倾向为负面。
94,来个佩奇文,来个佩奇文,"['来个', '佩奇']",来个 佩奇,0,该评论仅提出“来个佩奇文”的请求，未包含明显的情感词汇或评价性内容，仅表达一种需求或建议，没有表现出积极或消极的情绪倾向，因此判断为中性。
97,第一次认识这个字还是因为沈从文的边城,第一次认识这个字还是因为沈从文的边城,"['第一次', '认识', '因为', '沈从文', '边城']",第一次 认识  沈从文 边城,0,该评论仅陈述了个人认知来源，提及沈从文作品《边城》作为初次了解某个字的契机，未表达明显褒贬或情绪倾向，属于中性叙述。
96,居然有京剧猫,居然有京剧猫,"['居然', '京剧']",居然 京剧,1,评论中“居然有”表达出惊喜和意外的积极情绪，结合“京剧猫”这一具体内容，整体传达了发现喜爱元素的愉悦感，情感倾向为正面。
99,动感光波biubiu~,动感光波biubiu,"['动感', '光波', 'biubiu']",动感 光波 biubiu,0,该评论仅使用了“动感光波biubiu”这一网络流行语或拟声词，未表达明确的情感立场或评价内容，缺乏积极或消极的情感指向，因此整体情感倾向为中性。
101,“我终于等到你了”99,我终于等到你了99,"['终于', '等到', '', '99']",终于 等到  ,1,评论中“终于等到你了”表达了强烈的期待和喜悦之情，数字“99”在网络语境中常象征长久或庆祝，整体传递出积极、兴奋的情感，属于正面评价。
103,我们也有傩戏！坐标安徽池州贵池,我们也有傩戏！坐标安徽池州贵池,"['傩戏', '坐标', '池州', '贵池']",傩戏 坐标 池州 贵池,1,该评论以自豪的语气介绍家乡文化，使用“我们也有”表达归属感和积极展示，整体情感倾向为正面，体现了对本土传统文化的认同与推广意愿。
100,安然的青春！,安然的青春！,"['安然', '青春']",安然 青春,1,"该评论使用了感叹号和""青春""这一充满怀念与美好联想的词汇，表达了对""安然""所代表的青春时光的肯定与赞美，整体情感积极向上。"
104,小鱼快快游,小鱼快快游,"['小鱼', '快快']",小鱼 快快,0,该评论仅包含“小鱼快快游”这一简短表述，没有明显的积极或消极情感词汇，也未表达任何具体观点或评价，无法判断其情感倾向，属于中性评论。
105,我要活下来,我要活下来,"['我要', '下来']",我要 下来,0,该评论仅表达了“我要活下来”的生存意愿或目标陈述，未使用明显积极或消极的词汇，也未涉及具体情境评价，因此情感倾向为中性。
108,极品苹果醋,极品苹果醋,"['极品', '苹果醋']",极品 苹果醋,0,该评论仅提及产品名称“极品苹果醋”，没有使用任何情感词汇或表达个人态度，属于客观陈述，无明显情感倾向。
102,谁懂没细看本来打算直接刮走的，一句“强梁既出，罔有不韪”，梁月直接给我硬控住了,谁懂没细看本来打算直接刮走的，一句强梁既出，罔有不韪，梁月直接给我硬控住了,"['细看', '本来', '打算', '直接', '刮走', '一句', '强梁', '既出', '不韪', '梁月', '直接', '控住']",细看 本来 打算 直接 刮走 一句 强梁 既出 不韪 梁月 直接 控住,1,评论中“硬控住了”表达强烈的吸引和惊喜感，通过引用“强梁既出，罔有不韪”展现对内容的赞赏，整体传递出意外被内容打动的积极情绪。
106,旁边是雷电将军,旁边是雷电将军,"['', '旁边', '雷电', '将军']", 旁边 雷电 将军,0,该评论仅陈述了“旁边是雷电将军”这一事实，没有使用任何表达情感倾向的词汇，也未体现明显的赞赏、批评或主观态度，因此属于中性描述。
107,欲预御（考公）,欲预御（考公）,"['预御', '考公']",预御 考公,0,该评论仅陈述了“欲预御（考公）”这一行为或状态，使用了谐音或网络用语表达准备考公务员的意思，没有明显的积极或消极情感词汇，属于中性陈述。
113,姐子哥刚拍这个！！超级牛！！！一看到傩戏就想到了,姐子哥刚拍这个！！超级牛！！！一看到傩戏就想到了,"['姐子', '哥刚', '超级', '看到', '傩戏', '想到']",姐子 哥刚 超级 看到 傩戏 ,1,评论中使用了“超级牛”等强烈赞美词汇，并搭配多个感叹号表达兴奋情绪，整体表达了对拍摄内容的高度认可和喜爱，情感倾向明显为正面。
109,好了 我又要上线去看一眼我美丽的曲娘了,好了 我又要上线去看一眼我美丽的曲娘了,"['好', '上线', '一眼', '美丽', '曲娘']",好 上线 一眼 美丽 曲娘,1,"评论中使用了""美丽""这一积极词汇，并表达了""又要上线去看一眼""的主动意愿，体现出对角色""曲娘""的喜爱和期待，整体情感倾向为正面。"
111,老师想知道背景音乐是什么！,老师想知道背景音乐是什么！,['背景音乐'],背景音乐,0,该评论仅表达了询问背景音乐名称的意图，没有使用明显的情感词汇，也没有表达对内容的喜爱或批评，属于中性信息询问。
110,玩某二字游戏的早就知道靖妖傩舞了,玩某二字游戏的早就知道靖妖傩舞了,"['某二字', '游戏', '早就', '傩舞']",某二字 游戏 早就 傩舞,0,该评论仅陈述了玩某游戏的人早已知晓“靖妖傩舞”这一信息，没有表达明显的喜爱、厌恶或评价性情绪，属于事实性陈述，因此情感倾向为中性。
112,咱暖的傩戏,咱暖的傩戏,"['咱暖', '傩戏']",咱暖 傩戏,0,该评论仅提及“咱暖的傩戏”，是对内容的客观描述或简单提及，未使用明显的情感词汇，也没有表达出明确的喜爱、批评或期待等情绪，因此整体情感倾向为中性。
119,往页之所以珍贵,往页之所以珍贵,"['往页', '之所以', '珍贵']",往页 之 珍贵,1,"评论中使用了""珍贵""这一积极词汇，表达了对往页的重视和珍视，整体情感倾向为正面。"
114,怎么长这么大才知道这个非遗,怎么长这么大才知道这个非遗,"['这么', '大才', '非遗']", 大才 非遗,1,评论表达了发现非遗文化时的惊喜与感慨，“怎么长这么大才知道”带有遗憾但更强调新知的喜悦，整体传递出对非遗的积极关注与欣赏。
117,傩戏的面具很关键,傩戏的面具很关键,"['傩戏', '面具', '关键']",傩戏 面具 关键,0,该评论仅陈述了“傩戏的面具很关键”这一事实，没有表达明显的喜爱、厌恶或评价性情绪，属于客观描述，因此情感倾向为中性。
115,哇~京剧猫！！,哇京剧猫！！,['京剧'],京剧,1,评论使用了感叹词“哇”和重复的感叹号，表达出强烈的惊喜和兴奋情绪，结合“京剧猫”这一具体内容，体现了对相关主题的喜爱和积极关注，整体情感倾向为正面。
120,谁懂吴邪出来的救赎感,谁懂吴邪出来的救赎感,"['吴邪', '出来', '救赎']",吴邪  救赎,1,评论中“救赎感”一词带有强烈的积极情感色彩，表达了角色出场带来的深刻情感触动和心灵慰藉，整体传递出喜爱与感动的正面情绪。
121,第一次知道傩是《边城诶》傩送,第一次知道傩是边城诶傩送,"['第一次', '边城']",第一次 边城,0,该评论仅陈述了“第一次知道傩是边城诶傩送”这一事实，没有表达明显的喜爱、批评或情绪倾向，属于中性表达。
118,谁懂看到第一个是9的兴奋,谁懂看到第一个是9的兴奋,"['看到', '第一个', '兴奋']",看到 第一个 兴奋,1,评论中“兴奋”一词直接表达了强烈的积极情绪，而“谁懂”这种寻求共鸣的表达方式进一步强化了喜悦和期待感，整体传达出发现喜爱内容（“第一个是9”）时的惊喜与快乐。
122,抹茶小面包.,抹茶小面包.,['小面包'],小面包,0,该评论仅提及“抹茶小面包”，是一个简单的物品名称或昵称，没有表达任何主观评价或情感色彩，属于中性陈述。
123,神秘下棋男子,神秘下棋男子,"['神秘', '下棋', '男子']",神秘 下棋 男子,0,该评论仅描述了一个角色特征“神秘下棋男子”，未使用明显的情感词汇或表达主观态度，既无赞赏也无批评，属于客观陈述，因此情感倾向为中性。
116,带9玩好人,带9玩好人,['好人'],好人,1,该评论使用了“带9玩好人”这一网络用语，其中“带9玩”通常表示邀请或包含某人参与活动，带有友好和接纳的意味；“好人”则直接表达了对对方的积极评价。整体语言简洁但充满善意，体现了对互动对象的认可和喜爱，情感倾向明显为正面。
127,嘟嘟哥和香香妹,嘟嘟哥和香香妹,"['嘟嘟', '香香']",嘟嘟 香香,0,该评论仅提及“嘟嘟哥和香香妹”两个名称，未包含任何情感倾向的词汇或评价性表达，属于客观陈述，因此情感倾向为中性。
131,我第一次知道傩戏是我不是戏神,我第一次知道傩戏是我不是戏神,"['第一次', '傩戏', '戏神']",第一次 傩戏 戏神,0,该评论仅陈述了个人认知的来源，没有表达明显的积极或消极情绪，属于客观事实陈述，情感倾向为中性。
128,嘻嘻哈哈幸运加倍,嘻嘻哈哈幸运加倍,"['嘻嘻哈哈', '幸运', '加倍']",嘻嘻哈哈 幸运 加倍,1,评论中使用了“嘻嘻哈哈”表达轻松愉快的情绪，“幸运加倍”则带有积极的祝福意味，整体传递出乐观和喜悦的情感倾向。
126,要是国漫的漫画2d能写这些人设出来包剧情好看的,要是国漫的漫画2d能写这些人设出来包剧情好看的,"['要是', '国漫', '漫画', '2d', '人设', '出来', '剧情', '好看']",要是 国漫 漫画 2d 人设  剧情 好看,1,该评论表达了国漫漫画在2D人设和剧情方面的期待与肯定，使用“包剧情好看”等积极表达，整体情感倾向为正面。
130,狐狸夏天.,狐狸夏天.,"['狐狸', '夏天']",狐狸 夏天,0,该评论仅包含一个简单的称呼或短语“狐狸夏天”，没有表达明确的情感倾向或评价性内容，无法判断正面或负面情绪，因此归类为中性。
124,那还说啥了，点了,那还说啥了，点了,[],点了,1,"该评论使用了""那还说啥了""这一口语化表达，通常表示对某事的强烈认同或赞赏，结合""点了""这一网络用语（表示赞同或支持），整体传达出积极肯定的态度，情感倾向为正面。"
132,我想看活的春山恨,我想看活的春山恨,"['我想', '看活', '春山恨']",我想 看活 春山恨,1,该评论表达了“想看活的春山恨”的愿望，其中“想看”和“活的”都带有积极的期待和兴趣，整体情感倾向为正面，体现了对内容的好奇与喜爱。
133,好好的素材,好好的素材,"['好好', '素材']",好好 素材,1,评论中“好好的”是明显的积极评价词汇，表达了对素材质量的认可和赞赏，整体情感倾向为正面。
129,人有难，方有傩，傩舞起，百难消,人有难，方有傩，傩舞起，百难消,"['人有', '方有', '傩舞', '百难消']",人有 方有 傩舞 百难消,1,该评论引用了传统文化中傩舞的寓意，通过“人有难，方有傩，傩舞起，百难消”的表述，传递了积极向上的精神内涵，表达了对消除困难、祈福安康的美好祝愿，整体情感倾向为正面。
125,盗墓笔记好不好,盗墓笔记好不好,"['盗墓', '笔记', '好不好']",盗墓 笔记 ,0,该评论仅询问“盗墓笔记好不好”，属于客观询问作品评价，未表达个人情感倾向或使用明显褒贬词汇，因此判断为中性。
134,心无役(女性安全！),心无役(女性安全！),"['心无役', '女性', '安全']",心无役 女性 安全,1,该评论强调“女性安全”，表达了对女性权益的关注和保护意识，具有积极的社会意义和关怀倾向，整体情感倾向为正面。
138,久久好不好？,久久好不好？,"['', '久久', '好不好']",  ,0,该评论仅询问“久久好不好”，没有表达明确的情感立场或使用带有倾向性的词汇，属于中性提问，无法判断正面或负面情感。
135,哇，主播的视频都好好看，都非常有意义,哇，主播的视频都好好看，都非常有意义,"['主播', '视频', '好好看', '非常', '意义']",主播 视频 好好看 非常 意义,1,评论中使用了“哇”这样的感叹词以及“好好看”、“非常有意义”等积极评价词汇，表达了对主播视频内容的高度赞赏和喜爱，整体情感倾向明显为正面。
137,好美，愿非遗会与我们的未来深深绑在一起,好美，愿非遗会与我们的未来深深绑在一起,"['好美', '非遗', '未来', '深深', '一起']",好美 非遗 未来 深深 一起,1,评论中使用了“好美”这一积极词汇表达赞美，同时“愿非遗与我们的未来深深绑在一起”体现了对非遗文化传承的深切期待和美好祝愿，整体情感积极向上。
136,吴邪！！！！！！！！！！,吴邪！！！！！！！！！！,['吴邪'],吴邪,1,评论通过重复感叹号和直接呼喊角色名“吴邪”，表现出强烈的兴奋、喜爱或激动情绪，属于对角色或内容的热情表达，整体情感倾向为正面。
142,竟然带京剧猫玩了。太好了，终于有人带京剧猫玩了。,竟然带京剧猫玩了。太好了，终于有人带京剧猫玩了。,"['竟然', '京剧', '太好了', '终于', '有人', '京剧']", 京剧 太好了 终于 有人 京剧,1,评论中使用了“太好了”、“终于”等积极词汇，表达了对京剧猫被关注的喜悦和期待，整体情感倾向为正面。
139,啊，好漂亮好漂亮姐姐,啊，好漂亮好漂亮姐姐,"['好', '漂亮', '好', '漂亮', '姐姐']",好 漂亮 好 漂亮 姐姐,1,该评论中重复使用“好漂亮”这一积极形容词，并亲切称呼“姐姐”，表达了对对象的强烈喜爱和赞美之情，整体情感倾向明显为正面。
141,白兰地的自习,白兰地的自习,"['白兰地', '自习']",白兰地 自习,0,该评论仅提及“白兰地的自习”这一具体行为或场景描述，未使用任何情感倾向明显的词汇，也未表达个人态度或评价，属于客观陈述性质，因此情感倾向为中性。
145,我靠有我们以闪啊啊,我靠有我们以闪啊啊,['以闪'],以闪,1,"评论中使用了""我靠""这一感叹词表达惊喜，""有我们以闪""体现了对联动内容的兴奋和认同，整体语气充满积极情绪，属于正面情感倾向。"
144,手抓饼（护妻狂魔）,手抓饼（护妻狂魔）,['护妻'],护妻,1,该评论使用“护妻狂魔”这一网络流行语，带有亲昵和赞赏的意味，表达了对角色或人物关系的喜爱和支持，整体情感倾向为正面。
140,我以为叫tan，学会新知识了,我以为叫tan，学会新知识了,"['', '以为', 'tan', '学会', '知识']", 以为 tan 学会 知识,0,该评论表达了用户从中学到新知识的认知过程，使用“我以为”和“学会新知识了”等中性表述，没有明显的积极或消极情绪，更多是陈述事实和自我纠正，因此情感倾向为中性。
143,雪球是只折耳猫（家有逆子）,雪球是只折耳猫（家有逆子）,"['雪球', '折耳猫', '家有', '逆子']",雪球 折耳猫 家有 逆子,0,该评论仅陈述了“雪球是只折耳猫”这一事实，并附加标签“家有逆子”，但未明确表达喜爱、厌恶或其他情感倾向，整体语气客观，属于中性描述。
147,这个可以买吗,这个可以买吗,['可以'],,0,该评论仅询问商品是否可购买，没有表达任何情感倾向或评价性词汇，属于客观询问，因此情感倾向为中性。
146,福福～福哇福哇～,福福福哇福哇,"['福福福', '福哇']",福福福 福哇,1,该评论使用了“福福福哇福哇”等重复的拟声词，通常表达喜悦、兴奋或祝福的情绪，类似于网络用语中的“哈哈哈”或“好耶”，整体情感倾向为正面。
151,这个我是真知道，大学选修课,这个我是真知道，大学选修课,"['大学', '选修课']",大学 选修课,0,该评论仅陈述了个人了解该信息的来源是大学选修课，没有表达任何积极或消极的情绪，属于客观事实陈述，情感倾向为中性。
150,彳亍呗。(狗大王版),彳亍呗。(狗大王版),"['彳亍', '大王']",彳亍 ,0,该评论仅使用网络用语“彳亍”（意为“行”）和括号标注“狗大王版”，表达一种随意的附和或调侃，没有明显的积极或消极情感倾向，整体属于中性表达。
153,有人知道舞狮子，舞龙灯的吗？,有人知道舞狮子，舞龙灯的吗？,"['有人', '狮子', '龙灯']",有人 狮子 龙灯,0,该评论以询问形式表达对传统文化活动的兴趣，未使用明显情感词汇，仅表达信息获取意图，无褒贬倾向，属于中性情感表达。
149,啊啊啊啊啊啊啊啊带京剧猫玩,啊啊啊啊啊啊啊啊带京剧猫玩,"['啊啊啊', '啊啊啊', '京剧']",  京剧,1,评论中使用了多个“啊”表达兴奋和激动的情感，结合“带京剧猫玩”的表述，体现出对联动内容的强烈喜爱和期待，整体情感倾向为正面。
148,我不是戏神，里面就讲到了,我不是戏神，里面就讲到了,"['戏神', '里面']",戏神 里面,0,该评论仅陈述了“我不是戏神”这一信息，没有表达明显的情感倾向或评价性词汇，属于客观陈述，因此判断为中性情感。
154,带上面具的那一刻 他就是神,带上面具的那一刻 他就是神,"['带上', '面具', '那一刻']",带上 面具 那一刻,1,"评论中使用了""神""这一高度赞扬的词汇，表达了对角色或行为的极度认可和崇拜，带有明显的积极情感倾向，整体情感为正面。"
152,回来发现姐姐突然火了，直接就疑惑怎么高质量的博主怎么不火，现在火了真的很欣慰,回来发现姐姐突然火了，直接就疑惑怎么高质量的博主怎么不火，现在火了真的很欣慰,"['回来', '发现', '姐姐', '突然', '直接', '', '疑惑', '高质量', '博主', '不火', '真的', '欣慰']",回来 发现 姐姐 突然 直接  疑惑 高质量 博主 不火  欣慰,1,评论中使用了“高质量”“很欣慰”等积极词汇，表达了对博主终于获得关注的喜悦和认可，整体情感倾向为正面。
159,嗯对大概就是,嗯对大概就是,['大概'],大概,0,该评论仅以“嗯对大概就是”作为回应，内容模糊且缺乏具体情感指向，没有表达明显的积极或消极态度，属于中性陈述。
157,好吧压根没人在意谁偷啊,好吧压根没人在意谁偷啊,"['好', '压根', '在意']",好 压根 在意,-1,该评论使用了“压根没人在意”这一带有失望和讽刺意味的表达，暗示了对某种行为或现象被忽视的不满和批评，整体情感倾向为负面。
158,通过道诡异仙听说的傩戏,通过道诡异仙听说的傩戏,"['通过', '诡异', '听说', '傩戏']",通过 诡异 听说 傩戏,0,该评论仅陈述了通过《道诡异仙》了解到傩戏这一事实，没有表达对内容或作品的喜爱、批评等主观情感，属于中性陈述。
155,9p来支持了,9p来支持了,"['9p', '支持']",9p 支持,1,该评论表达了“9p来支持了”的积极态度，使用“支持”这一明确表示赞同和鼓励的词汇，表明评论者对相关对象或活动持有肯定和拥护的情感，整体情感倾向为正面。
156,认识一半的网瘾不是一般大,认识一半的网瘾不是一般大,"['认识', '一半', '网瘾', '一般']",认识 一半 网瘾 一般,-1,该评论使用了“网瘾不是一般大”这一带有负面评价的表述，暗示对某人或某种现象（如过度沉迷网络）的批评或担忧，整体语气带有不满和贬义色彩，因此情感倾向为负面。
160,只生欢喜不生愁,只生欢喜不生愁,"['只生', '欢喜', '不生愁']",只生 欢喜 不生愁,1,该评论引用了“只生欢喜不生愁”这一充满诗意和哲理的表达，传递出积极乐观的生活态度，强调追求快乐、远离忧愁的正面情绪，整体情感倾向为正面。
161,星期日来和我卓艾,星期日来和我卓艾,"['星期日', '卓艾']",星期日 卓艾,0,该评论仅提及“星期日来和我卓艾”，内容较为简短且未使用明显的情感词汇，难以判断具体情感倾向。可能为日常互动或特定语境下的表达，缺乏足够的情感线索，因此归类为中性。
164,来个五花米线,来个五花米线,"['来个', '五花', '米线']",来个 五花 米线,0,该评论仅表达了对食物的需求或建议，没有使用明显的情感词汇，也没有表达出喜爱、厌恶或其他情绪倾向，属于中性陈述。
162,快点加强我们打打电话,快点加强我们打打电话,"['快点', '加强', '打电话']",快点 加强 打电话,1,评论中的“快点加强”表达了玩家对游戏内容更新的期待和积极诉求，语气带有催促但整体是希望游戏变得更好的正面态度，没有负面情绪。
163,小说应该是一次元吧（别骂我,小说应该是一次元吧（别骂我,"['小说', '应该', '一次', '别骂']",小说 应该 一次 别骂,0,该评论以探讨性语气提出对小说分类的看法，并附带“别骂我”的缓和表达，整体没有明显的积极或消极情绪，属于中性陈述。
167,爷爷太厉害,爷爷太厉害,"['爷爷', '厉害']", 厉害,1,评论中“太厉害”是明显的积极评价词汇，表达了对“爷爷”的强烈赞赏和钦佩之情，整体情感倾向为正面。
165,最意难平的是一中医被偷走了,最意难平的是一中医被偷走了,"['最意', '难平', '中医', '偷走']",最意 难平 中医 偷走,-1,评论中“意难平”表达了强烈的遗憾和不甘情绪，“被偷走了”带有明显的负面评价，暗示对中医文化流失的不满和惋惜，整体情感倾向为负面。
166,真的喜欢之前还拍了,真的喜欢之前还拍了,"['真的', '喜欢', '之前']", 喜欢 之前,-1,该评论通过“真的喜欢之前还拍了”的表述，暗含对先前行为与当前宣称“喜欢”之间不一致的质疑或讽刺，带有怀疑和不满的负面情绪。
169,韩国人：这就是我们的,韩国人：这就是我们的,['韩国'],韩国,-1,该评论以“韩国人：这就是我们的”开头，暗示了文化挪用或不当宣称的讽刺意味，带有明显的批判和不满情绪，整体情感倾向为负面。
171,幸福这条路，还要要走很久很久,幸福这条路，还要要走很久很久,"['幸福', '这条', '', '还要', '很久很久']",幸福 这条  还要 很久很久,1,评论中“幸福这条路”和“还要要走很久很久”表达了对未来的积极期待和坚定信念，整体传递出温暖、乐观的情感倾向。
168,傩戏，池州被喻为傩戏之乡，无傩不成村，虽然各地都不一样，但大都有这样奇奇怪怪的面具,傩戏，池州被喻为傩戏之乡，无傩不成村，虽然各地都不一样，但大都有这样奇奇怪怪的面具,"['傩戏', '池州', '喻为', '傩戏', '不成', '虽然', '各地', '一样', '大都', '这样', '奇奇怪怪', '面具']",傩戏 池州 喻为 傩戏 不成 虽然 各地 一样 大都 这样 奇奇怪怪 面具,0,该评论客观描述了傩戏在池州的普及情况和面具特征，使用了“奇奇怪怪”这一略带主观但无明显褒贬的词汇，整体以陈述事实为主，未表达明确的情感倾向。
170,活着就是为了看活着就是为了看活着就是为了看活着就是为了看活着就是为了看活着就是为了看活着就是为了看活着就是为了看活着就是为了看活着就是为了看活着就是为了看活着就是为了看活着就是为了看活着就是为了看活着就是为了看活着就是为了看活着就是为了看活着就是为了看活着就是为了看活着就是为了看活着就是为了看活着就是为了看活着就是为了看活着就是为了看活着就是为了看活着就是为了看活着就是为了看活着就是为了看活着就是为了看活着就是为了看活着就是为了看,活着就是为了看活着就是为了看活着就是为了看活着就是为了看活着就是为了看活着就是为了看活着就是为了看活着就是为了看活着就是为了看活着就是为了看活着就是为了看活着就是为了看活着就是为了看活着就是为了看活着就是为了看活着就是为了看活着就是为了看活着就是为了看活着就是为了看活着就是为了看活着就是为了看活着就是为了看活着就是为了看活着就是为了看活着就是为了看活着就是为了看活着就是为了看活着就是为了看活着就是为了看活着就是为了看活着就是为了看,"['活着', '为了', '看', '活着', '为了', '看', '活着', '为了', '看', '活着', '为了', '看', '活着', '为了', '看', '活着', '为了', '看', '活着', '为了', '看', '活着', '为了', '看', '活着', '为了', '看', '活着', '为了', '看', '活着', '为了', '看', '活着', '为了', '看', '活着', '为了', '看', '活着', '为了', '看', '活着', '为了', '看', '活着', '为了', '看', '活着', '为了', '看', '活着', '为了', '看', '活着', '为了', '看', '活着', '为了', '看', '活着', '为了', '看', '活着', '为了', '看', '活着', '为了', '看', '活着', '为了', '看', '活着', '为了', '看', '活着', '为了', '看', '活着', '为了', '看', '活着', '为了', '看', '活着', '为了', '看', '活着', '为了', '看', '活着', '为了', '看']",  看   看   看   看   看   看   看   看   看   看   看   看   看   看   看   看   看   看   看   看   看   看   看   看   看   看   看   看   看   看   看,0,该评论只是机械性地重复“活着就是为了看”这一短语，没有表达具体的观点或情绪，无法判断其情感倾向，属于中性评论。
173,老师是不是有我家陈宴,老师是不是有我家陈宴,"['是不是', '我家', '陈宴']", 我家 陈宴,1,评论中“我家陈宴”带有亲切和喜爱的表达，暗示对角色或人物的积极情感，整体语气充满期待和好感，属于正面倾向。
172,"雨打荷叶,林又迟","雨打荷叶,林又迟",['荷叶'],荷叶,0,该评论仅描述了自然景象和人物名称，没有表达明确的情感态度或价值判断，属于客观陈述，因此情感倾向为中性。
176,居然有第五人格跟1999,居然有第五人格跟1999,"['居然', '第五', '人格', '1999']",居然 第五 人格 19,1,该评论表达了发现《第五人格》与《1999》联动的惊喜之情，“居然有”一词带有意外和欣喜的意味，整体上是对联动消息的积极反应，情感倾向为正面。
174,小狗流下眼泪（噗哩）,小狗流下眼泪（噗哩）,"['小狗', '流下', '眼泪', '噗哩']",小狗 流下 眼泪 噗哩,0,该评论描述了“小狗流下眼泪”这一场景，并附加了拟声词“噗哩”，整体表达较为客观，没有明显的积极或消极情感倾向，属于中性描述。
175,棒子不知道，知道了该偷偷,棒子不知道，知道了该偷偷,"['棒子', '偷偷']", 偷偷,-1,评论中“棒子”是对韩国人的贬称，带有歧视和侮辱意味；“偷偷”一词暗示了不光彩的行为，整体表达了对韩国人的负面看法和不满情绪，情感倾向明显为负面。
177,这是我们莆田的傩舞——皂隶舞,这是我们莆田的傩舞皂隶舞,"['这是', '莆田', '傩舞', '皂隶']",这是 莆田 傩舞 皂隶,0,该评论仅陈述了“莆田的傩舞皂隶舞”这一文化事实，未使用明显的情感词汇或表达个人态度，属于客观描述，情感倾向为中性。
179,我在小说里听过傩戏和傩舞,我在小说里听过傩戏和傩舞,"['小说', '傩戏', '傩舞']",小说 傩戏 傩舞,0,该评论仅陈述了在小说中听说过傩戏和傩舞的事实，没有表达出明显的喜爱、厌恶或评价性情绪，属于客观陈述，因此情感倾向为中性。
180,超爱芙宁娜,超爱芙宁娜,"['超爱', '芙宁娜']",超爱 芙宁娜,1,评论中“超爱”一词表达了强烈的情感倾向，直接表达了对芙宁娜的喜爱和热情，整体情感积极明确。
181,想到了纸不语,想到了纸不语,"['想到', '不语']", 不语,0,该评论仅提及联想到其他作品“纸不语”，未表达明确的情感态度或评价，属于中性陈述，没有明显的情感倾向。
178,我们还是太小看棒子了，真的是防不胜防,我们还是太小看棒子了，真的是防不胜防,"['太小', '棒子', '真的', '防不胜防']",太小   防不胜防,-1,评论中“太小看棒子了”和“防不胜防”带有明显的贬义和不满情绪，表达了对某方行为或结果的意外与负面评价，整体情感倾向为负面。
182,第一次知道傩戏还是因为陈伶跟着沈学傩戏，不过我读的tan，看了这位老师的作品才知道读nuo,第一次知道傩戏还是因为陈伶跟着沈学傩戏，不过我读的tan，看了这位老师的作品才知道读nuo,"['第一次', '傩戏', '因为', '陈伶', '跟着', '沈学', '傩戏', '不过', '', 'tan', '这位', '作品', 'nuo']",第一次 傩戏  陈伶 跟着 沈学 傩戏 不过  tan 这位 作品 nuo,0,该评论主要陈述了个人学习经历和知识纠正的过程，使用“才知道”等中性表达，没有明显的情感倾向，属于客观陈述性质的中性评论。
184,难怪以前人喜欢看戏，确实好看啊,难怪以前人喜欢看戏，确实好看啊,"['难怪', '以前', '喜欢', '确实', '好看']",难怪 以前 喜欢 确实 好看,1,评论中使用了“喜欢”、“好看”等积极词汇，表达了对看戏内容的赞赏和喜爱，整体情感倾向明显为正面。
183,石锅鱼真好吃,石锅鱼真好吃,"['石锅', '好吃']",石锅 好吃,1,该评论直接表达了对石锅鱼的喜爱，使用“真好吃”这一明确且积极的评价词汇，传递出满足和愉悦的情绪，整体情感倾向为正面。
185,很奇怪的妆容，我不了解傩戏，但是我见过太多网红妆容了，感觉结合在一块了,很奇怪的妆容，我不了解傩戏，但是我见过太多网红妆容了，感觉结合在一块了,"['奇怪', '妆容', '了解', '傩戏', '但是', '我见', '太多网', '红妆', '结合', '一块']",奇怪 妆容 了解 傩戏 但是 我见 太多网 红妆 结合 一块,-1,"评论中使用了""很奇怪""的负面评价，并暗示妆容与网红风格结合可能缺乏独特性，表达了对妆容设计的不满和困惑，整体情感倾向为负面。"
186,求求了，想要这个,求求了，想要这个,"['求求', '想要']",求求 想要,1,评论中使用了“求求了”表达恳切请求，“想要这个”直接表达了强烈的渴望和喜爱，整体语气积极且充满期待，属于正面情感倾向。
188,刚好打开笔记的第一页，看到了我最爱的你们！,刚好打开笔记的第一页，看到了我最爱的你们！,"['刚好', '打开', '笔记', '第一页', '看到']",刚好 打开 笔记 第一页 看到,1,评论中使用了“最爱”这一强烈的情感表达词汇，直接传递出对对象的深厚喜爱和积极情感，整体语气充满热情和喜悦，明显属于正面评价。
187,修远下小雨、,修远下小雨、,"['修远', '小雨']",修远 小雨,0,"该评论仅描述了""修远下小雨""这一场景或状态，没有使用明显的情感词汇或表达个人态度，属于客观陈述，因此情感倾向为中性。"
194,陈景深喜欢山，还是喜欢海,陈景深喜欢山，还是喜欢海,"['景深', '喜欢', '喜欢']",景深 喜欢 喜欢,0,该评论仅提出一个关于角色喜好的疑问，未表达明确的情感倾向或评价，属于中性询问。
192,非遗文化的说法是对的吗？有没有专业人士解答一下，我们老师说非遗的说法才是对的，没有非遗文化的说法，他说这是基础。,非遗文化的说法是对的吗？有没有专业人士解答一下，我们老师说非遗的说法才是对的，没有非遗文化的说法，他说这是基础。,"['非遗', '文化', '说法', '有没有', '专业人士', '解答', '一下', '非遗', '说法', '非遗', '文化', '说法', '基础']",非遗 文化  有没有 专业人士 解答  非遗  非遗 文化  基础,0,该评论以提问和转述老师观点为主，旨在寻求专业解答和澄清概念，没有表达个人情感或立场，属于中性信息咨询。
189,一想到梁月过年狂想就高兴,一想到梁月过年狂想就高兴,"['想到', '梁月', '过年', '狂想', '高兴']", 梁月 过年 狂想 高兴,1,评论中使用了“高兴”这一明确表达积极情绪的词汇，直接表达了用户对“梁月过年狂想”这一内容或事件的喜爱和期待，整体情感倾向非常积极正面。
190,想起了魈带的面具,想起了魈带的面具,"['想起', '面具']",想起 面具,0,该评论仅提及联想到了角色“魈”的面具，属于客观联想陈述，未表达明显的积极或消极情绪，也没有评价性词汇，因此情感倾向为中性。
193,是不是围城里边就写了有傩戏,是不是围城里边就写了有傩戏,"['是不是', '围城', '里边', '傩戏']", 围城 里边 傩戏,0,该评论仅询问《围城》中是否提及傩戏，属于事实性询问，未表达明显的情感倾向或主观评价，因此情感倾向为中性。
191,全是熟人哇塞哇塞,全是熟人哇塞哇塞,"['全是', '熟人', '哇塞', '哇塞']",全是 熟人 哇塞 哇塞,1,评论中使用了“哇塞”这一表示惊喜和赞叹的网络用语，重复使用增强了兴奋感。“全是熟人”表达了亲切和熟悉感，整体传递出看到熟悉人物时的喜悦和积极情绪。
200,用户5534798754506,用户5534798754506,"['用户', '5534798754506']",用户 5534798754506,0,该评论仅包含用户ID，没有表达任何具体观点或情感色彩，无法判断其情感倾向，因此归类为中性。
195,第一眼王妈,第一眼王妈,"['第一眼', '王妈']",第一眼 王妈,0,该评论仅提及“第一眼王妈”，未使用明显的情感词汇，也未表达明确的喜好或批评。内容简短且缺乏上下文，无法判断具体情感倾向，因此归类为中性。
199,刻纸发扬光大好不好,刻纸发扬光大好不好,"['刻纸', '发扬光大', '好不好']",刻纸 发扬光大 ,1,评论中“发扬光大”是典型的积极词汇，表达了对刻纸文化发展的强烈支持和期待，整体情感倾向为正面。
197,十月无晴天,十月无晴天,"['十月', '晴天']",十月 晴天,0,该评论仅陈述了“十月无晴天”这一天气现象，没有使用任何带有情感色彩的词汇，也没有表达个人观点或态度，属于客观描述，因此情感倾向为中性。
196,啊梁月也是呀,啊梁月也是呀,['梁月'],梁月,0,该评论仅陈述了“梁月也是”这一事实，没有使用明显的情感词汇或表达个人态度，缺乏情感倾向性，属于中性陈述。
198,爷爷！可不可以出白兰地啊,爷爷！可不可以出白兰地啊,"['爷爷', '可不可以', '白兰地']", 可不 白兰地,1,评论以亲切的称呼“爷爷”开头，语气活泼可爱，表达了用户对特定角色（白兰地）的喜爱和期待。整体用词带有请求和期盼的积极情绪，没有负面或中性的疏离感，因此情感倾向为正面。
201,开门，对家,开门，对家,"['开门', '对家']",开门 对家,0,该评论仅以“开门，对家”的简短形式表达，是一种常见于网络互动中的调侃或呼唤用语，本身不包含明确的褒贬情感色彩，也未涉及具体评价内容，因此整体情感倾向为中性。
203,我是懒大王,我是懒大王,['大王'],,0,该评论仅陈述了“我是懒大王”这一自我描述，没有表达对任何事物的评价或情感态度，属于中性陈述，无明显情感倾向。
205,全是我看的,全是我看的,['全是'],全是,1,该评论表达了“全是我看的”这一肯定性陈述，暗示内容符合个人兴趣或期待，带有满足和认同的积极情绪，整体情感倾向为正面。
202,皮蛋替我架枪,皮蛋替我架枪,['皮蛋'],皮蛋,0,该评论仅陈述了“皮蛋替我架枪”这一游戏行为，没有使用明显的情感词汇，也没有表达对内容的评价或态度，属于客观描述，因此情感倾向为中性。
207,捡到一只猫宁,捡到一只猫宁,"['一只', '猫宁']",一只 猫宁,0,该评论仅陈述“捡到一只猫宁”这一事实，没有使用明显的情感词汇，也没有表达出喜爱、厌恶或其他情绪倾向，属于客观描述性质的中性表达。
206,我老家就是傩戏发源地,我老家就是傩戏发源地,"['老家', '傩戏', '发源地']",老家 傩戏 发源地,0,该评论仅陈述了个人家乡与傩戏发源地的事实关联，未表达明显的情感倾向或价值判断，属于中性陈述。
204,这才是尊重非遗嘛 我真的不理解某些拿非遗开玩笑还说成是宣传的,这才是尊重非遗嘛 我真的不理解某些拿非遗开玩笑还说成是宣传的,"['这才', '尊重', '非遗', '真的', '理解', '某些', '非遗', '开玩笑', '宣传']",这才 尊重 非遗  理解 某些 非遗 开玩笑 宣传,1,评论通过“这才是尊重非遗嘛”表达了对尊重非遗行为的肯定和赞赏，同时批评了拿非遗开玩笑的行为，整体态度明确且积极，体现了对非遗保护的正面支持。
208,楠悦.音然,楠悦.音然,"['楠悦', '音然']",楠悦 音然,0,该评论仅提及用户名称“楠悦.音然”，未包含任何评价性词汇或情感表达，无法判断其情感倾向，因此属于中性评论。
211,想吃煎饼果子,想吃煎饼果子,['煎饼果子'],煎饼果子,0,该评论仅表达了想吃煎饼果子的个人愿望，没有涉及情感评价或情绪表达，属于中性陈述。
209,彻狸子（Sylus）,彻狸子（Sylus）,"['狸子', 'Sylus']",狸子 Sylus,0,该评论仅提及角色名称“彻狸子（Sylus）”，未表达任何主观评价或情绪倾向，属于客观陈述，因此情感倾向为中性。
213,拍金缮可以吗,拍金缮可以吗,"['拍金缮', '可以']",拍金缮 ,0,该评论仅询问“拍金缮可以吗”，是一种中性的询问或建议，没有表达明显的情感倾向，既无积极词汇也无负面情绪，属于中性表达。
210,非主流闪亮登场,非主流闪亮登场,"['非主流', '闪亮', '登场']",非主流 闪亮 登场,0,该评论仅描述“非主流闪亮登场”这一现象或行为，未使用明显的情感词汇，也未表达明确的褒贬态度。其语气偏向陈述，缺乏情感倾向性，因此判断为中性。
212,我要两颗西柚,我要两颗西柚,"['我要', '两颗', '西柚']",我要 两颗 西柚,0,该评论仅提及“我要两颗西柚”，字面意思为个人需求或愿望，未包含明显积极或消极的情感词汇，也未表达对特定事物的评价或情绪倾向，因此整体情感倾向为中性。
214,遇见美宜佳,遇见美宜佳,"['遇见', '美宜佳']",遇见 美宜佳,0,该评论仅提及“遇见美宜佳”，属于简单的陈述或提及，未使用明显的情感词汇或表达个人态度，没有传达出积极或消极的情绪，因此判断为中性。
215,所以还不快加强打打电话,所以还不快加强打打电话,"['所以', '不快', '加强', '打电话']", 不快 加强 打电话,-1,评论中“还不快加强”带有催促和不满的语气，暗示对当前状况的不满意，整体表达了对加强措施的急切需求和负面情绪。
216,怎么全都认识,怎么全都认识,"['全都', '认识']",全都 认识,0,该评论仅表达了对“全都认识”这一现象的简单陈述或疑问，没有使用明显的积极或消极词汇，也未体现出强烈的情感倾向，因此属于中性评论。
219,哇哇好美呀,哇哇好美呀,"['哇哇', '好美']",哇哇 好美,1,评论中使用了“哇哇”这样的感叹词和“好美呀”的赞美表达，直接传递出强烈的欣赏和喜爱之情，整体情感倾向明显为正面。
218,老师，可以刻这个吗？（本人是文游妹，想尝试一下）,老师，可以刻这个吗？（本人是文游妹，想尝试一下）,"['可以', '本人', '文游妹', '尝试', '一下']", 本人 文游妹 尝试 ,0,该评论以询问形式表达个人兴趣和尝试意愿，使用了礼貌用语“老师，可以刻这个吗？”，整体语气平和，没有明显的积极或消极情感倾向，属于中性表达。
221,神威的主人,神威的主人,"['神威', '主人']",神威 主人,0,该评论仅提及“神威的主人”，未包含任何情感色彩或评价性词汇，仅作为事实陈述或角色指代，没有表达出明显的正面或负面情绪，因此判断为中性。
222,梁月你只管美好了,梁月你只管美好了,"['梁月', '只管', '美好']",梁月 只管 美好,1,评论中“只管美好”表达了对梁月的赞美和祝福，带有明显的积极情感倾向，体现了对人物的喜爱和支持。
223,劳资在刷到可颂今年赚 500 万,劳资在刷到可颂今年赚 500 万,"['劳资', '可颂', '今年', '500']",劳资 可颂 今年 500,0,该评论仅陈述了“刷到可颂今年赚500万”这一事实，没有使用明显的情感词汇或表达个人态度，属于客观信息传递，因此情感倾向为中性。
217,杨丽萍团队的平潭映象话剧，傩戏,杨丽萍团队的平潭映象话剧，傩戏,"['杨丽萍', '团队', '平潭', '映象', '话剧', '傩戏']",杨丽萍 团队 平潭 映象 话剧 傩戏,0,该评论仅客观陈述了杨丽萍团队的话剧名称和其中包含的傩戏元素，没有使用任何表达情感倾向的词汇，也没有表现出明显的喜好或批评态度，因此属于中性评论。
220,江西从来没见过,江西从来没见过,"['从来', '没见']",从来 没见,0,该评论仅陈述了“江西从来没见过”这一事实，没有表达明显的喜爱、厌恶或情绪倾向，属于客观描述，因此情感倾向为中性。
226,守护我方小贝,守护我方小贝,"['守护', '我方', '小贝']",守护 我方 小贝,1,评论中“守护”一词表达了强烈的保护和支持意愿，体现了对小贝的喜爱和珍视，整体情感积极且充满关怀。
225,手抓饼大王Z,手抓饼大王Z,['大王'],,0,该评论仅提及一个用户ID“手抓饼大王Z”，没有表达任何观点或情感倾向，属于中性陈述。
224,绿生活—大盛老师,绿生活大盛老师,"['生活', '大盛']",生活 大盛,0,该评论仅提及“绿生活大盛老师”，未包含任何表达情感倾向的词汇或评价性内容，仅作为客观陈述或提及，因此情感倾向为中性。
231,这让我想到了一款游戏,这让我想到了一款游戏,"['想到', '一款', '游戏']", 一款 游戏,0,该评论仅提及联想到另一款游戏，没有表达明确的情感倾向或评价，属于中性陈述。
227,不喜欢香菜喜欢菠菜,不喜欢香菜喜欢菠菜,"['喜欢', '香菜', '喜欢', '菠菜']",喜欢 香菜 喜欢 菠菜,0,该评论仅陈述个人对香菜和菠菜的偏好差异，没有表达强烈的情感色彩或价值判断，属于客观陈述个人口味，整体情感倾向为中性。
229,原来是因为有难，所以才叫傩吗,原来是因为有难，所以才叫傩吗,"['原来', '是因为', '有难', '所以']",原来 是 有难 ,0,该评论是对词语“傩”的起源进行推测和询问，表达了一种好奇和探究的态度，没有使用明显的积极或消极词汇，也没有表现出强烈的情感倾向，属于中性评论。
228,喜欢18岁处男帅哥,喜欢18岁处男帅哥,"['喜欢', '18', '帅哥']",喜欢 18 帅哥,1,该评论使用了“喜欢”这一明确表达偏好的积极词汇，并搭配“18岁处男帅哥”这一带有赞赏和吸引力的描述，整体表达了欣赏和愉悦的情感，倾向为正面。
230,酱子贝怎么了？发生啥事了,酱子贝怎么了？发生啥事了,"['酱子贝', '发生', '啥事']",酱子贝 发生 啥事,0,该评论仅询问“酱子贝怎么了？发生啥事了”，是一种对事件或情况的单纯询问，没有表达出明显的正面或负面情绪，也没有使用带有情感倾向的词汇，因此整体情感倾向为中性。
232,玲の纯爱恋曲,玲纯爱恋曲,"['纯爱', '恋曲']",纯爱 恋曲,0,该评论仅提及作品名称“玲纯爱恋曲”，未包含任何表达个人情感或评价的词汇，无法推断其情感倾向，因此属于中性陈述。
236,TJH游戏解说,TJH游戏解说,"['TJH', '游戏', '解说']",TJH 游戏 解说,0,该评论仅提及“TJH游戏解说”，没有表达任何主观评价或情感色彩，属于客观陈述，因此情感倾向为中性。
233,闪得太快了，没看清,闪得太快了，没看清,"['闪得', '太快', '看清']",闪得 太快 看清,0,该评论仅客观陈述了观看体验中“闪得太快，没看清”这一事实，没有使用明显的积极或消极情感词汇，也未表达出强烈的喜爱、失望或批评情绪，因此整体情感倾向为中性。
235,为啥不火呀？我操,为啥不火呀？我操,"['为啥', '不火', '我操']",为啥 不火 我操,-1,评论中“我操”是粗俗用语，表达强烈的不满和困惑情绪，整体语气带有明显的负面倾向。
234,好聪明！更有效的让年轻人了解非遗了,好聪明！更有效的让年轻人了解非遗了,"['好', '聪明', '有效', '年轻人', '了解', '非遗']",好 聪明 有效 年轻人 了解 非遗,1,评论中使用了“好聪明”这一积极评价词汇，并肯定了“让年轻人了解非遗”这一行为的有效性，表达了对相关举措的赞赏和认可，整体情感倾向明显为正面。
238,78岁带病大战男模到天亮,78岁带病大战男模到天亮,"['78', '带病', '大战', '男模', '天亮']",78 带病 大战 男模 天亮,-1,该评论以夸张的语句描述高龄带病状态下进行高强度活动，隐含对身体透支的讽刺或担忧，用词带有戏谑性负面暗示，整体传递出不赞同或批判的情感倾向。
237,永远幸福99,永远幸福99,"['永远', '幸福', '99']",永远 幸福 ,1,评论中“永远幸福99”是网络祝福用语，“99”谐音“久久”，表达长久幸福的祝愿。这种祝福性语言带有明确的积极情感，体现了对他人幸福的美好期许，整体情感倾向为正面。
239,谢谢爷爷，还有，99,谢谢爷爷，还有，99,"['谢谢', '爷爷', '', '99']",谢谢   ,1,评论中“谢谢爷爷”表达了感激之情，“99”是网络用语表示“久久”，常用于祝福长久美好，整体传递出感谢与祝福的积极情感。
240,偷不走是真的，但是我也希望能传下去,偷不走是真的，但是我也希望能传下去,"['真的', '但是', '希望', '传下去']", 但是 希望 传下去,1,评论前半句“偷不走是真的”表达了坚定的认同，后半句“希望能传下去”则体现了对传承的积极愿望和期许，整体传递出珍视与支持的情感倾向。
241,宇宙无敌霹雳美少女,宇宙无敌霹雳美少女,"['宇宙', '无敌', '霹雳', '美少女']",宇宙 无敌 霹雳 美少女,1,该评论使用了“宇宙无敌霹雳美少女”这一夸张且充满活力的赞美性称呼，带有强烈的积极和赞美色彩，表达了高度的欣赏和喜爱之情，整体情感倾向为正面。
242,我甚至都没听过,我甚至都没听过,['甚至'],甚至,0,"该评论仅陈述了""我甚至都没听过""这一事实，没有使用明显的情感词汇，也未表达出积极或消极的态度，属于客观陈述，因此情感倾向为中性。"
243,无敌赤石大王,无敌赤石大王,"['无敌', '赤石', '大王']",无敌 赤石 ,-1,该评论中“赤石”是网络用语中“吃屎”的谐音，带有明显的贬义和讽刺意味。“无敌赤石大王”整体表达了对某人或某事极度不满和嘲讽的态度，情感倾向为负面。
245,云归洛山暮,云归洛山暮,['云归洛山'],云归洛山,0,"该评论""云归洛山暮""是一句意境描写，没有表达明确的情感倾向或价值判断，属于描述性语句，缺乏情感色彩。"
246,在《大理寺日志》里知道傩戏的！真的很精彩很好看,在大理寺日志里知道傩戏的！真的很精彩很好看,"['大理寺', '日志', '傩戏', '真的', '精彩', '好看']",大理寺 日志 傩戏  精彩 好看,1,评论中使用了“真的很精彩很好看”等积极词汇，表达了对《大理寺日志》中傩戏内容的强烈赞赏和喜爱，整体情感倾向明显为正面。
249,澈一（阿卡贝拉第二声部）,澈一（阿卡贝拉第二声部）,"['阿卡', '贝拉', '第二', '声部']",阿卡 贝拉 第二 声部,0,该评论仅提及角色名称及声部信息，未表达任何情感色彩或主观评价，属于客观陈述，因此情感倾向为中性。
244,黄昏社编外杂鱼，来围观了,黄昏社编外杂鱼，来围观了,"['黄昏', '编外', '杂鱼', '围观']",黄昏 编外 杂鱼 围观,0,该评论以“黄昏社编外杂鱼”自称，带有自嘲和调侃的语气，表达了自己是旁观者的身份。“来围观了”表明其参与行为，但未对内容本身表达明确的好恶或情感倾向，整体属于中性陈述。
248,人善被np,人善被np,"['人善', 'np']",人善 np,-1,"该评论使用了""人善被np""这一网络用语，其中""np""通常指代负面行为或遭遇，整体表达了对善良反被欺负的不满和讽刺，带有明显的负面情绪。"
250,这张表情包，求求了,这张表情包，求求了,"['这张', '表情', '求求']",这张 表情 求求,0,"该评论仅表达对表情包的请求，使用了""求求了""这一网络用语，虽带有轻微恳求语气，但未包含明显的情感倾向，既无积极评价也无负面批评，属于中性表达。"
247,黑子和喻明凯99好不好,黑子和喻明凯99好不好,"['黑子', '喻明凯', '99', '好不好']",黑子 喻明凯  ,1,评论中“99”是网络用语“久久”的谐音，常用于表达对情侣或CP长久幸福的祝福，带有明显的积极情感。整体表达了对“黑子和喻明凯”关系的支持与美好祝愿，情感倾向为正面。
251,水滴9859,水滴9859,"['水滴', '9859']",水滴 9859,0,该评论仅包含一个用户名或标识符“水滴9859”，没有表达任何具体观点或情感倾向，无法判断其正面或负面情绪，因此归类为中性。
253,我们古代的好多传统文化真的可以成为小说设定,我们古代的好多传统文化真的可以成为小说设定,"['古代', '好多', '传统文化', '真的', '可以', '成为', '小说', '设定']",古代 好多 传统文化   成为 小说 设定,1,"评论中使用了""真的可以""这一肯定表达，强调传统文化作为小说设定的价值，体现出对传统文化的认可和积极评价，整体情感倾向为正面。"
254,戏神你的了,戏神你的了,"['戏神', '']",戏神 ,0,该评论仅陈述“戏神你的了”这一事实性信息，没有使用明显的情感词汇或表达主观态度，属于中性陈述，无法判断具体情感倾向。
255,做个美梦吧,做个美梦吧,"['做个', '美梦']", 美梦,0,该评论仅表达“做个美梦吧”的祝愿或提醒，没有明显的积极或消极词汇，也未涉及具体评价或情感表达，整体情感倾向较为中立。
257,可颂豆酱^,可颂豆酱,"['可颂', '豆酱']",可颂 豆酱,0,该评论仅提及“可颂豆酱”这一名称，没有表达任何情感色彩或评价性内容，无法判断其正面或负面倾向，因此属于中性评论。
259,你刚刚…提到了强梁，对吧？,你刚刚提到了强梁，对吧？,"['刚刚', '提到', '强梁']",刚刚 提到 强梁,0,该评论仅是对前文内容的确认性询问，使用了中性语气，没有表达明显的积极或消极情绪，属于中性陈述。
256,请幸福,请幸福,"['', '', '幸福']",  幸福,1,该评论使用“请幸福”这一祝福性表达，传递出对他人美好未来的祝愿和关怀，体现了积极、温暖的情感倾向，整体情感明显为正面。
252,世界分崩离析 形影不离,世界分崩离析 形影不离,"['世界', '分崩离析', '', '形影不离']",世界 分崩离析  形影不离,0,该评论“世界分崩离析 形影不离”更像是一种描述性或文学性的表达，陈述了两种看似矛盾的状态。它没有使用明显的积极或消极情感词汇，也未直接表达个人喜好或批评，因此整体情感倾向为中性。
260,好漂亮啊！,好漂亮啊！,"['好', '漂亮']",好 漂亮,1,评论中使用了“好漂亮”这一积极词汇，直接表达了对事物的赞美和喜爱，情感倾向明确为正面。
258,老师刻的好看死了,老师刻的好看死了,['好看'],好看,1,评论中使用了“好看死了”这一强烈赞美性表达，属于网络用语中的夸张正面评价，明确表达了对老师作品的喜爱和高度赞赏，整体情感倾向为正面。
261,居然有重返未来,居然有重返未来,"['居然', '重返', '未来']",居然 重返 未来,1,评论中“居然有”表达出惊喜和意外的情绪，通常用于发现期待或喜爱的事物，整体语气积极，显示出对“重返未来”内容的兴奋与认可。
262,之之(◦˙▽˙◦)(求推荐版,之之()(求推荐版,['推荐'],推荐,0,该评论仅包含用户昵称和求推荐的动作描述，没有表达具体的情感倾向或评价内容，属于中性陈述。
265,我最爱的小泉,我最爱的小泉,['小泉'],小泉,1,该评论直接表达了对“小泉”的喜爱之情，使用了“最爱”这一强烈且积极的词汇，明确传达了正面情感和偏好，整体情感倾向为正面。
263,99，谢谢爷爷,99，谢谢爷爷,"['', '99', '谢谢', '爷爷']",  谢谢 ,1,评论中“谢谢爷爷”表达了感激之情，数字“99”在中文网络语境中常代表“久久”或表示友好互动，整体语气亲切且带有积极情绪，属于正面情感。
264,一开始，这么不清楚，看了2秒，绝了,一开始，这么不清楚，看了2秒，绝了,"['开始', '这么', '清楚']",开始  清楚,1,评论通过“绝了”这一网络流行语表达强烈赞叹，从“不清楚”到“看了2秒”后的态度转折体现了内容的惊艳感，整体传递出惊喜和赞赏的积极情绪。
266,明通化妆品香水美妆货源供应商,明通化妆品香水美妆货源供应商,"['化妆品', '香水', '美妆', '货源', '供应商']",化妆品 香水 美妆 货源 供应商,0,该评论仅陈述了“明通化妆品香水美妆货源供应商”这一商业信息，未包含任何表达个人情感或评价的词汇，属于客观描述，因此情感倾向为中性。
269,情书.喻.fan.,情书.喻.fan.,"['情书', 'fan']",情书 fan,0,该评论仅包含角色名称和粉丝标识，没有表达明确的情感态度或评价内容，属于陈述性表达，无明显正面或负面情感倾向。
267,真实逃杀俱乐部超好看 在有 是那种无限流的副本不后宫无系统团队流每个人物都很鲜明不无脑爽作者文笔很好 我在番茄看的其他小说都带点男性作者对女性的凝视描述这本真的很好看 看到后面好几个副本都是根据真人事件改编的 比如前段时间热度很高的王子耀，那三个杀人魔恶童在小说里也得到了应有的结局,真实逃杀俱乐部超好看 在有 是那种无限流的副本不后宫无系统团队流每个人物都很鲜明不无脑爽作者文笔很好 我在番茄看的其他小说都带点男性作者对女性的凝视描述这本真的很好看 看到后面好几个副本都是根据真人事件改编的 比如前段时间热度很高的王子耀，那三个杀人魔恶童在小说里也得到了应有的结局,"['真实', '逃杀', '俱乐部', '好看', '那种', '无限', '副本', '后宫', '系统', '团队', '每个', '人物', '鲜明', '无脑', '作者', '文笔', '好', '番茄', '其他', '小说', '带点', '男性', '作者', '女性', '凝视', '描述', '这本', '真的', '好看', '看到', '后面', '好几个', '副本', '根据', '真人', '事件', '改编', '比如', '前段时间', '热度', '王子', '三个', '杀人', '魔恶童', '小说', '得到', '应有', '结局']",真实 逃杀 俱乐部 好看 那种 无限 副本 后宫 系统 团队 每个 人物 鲜明 无脑 作者 文笔 好 番茄 其他 小说 带点 男性 作者 女性 凝视 描述 这本  好看 看到 后面 好几个 副本 根据 真人 事件 改编 比如 前段时间 热度 王子 三个 杀人 魔恶童 小说 得到 应有 结局,1,评论中使用了“超好看”、“文笔很好”、“真的很好看”等强烈赞美词汇，并具体列举了作品在剧情、人物塑造、社会意义等方面的优点，表达了对作品的喜爱和推荐，整体情感倾向为正面。
268,爷爷出个云缨吧,爷爷出个云缨吧,"['爷爷', '出个', '云缨']", 出个 云缨,1,该评论表达了玩家对游戏角色“云缨”推出的期待和喜爱，使用“爷爷出个”这种亲切称呼带有积极请求的意味，整体情感倾向为正面。
273,你怎么知道我刚学了，边城,你怎么知道我刚学了，边城,"['刚学', '边城']",刚学 边城,0,该评论仅陈述了用户刚学习《边城》的事实，没有表达明显的积极或消极情绪，属于中性陈述。
271,景贝是什么，求告知,景贝是什么，求告知,"['景贝', '告知']",景贝 告知,0,该评论仅询问“景贝”的含义，表达求知或好奇的态度，没有使用明显的情感词汇，也未体现对事物的褒贬评价，因此情感倾向为中性。
270,老师要是没有热度的话把1999去掉吧，去掉了就有热度了,老师要是没有热度的话把1999去掉吧，去掉了就有热度了,"['要是', '热度', '的话', '1999', '去掉', '去掉', '热度']",要是 热度 的话 19 去掉 去掉 热度,-1,该评论通过讽刺性建议“把1999去掉”来表达对游戏《重返未来：1999》热度不足的不满，隐含对官方运营或宣传效果的批评，整体语气带有明显的负面情绪。
272,傩面可以用红白囍 里面有写这个 求出一个,傩面可以用红白囍 里面有写这个 求出一个,"['傩面', '可以', '红白', '里面', '一个']",傩面  红白 里面 一个,1,评论中“求出一个”表达了明确的期待和请求，整体语气积极，显示出对游戏内容（傩面红白囍）的喜爱和支持，情感倾向为正面。
274,只为她袖手天下,只为她袖手天下,"['只为', '袖手', '天下']",只为 袖手 天下,1,评论“只为她袖手天下”表达了一种浪漫而坚定的情感，通过“袖手天下”这一意象传递出为所爱之人放弃一切的深情，整体氛围积极且充满理想主义色彩，属于正面情感。
276,宠你余生常乐,宠你余生常乐,"['余生', '常乐']",余生 常乐,1,评论中“宠你余生常乐”表达了长久陪伴与幸福的祝愿，使用“宠”和“常乐”等积极词汇，传递出温暖、关爱和美好的情感，整体倾向为正面。
277,王者进不了来刷抖音了,王者进不了来刷抖音了,"['王者', '进不了', '来刷', '抖音']",王者 进不了 来刷 抖音,0,该评论仅陈述了从王者荣耀转至抖音的行为，没有使用明显的情感词汇，也未表达对任一平台的喜好或不满，属于客观描述个人行为的中性表达。
275,重逢后第一句话不是“抱歉，下雨堵车”而是…,重逢后第一句话不是抱歉，下雨堵车而是,"['重逢', '第一句', '抱歉', '下雨', '堵车', '而是']",重逢 第一句 抱歉 下雨 堵车 而是,-1,评论通过对比“重逢后第一句话不是抱歉，下雨堵车”的表述，暗示对方缺乏诚意或借口推脱，带有失望或不满的情绪。这种隐含的批评和负面对比，使整体情感倾向偏向负面。
280,3周前·广东,3周前广东,['周前'],周前,0,该评论仅包含时间和地点信息，没有表达任何主观情感或评价，属于纯粹的事实陈述，因此情感倾向为中性。
279,学校，你可怜我啊,学校，你可怜我啊,"['学校', '可怜']",学校 可怜,-1,该评论使用了“可怜我”这一带有自嘲和抱怨意味的表达，暗示对学校或相关安排的不满和无奈，整体情感倾向为负面。
278,第一眼看到梁月的跟我走,第一眼看到梁月的跟我走,"['第一眼', '看到', '梁月', '跟我走']",第一眼 看到 梁月 跟我走,0,该评论仅描述了“第一眼看到梁月的跟我走”这一观察或联想，未使用明显的情感词汇，也没有表达出明确的喜爱、批评或期待，因此整体情感倾向为中性。
282,喻繁：陈景深。我是你的全世界对吗？,喻繁：陈景深。我是你的全世界对吗？,"['喻繁', '景深', '全世界']",喻繁 景深 全世界,1,评论中使用了“我是你的全世界”这一表达，传递出强烈的情感依赖和亲密关系，带有浪漫和积极的情绪色彩，整体情感倾向为正面。
285,老师老师能画李简吗？,老师老师能画李简吗？,"['能画', '李简']",能画 李简,1,该评论以“老师老师”的亲切称呼开头，表达了提问者的热情和期待，整体语气充满请求和兴趣，显示出对创作内容的积极关注和喜爱。
283,够级他们也偷不走,够级他们也偷不走,['够级'],够级,0,该评论仅陈述“够级他们也偷不走”这一事实，未使用明显的情感词汇，也未表达对事件或对象的褒贬态度，属于客观陈述，因此情感倾向为中性。
286,科研的新星,科研的新星,"['科研', '新星']",科研 新星,1,该评论使用了“新星”这一积极词汇，表达了对科研领域新兴力量的赞赏与期待，整体情感倾向为正面。
287,但是傩戏现在已经被很多所谓的网红弄变味道了，我们看到的真的是我们的传统文化了吗？,但是傩戏现在已经被很多所谓的网红弄变味道了，我们看到的真的是我们的传统文化了吗？,"['但是', '傩戏', '已经', '很多', '所谓', '网红', '味道', '看到', '真的', '传统文化']",但是 傩戏 已经 很多 所谓 网红 味道 看到  传统文化,-1,评论通过“变味道”、“真的是我们的传统文化了吗”等质疑性表述，表达了对网红文化侵蚀传统傩戏的不满与担忧，带有明显的批判和失望情绪。
281,啊！感觉第一次刷到博主还流量不是很多，当时在想怎么做的这么好视频大多只有几千赞呀,啊！感觉第一次刷到博主还流量不是很多，当时在想怎么做的这么好视频大多只有几千赞呀,"['第一次', '刷到', '博主', '流量', '很多', '当时', '这么', '好', '视频', '大多', '只有', '几千', '赞']",第一次 刷到 博主 流量 很多 当时  好 视频 大多 只有 几千 赞,1,评论中使用了“做得这么好”等积极词汇，表达了对博主视频质量的赞赏，同时“怎么只有几千赞呀”隐含了对其未获更高流量的惋惜与支持，整体情感倾向为正面。
284,jzb你让繁繁第二次失去了妈妈,jzb你让繁繁第二次失去了妈妈,"['jzb', '繁繁', '第二次', '失去', '妈妈']",jzb 繁繁 第二次 失去 妈妈,-1,评论中“失去了妈妈”这一表述带有强烈的悲伤和指责意味，暗示角色或玩家经历了痛苦的失去，并直接点名“jzb”进行归责，整体表达了不满、悲伤和批评的负面情绪。
289,居然带我们戏神玩,居然带我们戏神玩,"['居然', '戏神']",居然 戏神,1,评论中的“居然”带有惊喜和意外的语气，“带我们戏神玩”表达了对被关注和参与的喜悦与认可，整体传递出积极的情感倾向。
288,我们贵州傩戏不长这样。。。既然是非遗能不能尊重一下,我们贵州傩戏不长这样。。。既然是非遗能不能尊重一下,"['傩戏', '这样', '既然', '非遗', '不能', '尊重', '一下']",傩戏 这样 既然 非遗 不能 尊重 ,-1,评论通过“不长这样”直接指出内容与真实贵州傩戏不符，并以“能不能尊重一下”表达对非遗文化被错误呈现的不满和批评，整体带有明显的负面情绪。
294,^.-旺仔牛奶-.^,.旺仔牛奶.,"['旺仔', '牛奶']",旺仔 牛奶,0,该评论仅提及“旺仔牛奶”这一产品名称，未表达任何主观评价或情感色彩，属于客观陈述，因此情感倾向为中性。
291,朝阳区铁头功小学生,朝阳区铁头功小学生,"['朝阳区', '铁头功', '小学生']",朝阳区 铁头功 小学生,0,该评论仅提及“朝阳区铁头功小学生”，是一个描述性短语，未包含明显的积极或消极情感词汇，也未表达个人态度或评价，因此情感倾向为中性。
290,我家那边有个景区，叫中国傩城,我家那边有个景区，叫中国傩城,"['我家', '那边', '有个', '景区', '中国', '傩城']",我家 那边 有个 景区 中国 傩城,0,该评论仅陈述了一个事实——介绍某个景区的名称，没有使用任何表达情感倾向的词汇，也没有表现出明显的喜爱、厌恶或评价态度，因此整体情感倾向为中性。
293,第一次听这个名字，愿祖国的优秀文化都能被发扬光大。,第一次听这个名字，愿祖国的优秀文化都能被发扬光大。,"['第一次', '名字', '祖国', '优秀', '文化', '发扬光大']",第一次 名字 祖国 优秀 文化 发扬光大,1,评论中“愿祖国的优秀文化都能被发扬光大”表达了强烈的积极愿望和自豪感，体现了对文化传承的支持与期待，整体情感倾向明显为正面。
295,第一次知道有这个,第一次知道有这个,['第一次'],第一次,0,该评论仅表达了“第一次知道有这个”的事实陈述，没有使用明显的积极或消极词汇，也没有表达出喜爱、期待、不满等情感倾向，属于中性表达。
296,还有非遗文化阳戏！,还有非遗文化阳戏！,"['非遗', '文化', '阳戏']",非遗 文化 阳戏,1,评论中提及“非遗文化阳戏”并使用了感叹号，表达了对传统文化元素的认可和兴奋之情，体现了积极的文化自豪感和支持态度，整体情感倾向为正面。
297,爷爷这个可以吗？求,爷爷这个可以吗？求,"['爷爷', '可以']", ,0,该评论以询问和请求的口吻表达，没有明显的积极或消极情感词汇，仅是在询问可行性或寻求帮助，整体情感倾向为中性。
292,谁懂全认识的 救赎感,谁懂全认识的 救赎感,"['认识', '救赎']",认识 救赎,1,评论中“救赎感”一词带有强烈的积极情感色彩，通常用于表达从困境或负面状态中得到解脱、治愈的正面体验。“全认识”可能指对作品角色或内容的熟悉，这种熟悉感增强了积极的共鸣，整体表达了满足和愉悦的情绪。
299,可是傩戏不是都需要戴面具吗,可是傩戏不是都需要戴面具吗,"['可是', '傩戏', '需要', '戴面具']",可是 傩戏 需要 戴面具,0,该评论仅提出了一个关于傩戏是否需要戴面具的疑问，属于客观询问或探讨，没有表达明显的积极或消极情绪，情感倾向为中性。
298,被诅咒的禁忌女巫,被诅咒的禁忌女巫,"['诅咒', '禁忌', '女巫']",诅咒 禁忌 女巫,0,该评论仅提及“被诅咒的禁忌女巫”这一描述性短语，未包含任何表达个人态度或情感倾向的词汇，无法判断其正面或负面立场，因此归类为中性。
300,就冲着带我们《盗墓笔记》玩，关了！！！,就冲着带我们盗墓笔记玩，关了！！！,"['冲着', '盗墓', '笔记']",冲着 盗墓 笔记,1,评论中“冲着带我们盗墓笔记玩”表达了对联动内容的积极认可和兴奋，“关了”在此语境下是网络用语，表示肯定和支持，整体情感倾向为正面。
301,有种诡谲感,有种诡谲感,"['有种', '诡谲']",有种 诡谲,-1,评论中“诡谲感”一词带有诡异、难以捉摸的负面含义，暗示了某种不安或不愉快的感受，整体表达了对内容或情境的消极评价。
305,我去老师太强了,我去老师太强了,['太强'],太强,1,评论中使用了“太强了”这一高度赞扬的表达，直接表达了对老师能力或表现的敬佩与肯定，整体情感积极且充满赞赏。
304,“看似扮鬼，实则酬神”,看似扮鬼，实则酬神,"['看似', '扮鬼', '实则', '酬神']",看似 扮鬼 实则 酬神,0,该评论使用了“看似...实则...”的表述结构，仅描述了一种表面与实质的对比关系，并未直接表达明确的情感立场或价值判断，因此整体情感倾向为中性。
302,这是我我家那里的傩戏，贵州傩戏看德江,这是我我家那里的傩戏，贵州傩戏看德江,"['我家', '那里', '傩戏', '傩戏', '德江']",我家 那里 傩戏 傩戏 德江,1,该评论以自豪的语气介绍家乡文化，明确提及“贵州傩戏看德江”这一具体地域特色，带有文化认同感和推广意愿，整体情感积极正面。
303,感觉很有南方巫蛊的风格啊！,感觉很有南方巫蛊的风格啊！,"['南方', '风格']",南方 风格,1,评论中使用了“很有风格”这样的积极表达，体现出对南方巫蛊元素的欣赏和认可，整体情感倾向为正面。
307,愿神明偏爱，佑一往无前,愿神明偏爱，佑一往无前,"['神明', '偏爱', '', '一往无前']",神明 偏爱  一往无前,1,评论中“愿神明偏爱”、“佑一往无前”等表达传递了美好的祝愿和积极的期许，整体情感充满祝福与鼓励，属于正面情感。
308,吟江´•ﻌ•`,吟江,['吟江'],吟江,0,该评论仅提及“吟江”这一名称，未包含任何情感色彩或评价性词汇，无法判断其正面或负面倾向，因此属于中性表达。
306,好消息，打打电话要狂想了,好消息，打打电话要狂想了,"['好消息', '打电话', '狂想']",好消息 打电话 狂想,1,评论中“好消息”直接表达了积极态度，“狂想”一词带有兴奋和期待的意味，整体传递出对即将发生事件的喜悦和热切期盼，情感倾向明显为正面。
309,居然带我们盗墓和第五玩,居然带我们盗墓和第五玩,"['居然', '盗墓', '第五']",居然 盗墓 第五,1,评论中使用了“居然带我们”这样的惊喜表达，结合“盗墓和第五玩”的联动内容，显示出对跨界合作的兴奋和期待，整体情感倾向为正面。
310,-南瓜粥^,南瓜粥,['南瓜'],南瓜,0,该评论仅提及“南瓜粥”这一具体事物，未附加任何情感色彩或评价性词汇，无法从中推断出明确的情感倾向，因此属于中性表达。
311,阿喵不想上班,阿喵不想上班,"['不想', '上班']",不想 上班,0,该评论仅表达了“阿喵不想上班”的个人状态陈述，没有使用明显的情感词汇，也未表达对事物的评价或态度，属于中性表达。
314,吴虞.hiU_Ii,吴虞.hiUIi,"['吴虞', 'hiUIi']",吴虞 hiUIi,0,该评论仅包含一个疑似用户名或标识符的文本，没有表达明确的情感态度或观点，无法判断其情感倾向，因此归类为中性。
313,其实我挺心酸的，所有人只注意CP，但没有人注意这项手艺,其实我挺心酸的，所有人只注意CP，但没有人注意这项手艺,"['其实', '心酸', '所有人', '注意', '', 'CP', '注意', '这项', '手艺']", 心酸 所有人 注意  CP 注意 这项 手艺,-1,评论中“挺心酸的”直接表达了负面情绪，暗示了失望和遗憾。作者认为公众只关注CP而忽视了传统手艺，这种对比强化了不满和惋惜的情感倾向。
312,太好了，我们九也是微火起来了,太好了，我们九也是微火起来了,"['太好了', '微火', '起来']",太好了 微火 起来,1,评论中使用了“太好了”这一明确表达喜悦的积极词汇，同时“微火起来了”是网络用语，形容事物开始受到关注或变得受欢迎，整体传达出对“九”这一对象发展态势的欣喜与支持，情感倾向积极正面。
316,"""傩″我还是从魈宝身上了解到的","""傩我还是从魈宝身上了解到的","['从魈宝', '身上', '了解']",从魈宝 身上 了解,1,评论中使用了“魈宝”这一亲昵称呼，表达了对角色的喜爱和熟悉感，整体语气轻松友好，体现了对游戏内容的积极关注和兴趣。
318,还是戴面具的更有感觉，上初一学美术的应该已经学到这个戏的面具了。,还是戴面具的更有感觉，上初一学美术的应该已经学到这个戏的面具了。,"['戴面具', '初一', '美术', '应该', '已经', '学到', '面具']",戴面具 初一 美术 应该 已经 学到 面具,0,该评论主要陈述了戴面具更有感觉的个人观察，并提及初一美术课程可能涉及相关内容，属于客观描述和知识分享，没有明显的情感倾向表达。
317,边城中的男主就叫傩送，傩神送来的孩子，大概是希望孩子无病无灾的意思,边城中的男主就叫傩送，傩神送来的孩子，大概是希望孩子无病无灾的意思,"['城中', '男主', '傩神', '送来', '孩子', '大概', '希望', '孩子', '无灾', '意思']",城中 男主 傩神 送来 孩子 大概 希望 孩子 无灾 意思,0,该评论主要是在解释“傩送”这一名字的由来和寓意，属于客观陈述，没有表达个人喜好或情绪倾向，因此情感为中性。
319,跳岭头好像也是一个小小的傩戏,跳岭头好像也是一个小小的傩戏,"['岭头', '好像', '一个', '小小的', '傩戏']",岭头 好像 一个 小小的 傩戏,0,该评论仅陈述了“跳岭头”与傩戏的关联性，属于客观事实描述，未使用明显的情感词汇或表达个人态度，因此情感倾向为中性。
315,岁安爱摆烂,岁安爱摆烂,"['岁安爱', '摆烂']",岁安爱 摆烂,0,该评论仅描述了“岁安爱摆烂”这一行为或状态，没有使用明显的情感词汇或表达主观态度，属于客观陈述，因此情感倾向为中性。
323,可乐冰激凌巧克力薯片麦片牛肉片羊肉片鸡汤,可乐冰激凌巧克力薯片麦片牛肉片羊肉片鸡汤,"['可乐', '冰激凌', '巧克力', '薯片', '麦片', '牛肉', '羊肉片', '鸡汤']",可乐 冰激凌 巧克力 薯片 麦片 牛肉 羊肉片 鸡汤,0,该评论仅列举了一系列食物名称，没有表达任何主观评价或情感色彩，属于客观陈述，因此情感倾向为中性。
320,谁懂呀我们终于被邀请了欢迎大家来玩我们以闪亮之名这个池子还有非遗联动故宫博物院联动戏曲套包括巫蛊套和旗头各种精美家具免费送,谁懂呀我们终于被邀请了欢迎大家来玩我们以闪亮之名这个池子还有非遗联动故宫博物院联动戏曲套包括巫蛊套和旗头各种精美家具免费送,"['终于', '邀请', '欢迎', '大家', '闪亮', '之名', '池子', '非遗', '联动', '故宫博物院', '联动', '戏曲', '包括', '旗头', '各种', '精美', '家具', '免费送']",终于 邀请 欢迎 大家 闪亮 之名 池子 非遗 联动 故宫博物院 联动 戏曲 包括 旗头 各种 精美 家具 免费送,1,评论中使用了“终于被邀请了”、“欢迎大家来玩”等积极表达，并列举了多项联动和福利内容如“非遗联动”、“免费送”，整体充满兴奋、自豪和邀请的热情，情感倾向明显为正面。
321,一个低调的网名,一个低调的网名,"['一个', '低调', '网名']",一个 低调 网名,0,该评论仅描述了一个网名的特征（“低调”），没有表达任何主观情感或评价，属于客观陈述，因此情感倾向为中性。
322,我只是受控又不是梦三和拆CP的猪,我只是受控又不是梦三和拆CP的猪,"['只是', '受控', 'CP']",只是 受控 CP,-1,评论中“又不是梦三和拆CP的猪”使用了贬义比喻，将特定群体称为“猪”，带有明显的攻击性和不满情绪，表达了强烈的排斥和负面态度。
325,风吟吟 雨吟吟 摇响同心铃ᵔ.ᵔ,风吟吟 雨吟吟 摇响同心铃.,"['风吟', '雨吟吟', '摇响', '', '同心']",风吟 雨吟吟 摇响  同心,1,评论通过“风吟吟 雨吟吟”营造出诗意氛围，并以“摇响同心铃”象征和谐与联结，整体表达浪漫、美好的意境，传递积极情感。
324,完了全认识,完了全认识,['认识'],认识,0,该评论仅表达了“全认识”这一事实陈述，没有使用明显的情感词汇或表达个人态度，缺乏积极或消极的情感色彩，属于客观描述性质的中性评论。
327,爷爷祝你永远幸福！！99,爷爷祝你永远幸福！！99,"['爷爷', '永远', '幸福', '', '99']", 永远 幸福  ,1,评论中使用了“永远幸福”和“99”（网络用语表示“久久”，寓意长久）等祝福性词汇，表达了对爷爷的美好祝愿和积极情感，整体情感倾向明显为正面。
328,甜甜的桂花饼,甜甜的桂花饼,"['甜甜的', '桂花']",甜甜的 桂花,1,评论中“甜甜的”一词直接表达了积极的味觉感受和愉悦情绪，通常用于描述令人喜爱或享受的事物，整体传递出满足和喜爱的正面情感。
326,新号还差10个粉，哪个好心人帮帮忙啊，我提前祝她瘦10斤,新号还差10个粉，哪个好心人帮帮忙啊，我提前祝她瘦10斤,"['新号', '10', '个粉', '哪个', '好心人', '帮帮忙', '提前', '10']",新号 10 个粉 哪个 好心人 帮帮忙 提前 10,1,该评论以求助形式表达需求，但使用了“好心人”等礼貌称呼和“提前祝她瘦10斤”的积极祝福，整体语气友善且带有期待，情感倾向为正面。
330,东京奥运开幕那年是不是就是想要这种效果,东京奥运开幕那年是不是就是想要这种效果,"['东京', '奥运', '开幕', '那年', '是不是', '想要', '这种', '效果']",东京 奥运 开幕 那年  想要  效果,0,该评论以疑问句形式提出对东京奥运开幕式的联想，未使用明显的情感词汇，仅表达一种推测性思考，没有展现明确的正面或负面态度，属于中性评论。
329,没有橙汁的静静,没有橙汁的静静,"['橙汁', '静静']",橙汁 静静,0,该评论仅提及“没有橙汁的静静”，未使用明显的情感词汇或表达态度，可能为陈述事实或简单提及，缺乏积极或消极的情感倾向，因此判断为中性。
331,好漂亮啊，好喜欢,好漂亮啊，好喜欢,"['好', '漂亮', '好', '喜欢']",好 漂亮 好 喜欢,1,该评论使用了“好漂亮”、“好喜欢”等直接且强烈的积极词汇，明确表达了对事物的喜爱和赞赏，整体情感倾向非常积极正面。
336,红尘笑陌颜,红尘笑陌颜,"['红尘', '陌颜']",红尘 陌颜,0,该评论仅为一个网络昵称或短语，未表达明确的情感态度或观点，缺乏积极或消极的情感词汇，因此判断为中性。
332,好帅啊,好帅啊,['好帅'],好帅,1,该评论使用了“好帅啊”这一直接表达赞美和欣赏的积极词汇，明确表达了对对象外貌或表现的喜爱和肯定，整体情感倾向为正面。
333,爷爷，city of angels 可以嘛,爷爷，city of angels 可以嘛,"['爷爷', 'city', 'of', 'angels', '可以']", city of angels ,0,该评论以询问形式表达对某事物的兴趣，使用了礼貌称呼“爷爷”，但未包含明显的情感倾向词汇，仅表达询问意图，整体情感倾向为中性。
334,老师，我oc,老师，我oc,['oc'],oc,0,该评论仅提及“老师，我oc”，内容不完整且缺乏明确的情感表达，未使用积极或消极词汇，仅陈述事实或开启话题，因此情感倾向为中性。
335,安徽池州有傩戏,安徽池州有傩戏,"['池州', '傩戏']",池州 傩戏,0,该评论仅陈述了“安徽池州有傩戏”这一事实，未使用任何带有情感色彩的词汇或表达个人态度，属于客观信息陈述，因此情感倾向为中性。
337,你要这么想 我也没办法,你要这么想 我也没办法,"['这么', '办法']", 办法,-1,该评论使用了“你要这么想 我也没办法”这一常见消极回应句式，带有明显的敷衍、无奈或不满情绪，通常暗示沟通受阻或对对方观点的不认同，整体情感倾向为负面。
338,傩舞起 百灾消,傩舞起 百灾消,"['傩舞', '百灾消']",傩舞 百灾消,1,该评论引用了传统文化元素“傩舞”并搭配“百灾消”的吉祥寓意，表达了对驱邪避灾、平安顺遂的美好祝愿，整体情感积极向上，属于正面评价。
339,来瓶矿泉水,来瓶矿泉水,"['来瓶', '矿泉水']",来瓶 矿泉水,0,该评论仅表达了“来瓶矿泉水”这一日常需求或陈述，没有使用明显的情感词汇，也没有表达对特定事物的评价或态度，属于中性陈述。
340,老师求撒野,老师求撒野,['撒野'],撒野,1,评论中“求撒野”是一种网络用语，表达对老师或内容的喜爱和期待，带有积极互动和赞赏的意味，整体情感倾向为正面。
344,尖叫的鼓棒子,尖叫的鼓棒子,"['尖叫', '棒子']",尖叫 ,0,该评论仅描述了一个具体物品“尖叫的鼓棒子”，没有表达明确的情感倾向或评价性词汇，属于中性陈述，无法判断正面或负面情感。
343,永远幸福,永远幸福,"['', '永远', '幸福']", 永远 幸福,1,评论中的“永远幸福”是典型的祝福语，表达了对他人或事物长久美满的祝愿，带有强烈的积极情感和善意，整体情感倾向为正面。
342,母神傩就是权威,母神傩就是权威,"['母神', '权威']",母神 权威,1,该评论使用“权威”这一具有高度肯定意义的词汇，直接表达了对“母神傩”的尊崇和认可，语气坚定且充满敬意，整体情感倾向为正面。
347,非遗是非物质文化遗产的简称，所以后面不能再加文化,非遗是非物质文化遗产的简称，所以后面不能再加文化,"['非遗', '非物质文化遗产', '简称', '所以', '后面', '不能', '文化']",非遗 非物质文化遗产 简称  后面 不能 文化,0,该评论是对“非遗”术语的客观解释和语法纠正，没有表达个人情感或价值判断，属于陈述事实的中性表达。
345,怪我一洄主义,怪我一洄主义,['主义'],主义,-1,评论中“怪我”带有自责或抱怨的语气，“一洄主义”可能指代某种行为或态度，整体表达了一种自我批评或不满的情绪，情感倾向为负面。
351,锦鲤附体了,锦鲤附体了,"['锦鲤', '附体']",锦鲤 附体,1,评论中“锦鲤附体”是网络流行语，常用来形容运气极好或获得意外惊喜，带有祝福和喜悦的意味，表达了积极的情感倾向。
341,多支持，多推荐中国的东西,多支持，多推荐中国的东西,"['支持', '推荐', '中国', '东西']",支持 推荐 中国 东西,1,该评论使用了“多支持”、“多推荐”等积极词汇，表达了对中国文化的推广和鼓励态度，整体情感倾向为正面。
348,傩戏！我是德江的，小时候过年的时候都会有人每家每户表演傩戏，但是现在没有了,傩戏！我是德江的，小时候过年的时候都会有人每家每户表演傩戏，但是现在没有了,"['傩戏', '德江', '小时候', '过年', '时候', '有人', '每家每户', '表演', '傩戏', '但是']",傩戏 德江 小 过年  有人 每家每户 表演 傩戏 但是,0,该评论陈述了个人经历和观察，提到傩戏在德江的过去存在与现在的消失，属于事实性描述。虽然隐含对文化变迁的感慨，但未使用明确的情感词汇，整体情感倾向中性。
349,@照亮我 @连翘 @emo,照亮我 连翘 emo,"['照亮', '连翘', 'emo']",照亮 连翘 emo,-1,评论中“emo”一词是网络用语，表示情绪低落、抑郁或伤感，带有明显的负面情感色彩。结合“照亮我 连翘”的语境，可能表达了对某事物或情境的失望、无奈或消极感受，整体情感倾向为负面。
350,跳完不是要献祭？,跳完不是要献祭？,['献祭'],献祭,-1,评论中的“献祭”一词带有强烈的负面暗示，通常与牺牲、不祥等消极含义相关，表达了用户对跳完后可能发生不利后果的担忧或不满，整体情感倾向为负面。
346,没有我你能来这么早看到细糠吗,没有我你能来这么早看到细糠吗,"['这么', '看到', '细糠']", 看到 细糠,-1,评论中“细糠”一词带有贬义色彩，暗指内容质量低下或令人不适，结合反问句式“没有我你能...吗”，整体表达了对内容或发布者的讽刺与不满，情感倾向为负面。
353,大胆往前走，流言蜚语姐替你挡◟(˶> ᎑ <˶)◞,大胆往前走，流言蜚语姐替你挡( ),"['', '大胆', '往前走', '流言蜚语', '姐']", 大胆 往前走 流言蜚语 姐,1,该评论使用了“大胆往前走”、“替你挡”等鼓励和支持性的词汇，表达了对对方的坚定支持和保护意愿，整体情感积极且充满力量。
352,像画里走出来的,像画里走出来的,"['画里', '出来']",画里 ,1,评论使用了“像画里走出来的”这一比喻，这是一种高度赞美和欣赏的表达，常用于形容人或事物非常美好、令人向往，整体情感倾向明显为正面。
354,绝了，好有感觉,绝了，好有感觉,['好'],好,1,评论中“绝了”是网络流行语，表达强烈的赞叹，“好有感觉”直接传递出积极体验和喜爱之情，整体用词充满肯定与欣赏，情感倾向明确为正面。
355,"止墨,林又迟","止墨,林又迟",['止墨'],止墨,0,该评论仅列举了“止墨”和“林又迟”两个名称，未附加任何评价性词汇或情感表达，无法推断其明确的情感倾向，因此属于中性陈述。
357,长长久久,长长久久,"['', '长长', '久久']", 长长 ,1,该评论使用了“长长久久”这一祝福性词汇，通常用于表达对事物持久、美好的祝愿，带有积极的期待和正面情感，整体倾向为正面。
356,还有京剧猫,还有京剧猫,['京剧'],京剧,0,该评论仅提及“京剧猫”这一名称，没有使用任何情感色彩强烈的词汇，也没有表达明确的喜好或态度，仅作为信息陈述，因此情感倾向为中性。
358,谁懂天官赐福出来的救赎感？,谁懂天官赐福出来的救赎感？,"['天官赐福', '出来', '救赎']",天官赐福  救赎,1,该评论使用了“救赎感”这一具有积极情感色彩的词汇，表达了对《天官赐福》内容或角色的深刻共鸣与赞赏。“谁懂”的句式带有寻求认同和分享喜悦的意味，整体情感倾向为正面。
359,非遗文化也是网红妆？,非遗文化也是网红妆？,"['非遗', '文化', '红妆']",非遗 文化 红妆,-1,该评论通过反问句式“非遗文化也是网红妆？”表达了对将非遗文化与网红妆相提并论的不满和质疑，暗示这种行为可能贬低了非遗文化的价值，带有讽刺和批评的意味，整体情感倾向为负面。
362,老师求伪装学渣,老师求伪装学渣,"['伪装', '学渣']",伪装 学渣,1,评论中使用了“求”这一表达请求的词语，结合“伪装学渣”这一网络流行梗，通常用于表达对某部作品或角色的喜爱与期待，整体语气带有积极和热切的倾向。
360,小说妹能来报道。,小说妹能来报道。,"['小说', '妹能', '报道']",小说 妹能 报道,0,该评论仅陈述“小说妹能来报道”这一事实，没有使用明显的情感词汇，也没有表达出喜爱、期待或不满等情绪，属于客观陈述，因此情感倾向为中性。
367,Shawn天选之子,Shawn天选之子,"['Shawn', '天选之子']",Shawn 天选之子,1,该评论使用了“天选之子”这一高度赞扬的词汇，表达了对Shawn的认可与欣赏，整体情感倾向明显为正面。
366,第一次知道。感谢你们！向从事这个职业的人致敬！,第一次知道。感谢你们！向从事这个职业的人致敬！,"['第一次', '感谢', '从事', '职业', '致敬']",第一次 感谢 从事 职业 致敬,1,评论中使用了“感谢你们”、“致敬”等积极词汇，表达了对相关职业人员的感激和尊敬，整体情感倾向明显为正面。
363,好离谱,好离谱,"['好', '离谱']",好 离谱,-1,评论中“好离谱”是网络常用表达，通常表示对事物超出常理、难以理解的负面评价，带有惊讶、不满或批评的情绪，整体情感倾向为负面。
361,这个电影我穿过！！最后一个故事就是关于这个，也是我第一次知道,这个电影我穿过！！最后一个故事就是关于这个，也是我第一次知道,"['电影', '穿过', '最后', '一个', '故事', '关于', '第一次']",电影 穿过 最后 一个 故事 关于 第一次,1,评论者使用了“我穿过”和“第一次知道”等表达，传递了亲身经历和获得新知的积极感受，整体语气带有分享的兴奋和认可，情感倾向为正面。
365,喜欢山还是海,喜欢山还是海,['喜欢'],喜欢,0,该评论仅询问“喜欢山还是海”，是一个开放式的选择性问题，没有表达明确的喜好或情绪倾向，也未使用任何带有情感色彩的词汇，因此属于中性评论。
364,贵州德江是傩戏之乡,贵州德江是傩戏之乡,"['德江', '傩戏']",德江 傩戏,0,该评论仅陈述了“贵州德江是傩戏之乡”这一事实，没有使用任何带有情感倾向的词汇，也未表达个人喜好或评价，属于客观信息陈述，因此情感倾向为中性。
369,"rouoii,林又迟","rouoii,林又迟",['rouoii'],rouoii,0,该评论仅包含角色名或昵称，未表达明确的情感态度或评价性内容，缺乏积极或消极的情感词汇，因此判断为中性。
368,强力杀虫剂,强力杀虫剂,"['强力', '杀虫剂']",强力 杀虫剂,0,该评论仅提及“强力杀虫剂”这一物品名称，未表达任何个人情感、评价或立场，属于客观陈述，无明显情感倾向。
370,我的家乡戏,我的家乡戏,['家乡'],家乡,0,该评论仅提及“我的家乡戏”这一客观事实，未使用任何带有情感色彩的词汇或表达个人态度，属于陈述性内容，没有明显的情感倾向。
371,靖妖傩舞！,靖妖傩舞！,['傩舞'],傩舞,1,该评论使用了“靖妖傩舞”这一游戏角色技能或主题相关词汇，语气带有兴奋和赞赏的意味，表达了对内容或角色的喜爱与支持，整体情感倾向为正面。
372,我居然才知道傩戏，为什么会越来越少,我居然才知道傩戏，为什么会越来越少,"['居然', '傩戏', '为什么', '越来越少']",居然 傩戏 为什么 越来越少,0,"该评论主要表达了对傩戏这一传统文化逐渐减少的发现和疑问，使用了""居然才知道""表示意外，但整体语气较为客观，没有明显的积极或消极情感倾向，属于中性表达。"
373,春天的蘑菇,春天的蘑菇,"['春天', '蘑菇']",春天 蘑菇,0,"该评论仅提及""春天的蘑菇""这一客观事物，没有表达任何主观情感或评价性词汇，属于中性陈述，无法判断情感倾向。"
378,拍个写真就是傩戏了？,拍个写真就是傩戏了？,"['拍个', '写真', '傩戏']",拍个 写真 傩戏,-1,评论以反问句式表达质疑和不满，暗示对将写真与傩戏关联的不认同，带有讽刺意味，整体情感倾向为负面。
374,于是我开始假装幸福,于是我开始假装幸福,"['于是', '开始', '假装', '幸福']",于是 开始 假装 幸福,-1,该评论使用了“假装幸福”这一表达，暗示了内心的不真实感和潜在的痛苦或无奈，带有明显的消极情绪。这种表述通常反映了对现状的不满或情感上的压抑，整体情感倾向为负面。
379,卡尔111,卡尔111,"['卡尔', '111']",卡尔 111,0,该评论仅包含用户名“卡尔111”，没有表达任何具体观点或情感色彩，无法判断其情感倾向，因此属于中性评论。
380,好喜欢！,好喜欢！,"['好', '喜欢']",好 喜欢,1,评论使用了“好喜欢”这一强烈表达喜爱的词汇，直接传达了积极的情感态度，整体情感倾向明确为正面。
376,⁺✞ʚ三月七重度依赖ɞ✟₊,三月七重度依赖,"['三月', '重度', '依赖']",三月 重度 依赖,0,该评论仅提及角色名称“三月七”和状态描述“重度依赖”，未使用明显的情感词汇或表达主观态度，属于客观陈述，没有明确的情感倾向。
381,重返未来你真是火了,重返未来你真是火了,"['重返', '未来', '真是']",重返 未来 真是,1,该评论使用了“火了”这一网络流行语，表达了对“重返未来”这一作品或项目获得成功、受到欢迎的认可和祝贺，带有积极和赞赏的情感色彩。
377,陈景深 你可怜我啊,陈景深 你可怜我啊,"['景深', '可怜']",景深 可怜,-1,评论中“可怜我”一词带有明显的自嘲和委屈情绪，暗示说话者感到被同情或轻视，表达了一种受伤或不满的情感倾向，整体情感为负面。
383,有梁月！！这个赞我给了！,有梁月！！这个赞我给了！,"['有梁', '赞']",有梁 赞,1,"评论中使用了""有梁月！！""表达惊喜与兴奋，""这个赞我给了！""明确表示赞赏和支持，整体语言充满积极情绪，属于正面评价。"
382,梁月啊啊啊啊啊啊,梁月啊啊啊啊啊啊,"['梁月', '啊啊啊', '啊啊啊']",梁月  ,1,该评论通过重复使用“啊”字和感叹号表达强烈的情感，结合对“梁月”这一特定对象的呼唤，体现出明显的喜爱、激动或支持的积极情绪，整体情感倾向为正面。
375,纸嫁衣第七部的八不郎是不是！！,纸嫁衣第七部的八不郎是不是！！,"['嫁衣', '第七部', '八不郎', '是不是']",嫁衣 第七部 八不郎 ,1,该评论使用“是不是！！”的强烈感叹句式，结合“纸嫁衣第七部”这一具体作品名称，表达了对新角色“八不郎”的兴奋、期待和可能的喜爱之情，整体情感倾向为正面。
384,想起了《边城》里的傩送,想起了边城里的傩送,"['想起', '城里']",想起 城里,0,该评论仅提及文学作品《边城》中的角色傩送，属于联想或类比表达，未直接表达对当前内容的喜爱、批评或情感态度，无明显情感倾向，因此判断为中性。
385,傩戏起，百病消！,傩戏起，百病消！,"['傩戏', '百病']",傩戏 百病,1,该评论使用了“傩戏起，百病消”这一传统祈福语，带有积极的祝愿和吉祥寓意，表达了对傩戏文化功能的认可与赞美，整体情感倾向为正面。
388,居然还有我们重返未来的事,居然还有我们重返未来的事,"['居然', '重返', '未来']",居然 重返 未来,0,该评论仅陈述了“居然还有我们重返未来的事”这一事实，表达了意外或惊讶的情绪，但没有明显的积极或消极情感倾向，属于中性表达。
389,@叶沫 @月槐序 @ofeq @Verity 居然有我们梁月,叶沫 月槐序 ofeq Verity 居然有我们梁月,"['叶沫', '槐序', 'ofeq', 'Verity', '居然', '梁月']",叶沫 槐序 ofeq Verity 居然 梁月,1,评论中“居然有我们梁月”表达了惊喜和喜悦的情绪，使用“居然”一词强调了意外之喜，整体传递出对内容出现的积极认可和兴奋感。
387,谁懂呀我们终于被邀请了欢迎大家来玩我们以闪亮之名这个池子还有非遗联动故宫博物院联动戏曲套包括巫蛊套和旗头各种精美家具免费送（我是不是有点像人机）,谁懂呀我们终于被邀请了欢迎大家来玩我们以闪亮之名这个池子还有非遗联动故宫博物院联动戏曲套包括巫蛊套和旗头各种精美家具免费送（我是不是有点像人机）,"['终于', '邀请', '欢迎', '大家', '闪亮', '之名', '池子', '非遗', '联动', '故宫博物院', '联动', '戏曲', '包括', '旗头', '各种', '精美', '家具', '免费送', '是不是', '有点像', '人机']",终于 邀请 欢迎 大家 闪亮 之名 池子 非遗 联动 故宫博物院 联动 戏曲 包括 旗头 各种 精美 家具 免费送  有点像 人机,1,该评论使用了“谁懂呀我们终于被邀请了”表达兴奋与自豪，“欢迎大家来玩”体现热情推广，“精美家具免费送”等描述突出积极内容，整体充满喜悦和推广的热情，情感倾向明显为正面。
386,傩戏小心点，小红书上有还有个傩戏始祖呢,傩戏小心点，小红书上有还有个傩戏始祖呢,"['傩戏', '小心', '小红', '书上', '傩戏', '始祖']",傩戏 小心 小红 书上 傩戏 始祖,0,该评论仅提及傩戏相关的内容，并指出小红书上有“傩戏始祖”的信息，属于事实陈述或提醒，未使用明显的情感词汇，也未表达个人立场或评价，因此情感倾向为中性。
390,恰巧我会蜡染和地戏,恰巧我会蜡染和地戏,"['恰巧', '我会', '蜡染', '地戏']",恰巧 我会 蜡染 地戏,0,该评论仅陈述个人技能，没有表达对任何事物的评价或情感倾向，属于客观陈述。既无积极词汇也无消极表达，整体情感为中性。
391,什么时候能带阴阳师玩,什么时候能带阴阳师玩,"['时候', '能带', '阴阳师']", 能带 阴阳师,0,该评论仅表达了“什么时候能带阴阳师玩”的疑问或期待，未使用明显积极或消极的词汇，也未表露强烈情绪，更多是中性询问或建议，因此情感倾向为中性。
392,你这是傩戏？你这是cosplay！,你这是傩戏？你这是cosplay！,"['傩戏', 'cosplay']",傩戏 cosplay,-1,评论通过反问和对比（“傩戏”与“cosplay”）表达了对表演或装扮的不认可，带有讽刺和批评的语气，暗示其不专业或不符合传统，整体情感倾向为负面。
394,老师可以刻个艾笠吗,老师可以刻个艾笠吗,"['可以', '刻个', '艾笠']", 刻个 艾笠,1,该评论表达了用户对老师创作艾笠内容的期待和请求，使用了礼貌的“可以吗”句式，整体语气积极且带有期盼，体现了对角色或作品的喜爱，情感倾向为正面。
393,只能说京剧这个拼好剧打压的太厉害了,只能说京剧这个拼好剧打压的太厉害了,"['只能', '京剧', '拼好剧', '打压', '厉害']",只能 京剧 拼好剧 打压 厉害,-1,评论中“打压的太厉害了”带有明显的负面情绪，表达了对京剧在拼好剧中受到不公正待遇的不满和批评，整体情感倾向为负面。
395,审美积积　　　　　　　　　  广告✕,审美积积 广告,"['审美', '积积', '广告']",审美 积积 广告,-1,评论中“积积”是网络用语“垃圾”的谐音，带有明显的贬义和嘲讽意味，表达了对广告内容或形式的强烈不满和批评，整体情感倾向为负面。
396,99 喜欢三年多了,99 喜欢三年多了,"['', '99', '喜欢', '三年']",  喜欢 三年,1,评论中“喜欢三年多了”直接表达了长期持续的喜爱之情，使用“喜欢”这一积极情感词汇，体现了对对象明确而持久的正面态度，整体情感倾向为正面。
398,这个好飒,这个好飒,['好飒'],好飒,1,评论中使用了“好飒”这一网络流行语，通常用来形容某人或事物帅气、利落、有魅力，带有强烈的赞赏和喜爱意味，表达了积极的评价和情感倾向。
400,哇看着好好看！！！,哇看着好好看！！！,"['看着', '好好看']",看着 好好看,1,评论中使用了“哇”这样的感叹词和“好好看”的重复强调表达，明显传递出强烈的喜爱和赞叹之情，整体情感倾向非常积极正面。
397,梁月！！我们9上桌了,梁月！！我们9上桌了,"['梁月', '上桌']",梁月 上桌,1,评论中使用了“上桌了”这一网络流行语，通常表示角色或团队获得关注、认可或重要机会，带有庆祝和喜悦的意味。结合感叹号和兴奋语气，整体表达了对“梁月”和“9”的积极支持与期待，情感倾向明显为正面。
399,爷爷你要长命百岁啊,爷爷你要长命百岁啊,"['爷爷', '长命百岁']", 长命百岁,1,该评论表达了真挚的祝福和美好的愿望，“长命百岁”是典型的吉祥话，充满了对“爷爷”的关爱、尊敬与期盼，情感温暖积极，整体倾向明显为正面。
401,面塑师巧手造万象，闪护一瓶护全场。含漱液清新随行，喷剂消杀及时，做你全天候的健康拍档,面塑师巧手造万象，闪护一瓶护全场。含漱液清新随行，喷剂消杀及时，做你全天候的健康拍档,"['面塑', '巧手', '万象', '闪护', '一瓶', '全场', '含漱液', '清新', '随行', '喷剂', '消杀', '及时', '全天候', '健康', '拍档']",面塑 巧手 万象 闪护 一瓶 全场 含漱液 清新 随行 喷剂 消杀 及时 全天候 健康 拍档,1,该评论使用了“巧手造万象”、“护全场”、“清新随行”、“全天候的健康拍档”等积极词汇，表达了对产品功能和效果的赞赏与信任，整体情感倾向为正面。
405,全都认识的那很爱玩了,全都认识的那很爱玩了,"['全都', '认识', '爱玩']",全都 认识 爱玩,1,评论中“很爱玩了”使用了积极的表达方式，暗示对内容或角色的熟悉和喜爱，整体语气轻松愉快，体现了正面的情感倾向。
403,谢谢爷爷祝你天天开心,谢谢爷爷祝你天天开心,"['谢谢', '爷爷', '天天开心']",谢谢  天天开心,1,该评论使用了“谢谢”、“祝你天天开心”等礼貌和祝福性词汇，表达了对“爷爷”的感谢和美好祝愿，整体情感倾向为正面。
404,⁺✞ʚ方也重度依赖ɞ✟₊,方也重度依赖,"['重度', '依赖']",重度 依赖,-1,评论中的“重度依赖”带有明显的负面含义，暗示过度依赖或无法自主，通常用于批评某种不健康或失衡的状态，表达了对被描述对象的不满或担忧。
402,“两面宿傩”认识了吗，nuo,两面宿傩认识了吗，nuo,"['两面', '认识', 'nuo']",两面 认识 nuo,0,该评论仅提及角色名称并带有口语化表达“nuo”，没有明确的积极或消极情感词汇，也未表达具体态度或评价，整体情感倾向不明确，属于中性评论。
407,裁缝铺有首带傩戏文化的歌很好听，大家可以去听一下,裁缝铺有首带傩戏文化的歌很好听，大家可以去听一下,"['裁缝', '首带', '傩戏', '文化', '好听', '大家', '可以', '一下']",裁缝 首带 傩戏 文化 好听 大家  ,1,评论中使用了“很好听”等积极词汇，表达了对歌曲的赞赏和推荐意愿，整体情感倾向为正面。
406,小豆包.琴.威士忌.DM,小豆包.琴.威士忌.DM,"['豆包', '威士忌', 'DM']",豆包 威士忌 DM,0,该评论仅列举了几个名词或代号，没有表达任何情感色彩或主观评价，属于客观陈述，因此情感倾向为中性。
408,哇老婆好看,哇老婆好看,"['老婆', '好看']",老婆 好看,1,评论中使用了“哇”这一感叹词表达惊喜，以及“老婆好看”这一直接赞美，整体语气积极且充满喜爱之情，情感倾向明显为正面。
409,蛙趣居然有重返未来,蛙趣居然有重返未来,"['蛙趣', '居然', '重返', '未来']",蛙趣 居然 重返 未来,1,评论中“蛙趣”是网络用语表达惊喜，“居然有”带有意外发现的喜悦感，整体表达了对“重返未来”内容的兴奋和积极态度，情感倾向明显为正面。
410,小王也会有烦恼！,小王也会有烦恼！,"['小王', '烦恼']",小王 烦恼,0,该评论仅陈述“小王也会有烦恼”这一客观事实，未使用明显的情感词汇，也未表达对小王或烦恼的具体态度，属于中性陈述。
413,《边城》翠翠,边城翠翠,"['边城', '翠翠']",边城 翠翠,0,该评论仅提及“边城翠翠”这一名称，未包含任何表达个人情感或评价的词汇，无法判断其情感倾向，属于中性陈述。
412,里面一半都是我推，剩下的全都认识,里面一半都是我推，剩下的全都认识,"['里面', '一半', '剩下', '全都', '认识']",里面 一半 剩下 全都 认识,1,该评论表达了评论者对其中的角色非常熟悉和喜爱，使用“我推”表示支持的角色，“全都认识”体现了对内容的广泛了解和积极关注，整体情感倾向为正面。
414,想看刻这幅的视频,想看刻这幅的视频,"['看刻', '这幅', '视频']",看刻 这幅 视频,0,该评论仅表达了“想看刻这幅的视频”的观看意愿，没有使用明显的情感词汇，也未表达出赞赏、批评或强烈情绪，属于中性陈述。
411,天官赐福合作的非遗可多了不止皮影戏,天官赐福合作的非遗可多了不止皮影戏,"['天官赐福', '合作', '非遗', '可多', '不止', '皮影戏']",天官赐福 合作 非遗 可多 不止 皮影戏,1,该评论通过强调“合作的非遗可多了不止皮影戏”，突出了合作的丰富性和文化价值，使用了“可多了”等积极表述，传达出对合作内容广度与深度的认可和自豪感，整体情感倾向为正面。
415,景贝88，99好不好？,景贝88，99好不好？,"['景贝', '88', '', '99', '好不好']",景贝 88   ,0,该评论仅以数字形式提出价格询问（88、99），未包含明显的情感词汇或态度表达，属于中性的事实性询问，没有表现出正面或负面的情感倾向。
418,啊啊啊啊啊啊好看！！！求全高,啊啊啊啊啊啊好看！！！求全高,"['啊啊啊', '啊啊啊', '好看', '求全']",  好看 求全,1,评论中使用了“啊啊啊啊啊啊”的强烈感叹表达兴奋情绪，“好看”直接表达赞赏，“求全高”则体现了对内容的喜爱和期待，整体情感倾向明显为正面。
423,好 爷爷也好,好 爷爷也好,"['', '好', '爷爷', '也好']", 好  也好,1,评论中使用了“好”和“也好”等积极词汇，表达了对爷爷的赞赏和喜爱，整体情感倾向为正面。
416,重生之我在终焉之地种苹果,重生之我在终焉之地种苹果,"['重生', '终焉', '地种', '苹果']",重生 终焉 地种 苹果,0,"该评论以游戏梗的形式描述了一个虚构场景，使用了""重生""、""种苹果""等中性词汇，没有表达明显的喜爱或批评情绪，更多是陈述一种游戏内的趣味设定，整体情感倾向为中性。"
421,壹壹貳零乐队键盘手  长与坟,壹壹貳零乐队键盘手 长与坟,"['壹壹', '乐队', '键盘']",壹壹 乐队 键盘,0,该评论仅陈述了乐队键盘手的名称，没有表达任何主观评价或情感色彩，属于客观事实描述，因此情感倾向为中性。
422,让我再看你一遍,让我再看你一遍,['一遍'],一遍,0,该评论仅表达了“再看一遍”的意愿，没有使用明显的情感词汇，也未表达明确的喜好或批评，属于陈述性内容，情感倾向中性。
420,中国logo放中间,中国logo放中间,"['中国', 'logo', '中间']",中国 logo 中间,0,该评论仅陈述了“中国logo放中间”这一事实，没有使用明显的情感词汇或表达主观态度，属于客观描述，因此情感倾向为中性。
426,你拍的只是造型啊，想表达什么,你拍的只是造型啊，想表达什么,"['只是', '造型', '表达']",只是 造型 表达,-1,该评论使用了质疑语气“想表达什么”，暗示对拍摄内容的不满或困惑，带有批评和否定的意味，整体情感倾向为负面。
425,傩戏起，百病消,傩戏起，百病消,"['傩戏', '百病']",傩戏 百病,1,该评论引用了传统文化中傩戏驱除病疫的吉祥寓意，使用“百病消”这一积极表达，传递出祈福安康的美好祝愿，整体情感倾向为正面。
419,好用的别人才会偷，不好用的谁偷,好用的别人才会偷，不好用的谁偷,"['好用', '别人', '不好']",好用 别人 不好,-1,该评论通过对比“好用的别人才会偷”和“不好用的谁偷”，暗示被讨论对象存在缺陷或不值得关注，带有讽刺和贬低意味。“偷”字在此语境中通常含负面评价，整体表达了对产品、内容或行为的不满与否定。
417,谁懂全是熟人的救赎感,谁懂全是熟人的救赎感,"['全是', '熟人', '救赎']",全是 熟人 救赎,1,评论中“救赎感”一词带有强烈的积极情感色彩，暗示了在熟悉环境中获得的安心与治愈；“谁懂”作为网络流行语，增强了共鸣和分享喜悦的语气，整体表达了对“全是熟人”情境的喜爱与满足。
424,黑耀（tec教教主）,黑耀（tec教教主）,"['黑耀', 'tec', '教主']",黑耀 tec 教主,0,该评论仅提及“黑耀（tec教教主）”这一名称或身份，没有表达任何主观评价或情感色彩，属于客观陈述，因此情感倾向为中性。
427,北辰想睡觉,北辰想睡觉,"['北辰', '睡觉']",北辰 睡觉,0,该评论仅陈述了“北辰想睡觉”这一事实或状态，没有表达明显的情感倾向，既无积极词汇也无消极词汇，属于中性陈述。
430,你们知道吗？其实抹茶不是日本的,你们知道吗？其实抹茶不是日本的,['其实'],,0,该评论仅陈述了一个事实性信息，指出抹茶并非源自日本。语言中未使用明显的情感词汇，也没有表达个人态度或评价，属于客观陈述，因此情感倾向为中性。
428,要是在副本里面感觉很难杀,要是在副本里面感觉很难杀,"['要是', '副本', '里面', '很难']",要是 副本 里面 很难,0,该评论仅表达了对游戏副本难度的客观判断，使用了“很难杀”这一中性描述，没有明显的积极或消极情感色彩，属于对游戏机制的中性评价。
429,我说怎么能刷到，原来是重返未来1999,我说怎么能刷到，原来是重返未来1999,"['能刷', '原来', '重返', '未来', '1999']",能刷 原来 重返 未来 19,0,该评论仅陈述了发现视频推送与游戏《重返未来1999》相关的事实，使用了“我说怎么能刷到”这一略带意外的表达，但未包含明显的积极或消极情绪词汇，整体偏向客观陈述，因此情感倾向为中性。
431,桃源也有！,桃源也有！,['桃源'],桃源,1,评论中“也有！”表达了发现或确认桃源存在的惊喜和兴奋，这种语气通常带有积极的情感色彩，暗示了对桃源内容的期待或喜爱。
433,冰美式好苦,冰美式好苦,"['美式', '好苦']",美式 好苦,-1,评论中“好苦”一词直接表达了饮用冰美式后的负面感受，带有明显的不满和抱怨情绪，整体情感倾向为负面。
434,每次打开电脑就是他俩，99好不好,每次打开电脑就是他俩，99好不好,"['每次', '打开', '电脑', '他俩', '', '99', '好不好']",每次 打开 电脑 他俩   ,1,评论中“99”是网络用语，表示“久久”或祝福长久，带有积极的祝愿意味。整体表达了对电脑上频繁出现的内容或人物的喜爱与支持，情感倾向明显为正面。
436,有人知道凶祟吗,有人知道凶祟吗,"['有人', '凶祟']",有人 凶祟,0,该评论仅询问“有人知道凶祟吗”，属于信息查询或讨论引导，未表达明确的情感倾向或评价性内容，因此判断为中性。
438,谁懂道诡异仙出现的救赎感？,谁懂道诡异仙出现的救赎感？,"['诡异', '出现', '救赎']",诡异 出现 救赎,1,评论中“救赎感”一词表达了强烈的积极情感，暗示作品带来了精神上的解脱或慰藉，整体语气充满赞赏和共鸣，情感倾向明显为正面。
432,@爱吃烧鹅 @行 @炘炘^ @六月雪 @芊青. @原来你叫菲诺啊 @莳炘^ @我的世界起床小白 @Love.米线 戏神好,爱吃烧鹅 行 炘炘 六月雪 芊青. 原来你叫菲诺啊 莳炘 我的世界起床小白 Love.米线 戏神好,"['烧鹅', '六月雪', '原来', '叫菲诺', '世界', '起床', '小白', 'Love', '米线', '戏神', '好']",烧鹅 六月雪 原来 叫菲诺 世界 起床 小白 Love 米线 戏神 好,0,该评论仅列举了多个名称或短语，如“爱吃烧鹅”、“行”、“炘炘”等，未表达明确的情感立场或评价。内容以陈述为主，缺乏积极或消极的词汇，因此整体情感倾向为中性。
440,看我不是戏神的时候了解到的,看我不是戏神的时候了解到的,"['戏神', '时候', '了解']",戏神  了解,0,该评论仅陈述了通过观看《我不是戏神》了解到相关信息的事实，没有表达明显的喜爱、厌恶或评价性情感，属于中性陈述。
442,请幸福降临在手心,请幸福降临在手心,"['幸福', '降临', '', '手心']",幸福 降临  手心,1,该评论使用了“幸福降临”这一积极词汇，表达了对美好事物的期待和祝福，整体情感倾向为正面。
435,妆容不是这样的吧,妆容不是这样的吧,"['妆容', '这样']",妆容 这样,-1,"该评论通过质疑妆容的准确性，隐含了对妆容设计的不满或批评。""不是这样的吧""带有否定和质疑的语气，表达了对当前妆容的失望或不认同，整体情感倾向为负面。"
441,安徽有一个傩仙镇可以去玩一玩哟,安徽有一个傩仙镇可以去玩一玩哟,"['一个', '仙镇', '可以', '一玩哟']",一个 仙镇  一玩哟,1,该评论使用了“可以去玩一玩哟”等积极邀请和推荐性词汇，表达了对安徽傩仙镇的认可和推荐态度，整体情感倾向为正面。
437,業佢-武当李冬明,業佢武当李冬明,"['武当', '李冬明']",武当 李冬明,0,该评论仅提及“武当李冬明”这一名称，未使用明显的情感词汇或表达个人态度，仅作为事实陈述或提及，没有传达出正面、负面或强烈的情感倾向，因此判断为中性。
444,顾屿安（明日方舟丨有瘾）,顾屿安（明日方舟丨有瘾）,"['顾屿', '明日', '方舟', '有瘾']",顾屿 明日 方舟 有瘾,0,该评论仅提及角色名称及游戏来源，未表达任何主观评价或情感倾向，属于中性陈述。
439,网红版傩戏就像出了个cos而已,网红版傩戏就像出了个cos而已,"['网红版', '傩戏', 'cos', '而已']",网红版 傩戏 cos 而已,-1,评论将网红版傩戏比喻为“出了个cos而已”，使用了“而已”这一带有轻视、贬低意味的词语，暗示其缺乏深度、流于表面形式，是对传统文化商业化或肤浅改编的批评和不满，情感倾向为负面。
446,乔木的拍照日记,乔木的拍照日记,"['乔木', '拍照', '日记']",乔木 拍照 日记,0,该评论仅提及“乔木的拍照日记”，未包含任何表达情感倾向的词汇或评价性内容，仅作为客观陈述或话题提及，因此整体情感倾向为中性。
443,当时在洛阳拍的 真的超级无敌重,当时在洛阳拍的 真的超级无敌重,"['当时', '洛阳', '真的', '超级', '无敌']",当时 洛阳  超级 无敌,-1,评论中“超级无敌重”使用了夸张的负面形容词，直接表达了强烈的负担感和不满情绪，暗示拍摄过程或道具令人难以承受，整体情感倾向为负面。
445,京剧猫啊啊啊,京剧猫啊啊啊,"['京剧', '啊啊啊']",京剧 ,1,该评论使用了“啊啊啊”这样的感叹词，通常表达兴奋、激动或喜爱的情绪，结合“京剧猫”这一具体对象，整体传递出对京剧猫的热情和积极情感，属于正面评价。
448,不晓得叫啥,不晓得叫啥,['晓得'],晓得,0,该评论仅表达了对某事物名称的不了解，没有使用任何情感词汇或表达主观态度，属于中性陈述。
447,小生蜀道山,小生蜀道山,"['小生', '蜀道']",小生 蜀道,0,该评论仅提及“小生蜀道山”这一名称或短语，未包含明显的积极或消极情感词汇，也未表达明确的立场或态度，因此整体情感倾向为中性。
451,嘿嘿嘿，爷爷，你对我们还是太好了,嘿嘿嘿，爷爷，你对我们还是太好了,"['嘿嘿嘿', '爷爷', '太好了']",嘿嘿嘿  太好了,1,评论中使用了“嘿嘿嘿”这样的亲昵语气词和“太好了”这样的积极评价，表达了对“爷爷”的感激和喜爱之情，整体情感倾向为正面。
450,我们的傩戏面具,我们的傩戏面具,"['傩戏', '面具']",傩戏 面具,0,该评论仅提及“我们的傩戏面具”，属于客观陈述或话题引入，未使用明显情感词汇或表达主观态度，因此情感倾向为中性。
453,刻画的那张纸是什么纸？求告诉,刻画的那张纸是什么纸？求告诉,"['刻画', '张纸', '告诉']",刻画 张纸 告诉,0,该评论仅询问关于纸张的具体信息，表达了求知欲和好奇心，没有使用明显的情感词汇或表达主观态度，属于中性询问。
452,居然还有京剧猫和9,居然还有京剧猫和9,"['居然', '京剧']",居然 京剧,0,"该评论仅陈述了""居然还有京剧猫和9""这一事实，没有使用明显的情感词汇，既未表达喜爱也未表达不满，属于中性观察性评论。"
456,第一次看到,第一次看到,"['第一次', '看到']",第一次 看到,0,该评论仅陈述“第一次看到”这一客观事实，未使用任何带有情感色彩的词汇，也没有表达明确的喜好或评价，因此情感倾向为中性。
454,朕是你们的一辈子懂？,朕是你们的一辈子懂？,['一辈子'],一辈子,1,该评论使用了“朕”这一带有权威和亲昵感的自称，结合“一辈子懂”表达了对受众的长期承诺和坚定支持，整体语气积极且充满自信，情感倾向为正面。
455,啊啊啊啊啊啊，梁月曲娘,啊啊啊啊啊啊，梁月曲娘,"['啊啊啊', '啊啊啊', '梁月', '曲娘']",  梁月 曲娘,1,该评论通过连续的感叹词“啊啊啊啊啊啊”表达了强烈的兴奋和喜爱之情，直接提及角色名称“梁月曲娘”显示出对内容的关注和热情，整体情感倾向明显为正面。
449,谁懂，第1次刷到爷爷的视频，刻的是自推的救赎感,谁懂，第1次刷到爷爷的视频，刻的是自推的救赎感,"['次刷', '爷爷', '视频', '救赎']",次刷  视频 救赎,1,评论中“谁懂”表达强烈共鸣，“自推的救赎感”体现了对角色和创作内容的深刻情感连接与喜爱，整体传递出惊喜和赞赏的积极情绪。
457,小徐不许愿.,小徐不许愿.,"['小徐', '许愿']",小徐 许愿,0,该评论仅包含一个简单的陈述或称呼，没有表达明确的情感倾向或评价性内容，属于中性表达。
458,钱没誓言真,钱没誓言真,['誓言'],誓言,-1,该评论通过对比“钱”与“誓言”的真实性，暗示金钱比承诺更可靠，隐含对人际关系或社会现实的失望与讽刺，带有明显的负面情绪。
461,中国人的审美真的在线,中国人的审美真的在线,"['中国', '审美', '真的', '', '在线']",中国 审美   在线,1,该评论直接赞扬“中国人的审美真的在线”，使用“真的在线”这一积极表达，明确传递出对中国人审美能力的肯定和自豪感，整体情感倾向为正面。
459,居然还有道诡异仙,居然还有道诡异仙,"['居然', '诡异']",居然 诡异,1,评论中“居然还有”表达出惊喜和意外的情绪，结合《道诡异仙》这一作品名称，暗示用户对联动内容感到兴奋和期待，整体情感倾向为正面。
460,真诚发问 那几张图片里 傩戏的妆面就是这样的吗？下眼睑那里感觉很像网红妆,真诚发问 那几张图片里 傩戏的妆面就是这样的吗？下眼睑那里感觉很像网红妆,"['真诚', '发问', '几张', '图片', '傩戏', '妆面', '这样', '下眼睑', '那里', '红妆']",真诚 发问 几张 图片 傩戏 妆面 这样 下眼睑 那里 红妆,0,该评论以“真诚发问”开头，主要是在询问傩戏妆面的真实性，并提出了个人观察（“很像网红妆”），这是一种基于好奇和观察的探讨，并未表达明显的喜爱、厌恶或批评情绪，整体情感倾向为中性。
463,好美,好美,['好美'],好美,1,该评论使用了“好美”这一积极词汇，直接表达了对内容的赞美和喜爱，情感倾向明确为正面。
462,谁懂那种全部认识的救赎感？,谁懂那种全部认识的救赎感？,"['那种', '全部', '认识', '救赎']",那种 全部 认识 救赎,1,评论中“全部认识的救赎感”表达了强烈的满足和喜悦，使用“谁懂”这种寻求共鸣的句式，传递出对内容或经历的积极认同，整体情感倾向为正面。
466,桃源做的傩文化的舞楼当时抽到真的具有感觉,桃源做的傩文化的舞楼当时抽到真的具有感觉,"['桃源', '文化', '舞楼', '当时', '抽到', '真的', '具有']",桃源 文化 舞楼 当时 抽到  具有,1,评论中“真的具有感觉”表达了强烈的正面情感，通过“傩文化的舞楼”这一文化元素的提及，体现了对游戏内容设计的欣赏和喜爱，整体情感倾向积极。
469,谁懂看到天官皮影戏那一刻的救赎感,谁懂看到天官皮影戏那一刻的救赎感,"['看到', '皮影戏', '那一刻', '救赎']",看到 皮影戏 那一刻 救赎,1,"评论中使用了""救赎感""这一强烈积极的词汇，表达了对天官皮影戏内容的深刻情感共鸣和高度赞赏，体现了观看时获得的治愈与感动，整体情感倾向明显为正面。"
464,“靖妖傩舞”,靖妖傩舞,['傩舞'],傩舞,0,该评论仅提及“靖妖傩舞”这一特定名称或概念，未包含表达个人情感或评价的词汇，无法判断其正面或负面倾向，因此属于中性陈述。
472,老师其实可以把1999去掉的，这样热度更多,老师其实可以把1999去掉的，这样热度更多,"['其实', '可以', '1999', '去掉', '这样', '热度']",  19 去掉 这样 热度,-1,该评论以讽刺口吻建议“去掉1999”以获取更多热度，隐含对当前内容或宣传方式的不满，暗示其认为现有做法效果不佳，带有批评和消极情绪。
471,咋全是熟人,咋全是熟人,"['全是', '熟人']",全是 熟人,0,该评论仅陈述了“全是熟人”这一观察事实，没有使用明显的情感词汇，也没有表达出喜爱、厌恶或批评等情绪，属于客观描述，因此情感倾向为中性。
467,99999好不好,99999好不好,"['', '99999', '好不好']",9,0,该评论仅以数字“99999”和询问“好不好”构成，缺乏明确的情感指向或评价内容，无法判断积极或消极倾向，因此属于中性表达。
470,枯木一肚小阅览 阅枯99,枯木一肚小阅览 阅枯99,"['枯木', '一肚', '阅览', '阅枯', '99']",枯木 一肚 阅览 阅枯 ,0,该评论内容较为抽象，使用了“枯木一肚小阅览”和“阅枯99”等表述，缺乏明确的积极或消极情感词汇。整体来看，它更像是一种个人状态或网络用语的表达，没有传达出对特定事物的明显褒贬态度，因此情感倾向为中性。
465,可是我感觉这个傩戏的面具及道具不是很标准，不知道是不是各地不同的原因，我们贵州也有傩戏，我所了解的不是这样的。,可是我感觉这个傩戏的面具及道具不是很标准，不知道是不是各地不同的原因，我们贵州也有傩戏，我所了解的不是这样的。,"['可是', '傩戏', '面具', '道具', '标准', '是不是', '各地', '不同', '原因', '傩戏', '了解', '这样']",可是 傩戏 面具 道具 标准  各地 不同 原因 傩戏 了解 这样,0,评论者基于个人经验对傩戏面具及道具的标准性提出疑问，语气较为平和，使用了“我感觉”、“不知道是不是”等中性表述，没有明显的褒贬情绪，更多是探讨和比较，因此整体情感倾向为中性。
473,老师老师我们戏神也有非遗,老师老师我们戏神也有非遗,"['戏神', '非遗']",戏神 非遗,1,评论中使用了“老师老师”的亲切称呼和“也有非遗”的积极表达，语气带有自豪和分享的意味，体现了对“戏神”相关内容的认可与喜爱，整体情感倾向为正面。
468,如果傩真可以救世人的话，可不可以救救周平,如果傩真可以救世人的话，可不可以救救周平,"['如果', '可以', '救世', '的话', '可不可以', '救救', '周平']",如果  救世 的话 可不 救救 周平,0,该评论表达了对角色命运的关切，通过假设性提问探讨剧情可能性，未使用明显褒贬词汇。虽然带有对角色处境的担忧，但整体语气较为客观，属于探讨性质的中性表达。
475,卡布叻～荔枝（有过周深现场）,卡布叻荔枝（有过周深现场）,"['卡布', '荔枝', '有过', '周深', '现场']",卡布 荔枝 有过 周深 现场,0,该评论仅提及“卡布叻荔枝”和“有过周深现场”的事实性信息，未表达明确的情感倾向或评价性内容，属于中性陈述。
476,这个妆容符合吗,这个妆容符合吗,"['妆容', '符合']",妆容 符合,0,该评论仅询问妆容是否符合要求，没有使用明显的情感词汇，表达的是客观询问或确认的态度，未体现积极或消极情绪，因此属于中性评论。
478,好燃,好燃,['好燃'],好燃,1,评论中“好燃”是网络流行语，常用于表达对激动人心、热血沸腾内容的强烈赞赏，带有明显的积极情绪和兴奋感，整体情感倾向为正面。
474,全认识的，没救了。朝九晚五看盗墓笔记,全认识的，没救了。朝九晚五看盗墓笔记,"['认识', '没救', '朝九晚五', '盗墓', '笔记']",认识 没救 朝九晚五 盗墓 笔记,-1,评论中“没救了”带有明显的消极和否定意味，表达了一种失望或无奈的情绪，暗示对现状或相关内容的负面评价，整体情感倾向为负面。
479,孤独成瘾.,孤独成瘾.,"['孤独', '成瘾']",孤独 成瘾,-1,该评论使用“孤独成瘾”这一表述，暗示长期处于孤独状态并形成依赖，带有明显的消极和压抑色彩，反映了对现状的负面情绪和自我疏离感。
477,梁月！！！你9超绝立绘！,梁月！！！你9超绝立绘！,"['梁月', '超绝', '立绘']",梁月 超绝 立绘,1,评论中使用了“超绝立绘”等高度赞扬的词汇，并带有感叹号加强语气，表达了对角色“梁月”立绘的强烈喜爱和兴奋之情，整体情感倾向非常积极。
481,咸蛋黄味的泡芙,咸蛋黄味的泡芙,"['咸蛋', '黄味']",咸蛋 黄味,0,该评论仅描述了一个具体的食物名称“咸蛋黄味的泡芙”，没有表达任何主观评价或情感色彩，属于客观陈述，因此情感倾向为中性。
480,傩戏我记得有面具那种的,傩戏我记得有面具那种的,"['傩戏', '记得', '面具', '那种']",傩戏 记得 面具 那种,0,该评论仅提及傩戏面具这一文化特征，属于客观描述或知识性询问，未表达个人情感或价值判断，没有明显的积极或消极情绪倾向。
487,从杨溯的小说里认识到了,从杨溯的小说里认识到了,"['杨溯', '小说', '认识']",杨溯 小说 认识,1,该评论表达了通过杨溯的小说获得了认知或启发，使用了“认识到了”这一积极表述，暗示对作品内容的认可和收获感，整体情感倾向为正面。
483,其实去掉1999热度会更高哦,其实去掉1999热度会更高哦,"['其实', '去掉', '1999', '热度']", 去掉 19 热度,-1,该评论以讽刺的口吻暗示《重返未来：1999》去掉其核心设定后反而会更受欢迎，隐含了对游戏现状的不满和批评，整体情感倾向为负面。
484,全都认识的真的这辈子有了,全都认识的真的这辈子有了,"['全都', '认识', '真的', '这辈子']",全都 认识  这辈子,1,评论中“全都认识”表达了对内容或角色的熟悉和认可，“这辈子有了”是网络流行语，表示极大的满足和幸福感，带有强烈的积极情绪，整体情感倾向为正面。
482,第一次知道傩戏这个词好像还是多年前看《边城》这本书，现在都记不清了,第一次知道傩戏这个词好像还是多年前看边城这本书，现在都记不清了,"['第一次', '傩戏', '好像', '多年', '边城', '本书', '记不清']",第一次 傩戏 好像 多年 边城 本书 记不清,0,该评论仅陈述了个人记忆中的事实，提到多年前通过《边城》了解到“傩戏”一词，并表示现在已记不清。语言平实，没有表达明显的喜爱、厌恶或评价，属于中性叙述。
486,所以梁月什么时候狂想,所以梁月什么时候狂想,"['所以', '梁月', '时候', '狂想']", 梁月  狂想,0,该评论仅询问“梁月什么时候狂想”，是一种对内容或角色发展的单纯询问或期待，未使用明显积极或消极的词汇，也未表达强烈的情感倾向，因此属于中性评论。
489,我不得劲！,我不得劲！,['不得劲'],不得劲,-1,评论中使用了“不得劲”这一口语化表达，通常表示身体不适或心情不佳，带有明显的负面情绪，表达了对当前状态的不满或沮丧。
488,说实话真的是从小说里了解到傩戏的,说实话真的是从小说里了解到傩戏的,"['说实话', '真的', '是从', '小说', '了解', '傩戏']",说实话  是从 小说 了解 傩戏,1,评论表达了通过小说了解到傩戏这一传统文化知识的积极感受，使用“说实话”强调真实体验，“了解到”体现了收获和认知提升，整体传递了学习与发现的正面情绪。
490,虽然我不是放学姐，但也不妨碍我祝99,虽然我不是放学姐，但也不妨碍我祝99,"['虽然', '放学', '妨碍', '我祝', '99']",虽然 放学 妨碍 我祝 ,1,该评论表达了对他人的祝福，使用“祝99”这一网络用语表示长久美好的祝愿，体现了积极友好的态度，整体情感倾向为正面。
485,哇哇哇我们天官啊啊啊啊啊啊啊,哇哇哇我们天官啊啊啊啊啊啊啊,"['哇哇', '啊啊啊', '啊啊啊']",哇哇  ,1,评论中使用了多个感叹词“哇哇哇”和重复的“啊啊啊啊啊啊啊”，表现出强烈的兴奋和激动情绪，结合“我们天官”的亲切称呼，表达了对相关内容的高度喜爱和支持，整体情感倾向为正面。
492,竟然有打打电话,竟然有打打电话,"['竟然', '打电话']", 打电话,1,评论中“竟然有”表达惊喜和意外，通常用于积极语境，暗示超出预期的满意感。整体语气带有发现新功能的愉悦感，情感倾向为正面。
491,老师老师，看看我们物华弥新，是文物拟人的二游,老师老师，看看我们物华弥新，是文物拟人的二游,"['看看', '物华', '弥新', '文物', '拟人', '二游']",看看 物华 弥新 文物 拟人 二游,1,评论以亲切的“老师老师”开头，语气热情友好，并主动推荐“物华弥新”这款游戏，使用“文物拟人”等描述展现了对游戏内容的认可和喜爱，整体表达积极且带有推广意图。
493,联欢会有同学跳傩舞,联欢会有同学跳傩舞,"['联欢会', '同学', '傩舞']",联欢会 同学 傩舞,1,评论描述了联欢会上有同学表演傩舞这一传统文化活动，使用了中性陈述语气，但隐含了对文化展示的认可和活动氛围的积极描述，整体情感倾向为正面。
495,茶泡饭❛˓◞˂̵✧,茶泡饭,['茶泡饭'],茶泡饭,0,该评论仅提及“茶泡饭”这一食物名称，未包含任何情感色彩或评价性词汇，无法判断其情感倾向，属于中性表达。
494,我天全是熟人，还有冷的,我天全是熟人，还有冷的,"['天全', '熟人']",天全 熟人,1,评论中“我天”表达惊喜，“全是熟人”体现亲切熟悉感，“冷的”可能指冷门角色或内容，整体语气兴奋且带有发现宝藏的喜悦感，情感倾向积极正面。
497,追偶像的刘丧,追偶像的刘丧,"['偶像', '刘丧']",偶像 刘丧,0,该评论仅提及角色名称“刘丧”，没有表达明确的情感态度或评价性词汇，属于客观陈述，无明显正面或负面情感倾向。
499,蓝刺捉弄人,蓝刺捉弄人,"['蓝刺', '捉弄人']",蓝刺 捉弄人,-1,评论中“捉弄人”一词带有明显的负面含义，暗示了被戏弄或欺骗的感受，表达了对蓝刺行为的不满或批评，整体情感倾向为负面。
502,泪雨模糊视线,泪雨模糊视线,"['泪雨', '模糊', '视线']",泪雨 模糊 视线,-1,评论中“泪雨模糊视线”使用了悲伤的意象，暗示哭泣或情绪低落，表达了强烈的负面情感，整体情感倾向为负面。
498,戴沐白（战神）,戴沐白（战神）,"['戴沐白', '战神']",戴沐白 战神,0,该评论仅提及角色名称“戴沐白（战神）”，未附加任何评价性词汇或情绪表达，属于客观陈述，无明显情感倾向，因此判定为中性。
496,谁懂这张图的含金量,谁懂这张图的含金量,"['张图', '含金量']",张图 含金量,1,评论使用“含金量”这一网络流行语，暗示图片内容具有高价值或深刻意义，表达了对图片的认可和赞赏。整体语气带有分享和共鸣的积极倾向。
501,喜欢汪星人的喵,喜欢汪星人的喵,"['喜欢', '汪星']",喜欢 汪星,0,该评论仅提及用户昵称“喜欢汪星人的喵”，未表达对具体内容的评价或情感倾向，属于中性陈述。
503,玉藻前也来支持了！,玉藻前也来支持了！,"['玉藻', '支持']",玉藻 支持,1,评论中使用了“支持”这一积极词汇，表达了对玉藻前参与行为的认可和欢迎，整体情感倾向为正面。
500,看的想哭，99好不好，喻繁要好好的,看的想哭，99好不好，喻繁要好好的,"['', '99', '好不好', '喻繁', '好好']",   喻繁 好好,1,评论中“看的想哭”表达了对剧情的深度共情，“99好不好”和“要好好的”则体现了对角色（喻繁）的深切关心与祝福，整体情感充满温暖与支持，属于正面情感。
504,9你是真火了,9你是真火了,['真火'],真火,1,评论中“真火了”是网络流行语，表达对对方人气高涨的认可和祝贺，带有积极赞赏的意味，整体情感倾向为正面。
506,轻轻锤醒沉睡的心,轻轻锤醒沉睡的心,"['轻轻', '锤醒', '沉睡']",轻轻 锤醒 沉睡,0,该评论引用了歌词“轻轻锤醒沉睡的心”，本身是一种文艺表达，没有明确的情感倾向。它既未表达积极赞美，也未体现负面批评，仅是一种中性描述或引用。
505,傩戏对不起，我念摊了,傩戏对不起，我念摊了,"['傩戏', '对不起', '我念摊']",傩戏 对不起 我念摊,0,该评论主要表达了用户对“傩戏”一词读音的自我纠正，使用了“对不起”表示歉意，但整体没有明显的积极或消极情绪，属于中性表达。
507,我老家就是傩戏之乡，过节的时候就有传承人出来演,我老家就是傩戏之乡，过节的时候就有传承人出来演,"['老家', '傩戏', '过节', '时候', '传承', '出来']",老家 傩戏 过节  传承 ,1,评论以自豪的口吻介绍家乡文化，使用“傩戏之乡”、“传承人”等积极词汇，表达对传统文化传承的认可和情感认同，整体情感倾向为正面。
508,喜欢山还是喜欢海，喜欢你 999999,喜欢山还是喜欢海，喜欢你 999999,"['喜欢', '喜欢', '喜欢', '', '999999']",喜欢 喜欢 喜欢  ,1,该评论使用了“喜欢”这一积极情感词汇，并通过“999999”这一网络用语（谐音“久久久久久久”）表达长久喜爱的强烈情感，整体传递出明显的喜爱与支持态度。
510,猫咪老师三三酱,猫咪老师三三酱,"['猫咪', '三三酱']",猫咪 三三酱,0,该评论仅提及角色名称“猫咪老师三三酱”，未表达任何主观评价或情感色彩，属于中性陈述，无明确情感倾向。
511,林眠途桉（求不被限流教程）,林眠途桉（求不被限流教程）,"['林眠途', '限流', '教程']",林眠途 限流 教程,0,该评论仅包含用户ID和括号内的求助内容，没有表达对任何事物的情感态度或评价，属于中性陈述，无明显正面或负面倾向。
509,茶泡饭们发话了:99,茶泡饭们发话了:99,"['茶泡饭', '发话', '', '99']",茶泡饭 发话  ,1,评论中使用了“发话了”这一积极表达，结合“99”这一网络用语通常表示祝福或支持，整体传达出对“茶泡饭们”的积极互动和鼓励态度，情感倾向为正面。
513,发光的时间,发光的时间,"['发光', '时间']",发光 时间,0,该评论仅描述“发光的时间”这一客观现象，未使用任何情感倾向明显的词汇，也没有表达明确的立场或态度，属于中性陈述。
514,太好了竟然有重返未来  我们有救了,太好了竟然有重返未来 我们有救了,"['太好了', '竟然', '重返', '未来', '有救']",太好了  重返 未来 有救,1,评论中使用了“太好了”、“有救了”等强烈积极词汇，表达了对“重返未来”这一内容的惊喜和高度期待，整体情感充满喜悦和希望。
512,不道啊，想到了“道爷我成了”,不道啊，想到了道爷我成了,"['不道', '想到']",不道 ,0,该评论使用了“不道啊”表示不确定，后半句“想到了道爷我成了”可能引用网络梗或联想内容，但整体未表达明确的情感倾向，属于中性陈述。
515,太好了，我全看过,太好了，我全看过,"['太好了', '我全', '看过']",太好了 我全 看过,1,评论中使用了“太好了”这一强烈积极词汇，直接表达了喜悦和满足的情感，结合“我全看过”表明对提及内容的熟悉和喜爱，整体情感倾向明确为正面。
516,可以可以，道诡你出息了,可以可以，道诡你出息了,"['可以', '可以', '出息']",  出息,1,评论中使用了“可以可以”表示认可和赞许，“出息了”是网络用语，表达对《道诡》取得进步或成就的肯定与鼓励，整体情感积极正面。
520,第一次知道傩戏是在一个种田游戏里面 桃源深处有人家 特别注重中国的传统文化,第一次知道傩戏是在一个种田游戏里面 桃源深处有人家 特别注重中国的传统文化,"['第一次', '傩戏', '一个', '种田', '游戏', '里面', '桃源', '深处', '人家', '特别', '注重', '中国', '传统文化']",第一次 傩戏 一个 种田 游戏 里面 桃源 深处 人家 特别 注重 中国 传统文化,1,评论中提到“特别注重中国的传统文化”，使用了积极肯定的表述，表达了对游戏传承文化的赞赏，整体情感倾向为正面。
518,破云  行不行呀？,破云 行不行呀？,"['破云', '行不行']",破云 ,-1,评论中“行不行呀？”带有质疑和不满的语气，暗示对《破云》的表现或内容存在失望或批评，整体情感倾向为负面。
517,老师好厉害,老师好厉害,"['好', '厉害']",好 厉害,1,该评论使用了“好厉害”这一积极评价词汇，直接表达了对老师的赞赏和钦佩，情感倾向明确为正面。
519,好运快快来,好运快快来,"['好运', '快快']",好运 快快,1,该评论使用了“好运快快来”这一表达，其中“好运”是积极词汇，“快快来”带有期待和催促的意味，整体传递出对好运降临的积极盼望和乐观情绪，情感倾向为正面。
523,戏惜不嘻嘻,戏惜不嘻嘻,"['戏惜', '嘻嘻']",戏惜 嘻嘻,0,该评论“戏惜不嘻嘻”为网络用语，含义模糊，可能表示调侃或随意回应，但无明确积极或消极词汇，缺乏具体情感指向，整体属于中性表达。
522,好好,好好,['好好'],好好,1,评论中使用了“好好”这一叠词，通常表达满意、赞同或喜爱的情绪，带有积极和轻松的语气，整体情感倾向为正面。
521,@以闪亮之名 以闪你看啊,以闪亮之名 以闪你看啊,"['闪亮', '之名', '以闪']",闪亮 之名 以闪,0,该评论仅提及游戏名称“以闪亮之名”并呼唤“以闪你看啊”，属于简单的提及或呼唤行为，没有表达明确的喜爱、批评或其他情感色彩，因此整体情感倾向为中性。
524,我朋友也要我给她刻，等她明年生日的时候再说吧。我还得好好研究研究,我朋友也要我给她刻，等她明年生日的时候再说吧。我还得好好研究研究,"['朋友', '明年', '生日', '时候', '再说', '好好', '研究', '研究']",朋友 明年 生日  再说 好好 研究 研究,0,该评论主要陈述了朋友请求刻章和作者需要研究的事实，使用了“再说吧”、“研究研究”等中性表达，没有明显积极或消极的情感词汇，整体态度偏向客观陈述。
525,我们9也是好起来了 居然是第一个,我们9也是好起来了 居然是第一个,"['好', '起来', '居然', '第一个']",好 起来 居然 第一个,1,评论中“好起来了”表达积极向上的态度，“第一个”带有自豪和喜悦的情感，整体展现了满意和肯定的情绪，属于正面评价。
526,居然带我们天官和京猫玩,居然带我们天官和京猫玩,"['居然', '天官']",居然 天官,1,评论中“居然带我们天官和京猫玩”表达了惊喜和愉悦的情绪，“带我们玩”带有亲切感和参与感，整体传递出对联动或合作内容的积极认可和喜爱。
528,说真的，混二次之前还不了解非遗，混二次后，自推和非遗联动，见一个爱一个,说真的，混二次之前还不了解非遗，混二次后，自推和非遗联动，见一个爱一个,"['说真的', '二次', '之前', '了解', '非遗', '二次', '自推', '非遗', '联动', '一个', '一个']",说 二次 之前 了解 非遗 二次 自推 非遗 联动 一个 一个,1,评论中“见一个爱一个”表达了通过二次元接触非遗后的喜爱之情，使用“爱”等积极词汇，整体情感倾向为正面，体现了对非遗联动的热情和支持。
527,我就知道 老祖宗留下的东西是最不加修饰的震撼,我就知道 老祖宗留下的东西是最不加修饰的震撼,"['老祖宗', '留下', '东西', '最不加', '修饰', '震撼']",老祖宗 留下 东西 最不加 修饰 震撼,1,评论中“老祖宗留下的东西”带有尊敬和自豪的情感，“最不加修饰的震撼”使用了强烈积极的词汇，表达了对传统文化或遗产的由衷赞叹和正面评价，整体情感倾向明显为正面。
531,唐朝诡事录也是好起来了,唐朝诡事录也是好起来了,"['唐朝', '诡事录', '好', '起来']",唐朝 诡事录 好 起来,1,评论中“好起来了”是积极表达，通常用于描述事物向好的方向发展，带有欣慰和赞赏的意味，整体情感倾向为正面。
530,『光 风 霁 月』,光 风 霁 月,[],,1,该评论使用了“光风霁月”这一成语，形容人物或事物光明磊落、品格高尚，带有明显的赞美和欣赏意味，整体情感倾向为正面。
529,我读摊戏,我读摊戏,"['', '读摊戏']", 读摊戏,0,该评论仅陈述了“我读摊戏”这一事实，没有使用任何表达情感倾向的词汇，也未涉及评价或情绪表达，因此整体情感倾向为中性。
534,还有俺们野生荔枝喵,还有俺们野生荔枝喵,"['俺们', '野生', '荔枝']",俺们 野生 荔枝,1,"评论中使用了""俺们""等亲切的称呼和""野生荔枝喵""这样可爱的网络用语，表达了一种归属感和喜爱之情，整体情感倾向为正面。"
532,水煮凉白开,水煮凉白开,"['水煮', '凉白开']",水煮 凉白开,0,该评论仅描述了“水煮凉白开”这一行为或物品，没有使用任何带有情感色彩的词汇，也没有表达明确的喜好或厌恶，因此整体情感倾向为中性。
535,世界坏______,世界坏,['世界'],世界,-1,该评论直接表达了“世界坏”这一消极判断，使用负面词汇“坏”来概括对世界的整体评价，反映出评论者可能存在的失望、不满或悲观情绪，整体情感倾向明确为负面。
536,9P来支持了,9P来支持了,"['9P', '支持']",9P 支持,1,评论中“支持了”明确表达了积极的支持态度，使用“9P”这一特定称呼也体现了对相关方的熟悉与认可，整体传递出友好、鼓励的正面情感。
533,99好不好，景贝88好不好，放过他们好不好,99好不好，景贝88好不好，放过他们好不好,"['', '99', '好不好', '景贝', '88', '好不好', '放过', '好不好']",   景贝 88  放过 ,-1,该评论通过反复使用“好不好”的恳求句式，表达了对当前状况的不满和无奈，带有明显的负面情绪。评论者似乎在恳求他人停止某种行为，透露出对“他们”处境的担忧和不满，整体情感倾向为负面。
537,我是王亿的dog（忠爱王亿）,我是王亿的dog（忠爱王亿）,"['dog', '忠爱王']",dog 忠爱王,1,该评论通过“dog（忠爱王亿）”的表达方式，以网络用语形式强调对“王亿”的忠诚和喜爱，带有明显的积极情感色彩，整体倾向为正面。
539,酸柚子会酸到牙,酸柚子会酸到牙,"['柚子', '会酸到']",柚子 会酸到,-1,评论中“酸到牙”是一种夸张的负面表达，通常用来形容事物过于酸涩，带来不愉快的体验。这种说法带有明显的抱怨和不满情绪，暗示了负面的感受。
538,99！爷爷太厉害了！！,99！爷爷太厉害了！！,"['', '99', '爷爷', '厉害']",   厉害,1,评论中使用了“太厉害了”这样的积极评价词汇，并配合感叹号表达强烈赞赏，整体情感明显为正面，体现了对“爷爷”的敬佩和喜悦之情。
543,这是不就是东北大仙那一类。,这是不就是东北大仙那一类。,"['东北', '大仙', '一类']",东北 大仙 一类,0,该评论仅提出一个类比性的疑问，将内容与“东北大仙”进行类比，没有表达明显的褒贬态度或情感倾向，属于中性评论。
542,京剧猫 居然带猫玩,京剧猫 居然带猫玩,"['京剧', '居然', '带猫']",京剧 居然 带猫,1,评论中“居然带猫玩”带有惊喜和赞赏的语气，表达了对于京剧猫联动内容的意外之喜和积极认可，整体情感倾向为正面。
540,不得不提到兰陵王的傩神司了,不得不提到兰陵王的傩神司了,"['不得不', '提到', '兰陵王', '傩神']",不得不 提到 兰陵王 傩神,0,该评论仅提及了“兰陵王的傩神司”这一具体内容，属于客观陈述或联想，没有表达出明显的喜爱、批评或情感倾向，因此整体情感为中性。
544,一个月几百块，玩什么命？,一个月几百块，玩什么命？,"['一个月', '几百块']",一个月 几百块,-1,"评论通过反问语气表达了对低报酬高强度工作的不满和讽刺，""玩什么命""暗示付出与回报不成正比，带有明显的消极情绪和无奈感。"
546,宝，这次拍的特别好，特别棒,宝，这次拍的特别好，特别棒,"['这次', '特别', '好', '特别', '棒']", 特别 好 特别 棒,1,评论中使用了“特别好”、“特别棒”等强烈积极的形容词，并带有亲昵称呼“宝”，表达了对拍摄成果的高度赞扬和喜爱，整体情感倾向明显为正面。
545,怎么这个傩戏看起来和我老家的不一样，是别的地方的吗,怎么这个傩戏看起来和我老家的不一样，是别的地方的吗,"['傩戏', '看起来', '老家', '一样', '别的', '地方']",傩戏 看起来 老家 一样 别的 地方,0,该评论仅表达了对傩戏地域差异的疑问，使用“看起来不一样”等中性描述进行客观询问，未包含明显的积极或消极情感词汇，整体情感倾向为中性。
548,绝望的杂食党,绝望的杂食党,"['绝望', '杂食']",绝望 杂食,-1,评论中“绝望”一词直接表达了强烈的负面情绪，暗示杂食党在特定情境下感到无助或不满，整体情感倾向明显为负面。
541,玩9腰杆子最硬的一次！,玩9腰杆子最硬的一次！,"['腰杆子', '最硬', '一次']",腰杆子 最硬 一次,1,评论中“腰杆子最硬”是网络流行语，通常用来形容某人或某事非常有底气、自信或强势，带有明显的赞赏和自豪意味。结合语境，这句话表达了对“玩9”的积极肯定和骄傲感，整体情感倾向为正面。
549,新春版本已加载百分之九十，期待打打电话狂想,新春版本已加载百分之九十，期待打打电话狂想,"['新春', '版本', '加载', '百分之九十', '期待', '打电话', '狂想']",新春 版本 加载 百分之九十 期待 打电话 狂想,1,评论中使用了“期待”这一积极词汇，表达了对新春版本到来的盼望和兴奋之情，整体情感倾向为正面。
547,要不是因为我们家这里之前建了一个旅游点傩城，我都不知道傩戏的存在，听说可以看，就是一边吃着三幺台（这个是一种吃席文化叫三幺台），一边可以看来着，结果没约上，愣是没看过也没吃过,要不是因为我们家这里之前建了一个旅游点傩城，我都不知道傩戏的存在，听说可以看，就是一边吃着三幺台（这个是一种吃席文化叫三幺台），一边可以看来着，结果没约上，愣是没看过也没吃过,"['要不是', '因为', '这里', '之前', '建了', '一个', '旅游点', '傩城', '傩戏', '存在', '听说', '可以', '一边', '一种', '吃席', '文化', '一边', '可以', '看来', '结果', '没约', '看过', '没吃过']",要不是  这里 之前 建了 一个 旅游点 傩城 傩戏 存在 听说   一种 吃席 文化   看来 结果 没约 看过 没吃过,0,该评论主要陈述了作者对傩戏和三幺台的了解过程及未能体验的遗憾，使用了“听说可以看”、“结果没约上”等中性描述，没有明显的积极或消极情感表达，整体偏向客观叙述。
550,啊啊啊啊啊京剧猫,啊啊啊啊啊京剧猫,"['啊啊啊', '京剧']", 京剧,1,评论中使用了“啊啊啊啊啊”这样的强烈感叹词，表达出兴奋和激动的情感，结合“京剧猫”这一具体对象，整体传递出对京剧猫的喜爱和热情，情感倾向明显为正面。
551,陈导我们喜欢你,陈导我们喜欢你,"['陈导', '喜欢']",陈导 喜欢,1,该评论直接表达了对陈导的喜爱，使用“喜欢你”这一明确表达好感的词汇，情感倾向清晰且积极，属于正面评价。
554,中间是不是闪过一个梁月,中间是不是闪过一个梁月,"['中间', '是不是', '闪过', '一个', '梁月']",中间  闪过 一个 梁月,0,该评论仅询问画面中是否出现特定角色“梁月”，属于客观观察或确认信息，未表达明显的情感倾向，因此判断为中性。
552,不做二次元没流量，做了又觉得,不做二次元没流量，做了又觉得,"['二次元', '流量']",二次元 流量,-1,评论表达了对于“做二次元”这一行为的矛盾与不满，暗示即使为了流量而做，内心仍感到不适或勉强，带有明显的负面情绪和无奈感。
553,我们这边的本地傩戏，我有点看不懂,我们这边的本地傩戏，我有点看不懂,"['这边', '本地', '傩戏', '有点', '看不懂']",这边 本地 傩戏 有点 看不懂,0,该评论仅陈述了对本地傩戏“有点看不懂”的个人感受，没有使用明显的积极或消极词汇，也没有表达强烈的情感倾向，属于客观描述个人体验的中性评论。
555,豫剧推荐一下,豫剧推荐一下,"['豫剧', '推荐', '一下']",豫剧 推荐 ,0,该评论仅提出“豫剧推荐一下”的请求，属于信息询问或寻求建议，未表达明确的情感倾向或评价，因此情感倾向为中性。
556,特别喜欢这个小曲,特别喜欢这个小曲,"['特别', '喜欢', '小曲']",特别 喜欢 小曲,1,评论中使用了“特别喜欢”这一明确表达喜好的积极词汇，直接传达了对“小曲”的强烈赞赏和喜爱之情，情感倾向清晰且积极。
557,其实有一个游戏，但是特别特别小众啊。里面全是古代的文物,其实有一个游戏，但是特别特别小众啊。里面全是古代的文物,"['其实', '一个', '游戏', '但是', '特别', '特别', '小众', '里面', '全是', '古代', '文物']", 一个 游戏 但是 特别 特别 小众 里面 全是 古代 文物,0,该评论仅客观描述了一个游戏“特别特别小众”且内容涉及古代文物，没有使用明显的情感词汇表达喜好或厌恶，属于陈述事实的中性表达。
558,傩戏不是应该带恐怖面具吗,傩戏不是应该带恐怖面具吗,"['傩戏', '应该', '恐怖', '面具']",傩戏 应该 恐怖 面具,0,该评论以疑问句形式提出关于傩戏面具的认知问题，仅表达对文化细节的疑问或信息确认，未使用明显情感词汇或表达主观态度，属于中性陈述。
560,该怎么撒娇,该怎么撒娇,['撒娇'],撒娇,0,该评论仅询问撒娇的方式，属于寻求建议或信息的表达，没有明显的情感倾向，既无积极词汇也无负面情绪，因此判断为中性。
559,太快了可以出图片吗欣赏不过来美的,太快了可以出图片吗欣赏不过来美的,"['太快', '可以', '图片', '欣赏', '过来', '美的']",太快  图片 欣赏 过来 美的,1,评论中“太快了”可能表示内容更新迅速令人惊喜，“美的”直接表达对视觉效果的赞美，“欣赏不过来”则隐含了内容优质丰富的积极感受，整体透露出喜爱和期待的情感。
563,第一次听说傩戏，长知识了，真的好漂亮,第一次听说傩戏，长知识了，真的好漂亮,"['第一次', '听说', '傩戏', '知识', '真的', '好', '漂亮']",第一次 听说 傩戏 知识  好 漂亮,1,评论中使用了“长知识了”、“好漂亮”等积极词汇，表达了对傩戏的欣赏和获得新知的喜悦，整体情感倾向为正面。
562,美瞳和卧蚕是真是离谱,美瞳和卧蚕是真是离谱,"['美瞳', '卧蚕', '真是', '离谱']",美瞳 卧蚕 真是 离谱,-1,评论中使用了“离谱”这一贬义词汇，直接表达了对美瞳和卧蚕效果的不满或批评，带有明显的负面情绪，整体情感倾向为负面。
565,恨世间缘分浅,恨世间缘分浅,"['世间', '缘分']",世间 缘分,-1,评论中“恨”字直接表达了强烈的负面情绪，而“缘分浅”则带有遗憾和无奈的情感色彩，整体传达了对于人际关系或命运的不满与失落感。
568,桃源深处有人家 了解到的,桃源深处有人家 了解到的,"['桃源', '深处', '人家', '了解']",桃源 深处 人家 了解,0,该评论仅陈述了“了解到的”这一事实性信息，没有表达任何情感倾向或价值判断，属于中性表达。
561,所愛隔山海.,所愛隔山海.,"['所愛隔', '山海']",所愛隔 山海,0,该评论仅引用诗句“所爱隔山海”，未附加明显的情感词汇或具体评价。诗句本身表达距离阻隔，但未直接表明积极或消极态度，属于中性表达。
567,其实小学美术里面都讲过,其实小学美术里面都讲过,"['其实', '小学', '美术', '里面']", 小学 美术 里面,0,该评论仅陈述“小学美术里面都讲过”这一事实，没有表达明显的褒贬情绪，也未体现个人强烈的好恶或评价，因此整体情感倾向为中性。
570,好美啊啊啊啊啊,好美啊啊啊啊啊,"['好美', '啊啊啊']",好美 ,1,评论中使用了“好美”并带有重复感叹词“啊啊啊啊啊”，表达了强烈的赞美和兴奋情绪，整体情感倾向明显为正面。
564,喜欢的博主和喜欢的ip联动了！！！太幸福了,喜欢的博主和喜欢的ip联动了！！！太幸福了,"['喜欢', '博主', '喜欢', 'ip', '联动', '幸福']",喜欢 博主 喜欢 ip 联动 幸福,1,评论中使用了“喜欢”、“太幸福了”等强烈积极词汇，表达了博主对联动事件的极度喜悦和满足感，整体情感倾向非常明确且积极。
571,第一次知道傩戏是游戏神舞幻想里面，这游戏剧情还是不错的，结局(天咏)把女娲召唤出来那段挺感人的,第一次知道傩戏是游戏神舞幻想里面，这游戏剧情还是不错的，结局(天咏)把女娲召唤出来那段挺感人的,"['第一次', '傩戏', '游戏', '神舞', '幻想', '里面', '游戏', '剧情', '不错', '结局', '天咏', '女娲', '召唤', '出来', '那段', '感人']",第一次 傩戏 游戏 神舞 幻想 里面 游戏 剧情 不错 结局 天咏 女娲 召唤  那段 感人,1,评论中使用了“不错”、“挺感人的”等积极词汇，表达了对游戏剧情和特定情节的肯定与欣赏，整体情感倾向为正面。
566,有幸拍成了毕设,有幸拍成了毕设,"['有幸', '拍成', '毕设']",有幸 拍成 毕设,1,评论中“有幸”一词表达了幸运和感激的情绪，通常用于积极语境，暗示对能够将某事物拍成毕业设计感到开心和满足，整体情感倾向为正面。
569,突然想起了小花献祭,突然想起了小花献祭,"['突然', '想起', '小花', '献祭']",突然 想起 小花 献祭,-1,评论中提到的“献祭”一词通常带有牺牲、悲剧的负面含义，暗示了悲伤或遗憾的情感。这种表达容易引发对角色命运或剧情发展的消极联想，整体情感倾向为负面。
572,我老家湖南怀化沅陵也有这个，小时候还不知道傩这个字怎么念,我老家湖南怀化沅陵也有这个，小时候还不知道傩这个字怎么念,"['老家', '怀化', '沅陵', '小时候']",老家 怀化 沅陵 小,0,该评论仅陈述了个人经历和认知状态，提到家乡有类似事物及小时候不认识“傩”字，未表达明显积极或消极情绪，属于中性叙述。
573,以闪亮之名来了！！！,以闪亮之名来了！！！,"['闪亮', '之名']",闪亮 之名,1,评论使用了感叹号表达兴奋和期待，整体语气积极，表明对“以闪亮之名”的到来感到高兴和欢迎，情感倾向明显为正面。
574,陈伶可以吗,陈伶可以吗,"['陈伶', '可以']",陈伶 ,0,该评论仅以询问形式表达对角色“陈伶”的参与可能性的关注，未使用明显积极或消极的词汇，也未表达明确的情感立场，属于中性询问。
577,“陈景深你喜欢山还是喜欢海”,陈景深你喜欢山还是喜欢海,"['景深', '喜欢', '喜欢']",景深 喜欢 喜欢,0,该评论仅询问个人偏好，未表达明确的情感态度或价值判断，属于中性提问，没有正面或负面的情感倾向。
576,快更新了我的好姐姐,快更新了我的好姐姐,"['更新', '好', '姐姐']",更新 好 姐姐,1,评论中“快更新了”表达了对内容更新的期待和催促，“我的好姐姐”带有亲昵和撒娇的语气，整体传递出积极、友好的情感，属于正面倾向。
575,爷爷天天开心 幸福99,爷爷天天开心 幸福99,"['爷爷', '天天开心', '', '幸福', '99']", 天天开心  幸福 ,1,该评论使用了“天天开心”、“幸福99”等祝福性词汇，表达了对“爷爷”的美好祝愿和积极情感，整体情感倾向明显为正面。
580,看到打打电话的那一刻我承认我笑了@载酒寻歌 @：P @枇杷ユ @叫我咖啡就行,看到打打电话的那一刻我承认我笑了载酒寻歌 ：P 枇杷 叫我咖啡就行,"['看到', '打电话', '那一刻', '承认', '寻歌', '枇杷', '咖啡', '就行']",看到 打电话 那一刻 承认 寻歌 枇杷 咖啡 就行,1,评论中使用了“我笑了”这一表达，表明用户在看到内容时产生了愉悦和开心的情绪，整体情感倾向积极正面。
581,04年大学就知道江西在举办傩文化艺术节,04年大学就知道江西在举办傩文化艺术节,"['04', '大学', '举办', '文化', '艺术节']",04 大学 举办 文化 艺术节,0,该评论仅陈述了“04年大学就知道江西在举办傩文化艺术节”这一事实性信息，没有表达明显的喜爱、批评或情感倾向，属于中性叙述。
579,贵州遵义道真这个地方有大家可以去看看,贵州遵义道真这个地方有大家可以去看看,"['遵义', '地方', '大家', '可以', '看看']",遵义 地方 大家  看看,1,该评论使用了“可以去看看”这样的建议性表达，带有推荐和鼓励的意味，整体传递出对遵义道真这个地方的认可和好感，情感倾向为正面。
584,房仪隘不死不改名,房仪隘不死不改名,"['房仪', '改名']",房仪 改名,0,该评论仅包含一个用户ID“房仪隘不死不改名”，没有表达对任何事物的评价或情感态度，属于陈述性内容，无明显情感倾向。
583,傩戏可不是什么鬼怪其实主要就是驱逐邪祟疾病灾厄,傩戏可不是什么鬼怪其实主要就是驱逐邪祟疾病灾厄,"['傩戏', '可不是', '鬼怪', '其实', '主要', '驱逐', '邪祟', '疾病', '灾厄']",傩戏 可不是 鬼怪  主要 驱逐 邪祟 疾病 灾厄,0,该评论主要是在解释傩戏的文化内涵，说明其驱逐邪祟疾病灾厄的功能，属于客观陈述事实，没有表达个人喜好或情绪倾向，因此情感为中性。
578,将军傩舞是这个不？,将军傩舞是这个不？,"['将军', '傩舞']",将军 傩舞,0,该评论仅询问“将军傩舞”是否指代特定内容，属于信息确认或寻求澄清的表达。语句中未使用明显带有情感倾向的词汇，也没有表达出赞赏、批评或情绪化的态度，因此整体情感倾向为中性。
585,好看！,好看！,['好看'],好看,1,该评论使用了“好看！”这一直接且强烈的积极表达，感叹号增强了赞赏的语气，明确表达了对内容或作品的喜爱与肯定，整体情感倾向为正面。
586,还带我们荔枝喵,还带我们荔枝喵,['荔枝'],荔枝,1,评论中“还带我们荔枝喵”使用了亲切的称呼“我们”和可爱的昵称“荔枝喵”，表达了对提及对象的喜爱和归属感，整体情感积极温暖。
582,就很喜欢这种美艳又怪诞的感觉,就很喜欢这种美艳又怪诞的感觉,"['喜欢', '这种', '美艳', '怪诞']",喜欢  美艳 怪诞,1,评论中使用了“很喜欢”这一明确表达喜好的词汇，同时“美艳”和“怪诞”虽为不同风格，但整体组合表达了对独特艺术风格的欣赏和肯定，情感倾向积极正面。
589,来支持了,来支持了,['支持'],支持,1,该评论使用“来支持了”表达积极参与和鼓励的态度，体现了对相关内容的认可和拥护，整体情感倾向为正面。
590,第一次知道傩戏是桃源,第一次知道傩戏是桃源,"['第一次', '傩戏', '桃源']",第一次 傩戏 桃源,0,该评论仅陈述了“第一次知道傩戏是桃源”这一事实，没有使用明显的情感词汇或表达个人态度，属于客观陈述，因此情感倾向为中性。
587,天呐没有人夸一下这个创意吗,天呐没有人夸一下这个创意吗,"['天呐', '一下', '创意']",  创意,1,该评论以“天呐”开头表达惊喜，并通过反问句式“没有人夸一下这个创意吗”强烈呼吁赞赏，隐含了对创意的喜爱和肯定态度，整体情感倾向为正面。
591,谁懂吴邪的救赎？,谁懂吴邪的救赎？,"['吴邪', '救赎']",吴邪 救赎,1,该评论以“谁懂”引发共鸣，表达对“吴邪的救赎”这一情节或角色的深刻理解和情感认同，隐含赞赏与共情，整体情感倾向为正面。
588,爷爷这个行不行,爷爷这个行不行,"['爷爷', '行不行']", ,0,该评论仅以询问形式表达对“爷爷这个行不行”的疑问，没有使用明显的积极或消极词汇，也未表达明确的情感立场，属于中性询问。
593,戏神好不好,戏神好不好,"['戏神', '好不好']",戏神 ,0,该评论仅询问“戏神好不好”，没有表达明确的情感倾向或评价，属于中性询问句式，无法判断正面或负面情感。
596,是道诡异仙里那个傩戏嘛,是道诡异仙里那个傩戏嘛,"['诡异', '仙里', '傩戏']",诡异 仙里 傩戏,0,该评论仅是对内容进行询问和确认，没有表达明显的积极或消极情绪，属于中性提问。
592,老师有品！,老师有品！,['有品'],有品,1,评论中“有品”是网络用语，表示有品位、有眼光，属于积极评价词汇。该表达简洁直接地表达了对老师的赞赏和认可，整体情感倾向明显为正面。
597,打打电话好评,打打电话好评,"['打电话', '好评']",打电话 好评,1,"评论中使用了""好评""这一明确表示赞赏的词汇，直接表达了用户对""打打电话""这一内容或功能的积极认可和满意态度，整体情感倾向为正面。"
594,我的天呐，姐，这么高质,我的天呐，姐，这么高质,"['天呐', '这么', '高质']",  高质,1,"评论中使用了""我的天呐""表示惊叹，""这么高质""直接表达对内容质量的极高赞赏，整体语气充满惊喜和肯定，情感倾向明显为正面。"
595,“好可怕，人到底能有多幸福”,好可怕，人到底能有多幸福,"['好', '可怕', '到底', '幸福']",好 可怕 到底 幸福,1,评论中“好可怕”在此语境中并非表达恐惧，而是通过夸张手法强调幸福程度之高，结合“人到底能有多幸福”的感叹，整体传达出对幸福感的惊叹和积极情绪，属于正面情感。
598,卧槽戏神！！！,卧槽戏神！！！,"['卧槽', '戏神']",戏神,1,评论中“卧槽”作为感叹词表达强烈惊喜，“戏神”则是对角色或表演的高度赞誉，整体语气充满兴奋和赞赏，情感倾向明显为正面。
603,完了，全认识,完了，全认识,['认识'],认识,-1,评论中的“完了”带有明显的消极和无奈情绪，暗示了一种不情愿或失望的态度，整体表达了对“全认识”这一情况的负面感受。
601,天呐，这太棒了吧？精神的极致高潮，感官的高度碰撞，曾经的精神文化和现在的新一代的精神文化的结合,天呐，这太棒了吧？精神的极致高潮，感官的高度碰撞，曾经的精神文化和现在的新一代的精神文化的结合,"['天呐', '太棒了', '精神', '极致', '高潮', '感官', '高度', '碰撞', '曾经', '精神', '文化', '新一代', '精神', '文化', '结合']", 太棒了 精神 极致 高潮 感官 高度 碰撞 曾经 精神 文化 新一代 精神 文化 结合,1,评论中使用了“太棒了”、“极致高潮”、“高度碰撞”等强烈积极的词汇，表达了对新旧精神文化结合的极度赞赏和兴奋，整体情感倾向非常正面。
600,我也喜欢，傩舞傩戏，王者刚好出来一款,我也喜欢，傩舞傩戏，王者刚好出来一款,"['喜欢', '傩舞', '傩戏', '王者', '刚好', '出来', '一款']",喜欢 傩舞 傩戏 王者 刚好  一款,1,评论中使用了“我也喜欢”直接表达了对傩舞傩戏的积极态度，并提到“王者刚好出来一款”暗示了对相关内容的关注和认可，整体情感倾向为正面。
599,我们打打电话和陈伶有出息了@小赵大口吃 @Mercy.（717登船有戒指版） @creek,我们打打电话和陈伶有出息了小赵大口吃 Mercy.（717登船有戒指版） creek,"['打电话', '陈伶有', '出息', '赵大', '口吃', 'Mercy', '717', '登船', '戒指', 'creek']",打电话 陈伶有 出息 赵大 口吃 Mercy 717 登船 戒指 creek,1,评论中“有出息了”、“大口吃”等词汇带有鼓励和喜悦的情感，结合“登船有戒指版”这一积极事件描述，整体表达了对角色或情境的肯定与支持，情感倾向为正面。
607,我不是戏神里听过这个，以为读tan,我不是戏神里听过这个，以为读tan,"['戏神里', '', '以为', 'tan']",戏神里  以为 tan,0,该评论仅陈述了个人对词语读音的误解，没有表达明显的喜爱、不满或评价，属于中性的事实陈述。
602,爷爷长命百岁,爷爷长命百岁,"['爷爷', '长命百岁']", 长命百岁,1,评论中“长命百岁”是传统祝福语，表达对爷爷健康长寿的美好祝愿，带有强烈的积极情感和关爱之意，整体情感倾向为正面。
605,以闪你的了,以闪你的了,"['以闪', '']",以闪 ,0,该评论仅提及游戏名称“以闪”，未包含明确的情感词汇或评价性内容，属于简单的陈述性表达，没有表现出明显的正面或负面情绪倾向。
606,必须集中注意力,必须集中注意力,"['必须', '集中', '注意力']",必须 集中 注意力,0,该评论仅表达了“必须集中注意力”这一客观要求或提醒，未使用明显的情感词汇，也未表达对特定事物的褒贬态度，整体情感倾向为中性。
604,都说苦尽甘来，我们小说妹苦了一年又一年，99,都说苦尽甘来，我们小说妹苦了一年又一年，99,"['苦尽甘来', '小说', '妹苦', '一年', '一年', '', '99']",苦尽甘来 小说 妹苦 一年 一年  ,-1,评论通过“苦了一年又一年”强调长期的不易与艰辛，虽结尾有“99”的祝福，但整体以“苦尽”未“甘来”的抱怨为主，透露出对现状的疲惫与不满，情感倾向负面。
608,Mr.重塑·整合苹果,Mr.重塑整合苹果,"['Mr', '重塑', '整合', '苹果']",Mr 重塑 整合 苹果,0,该评论仅提及“Mr.重塑整合苹果”，内容为客观陈述或引用，未使用明显情感词汇，也未表达个人态度或评价，因此整体情感倾向为中性。
610,盗墓笔记来一个！,盗墓笔记来一个！,"['盗墓', '笔记', '一个']",盗墓 笔记 一个,1,该评论表达了用户对《盗墓笔记》联动的期待和喜爱，使用感叹号增强了积极情绪，整体情感倾向为正面。
612,第一次听傩戏，好震撼,第一次听傩戏，好震撼,"['第一次', '傩戏', '好', '震撼']",第一次 傩戏 好 震撼,1,评论中使用了“好震撼”这一强烈积极的表达，直接传达出对傩戏表演的深刻感受和高度赞赏，体现了明显的正面情感倾向。
611,真神来的。,真神来的。,['真神'],真神,1,该评论使用了“真神来的”这一网络流行语，表达了对内容或人物的高度赞赏和崇拜，带有强烈的积极情感色彩，整体情感倾向为正面。
614,在上中国传统文化课，刚好在放戏曲,在上中国传统文化课，刚好在放戏曲,"['中国', '传统', '文化课', '刚好', '戏曲']",中国 传统 文化课 刚好 戏曲,0,该评论仅陈述了“在上中国传统文化课，刚好在放戏曲”这一事实，没有表达明显的喜好、评价或情绪倾向，属于客观描述，因此情感倾向为中性。
609,所以小花当时跳的是这个舞蹈吗？献祭古神,所以小花当时跳的是这个舞蹈吗？献祭古神,"['所以', '小花', '当时', '舞蹈', '献祭', '古神']", 小花 当时 舞蹈 献祭 古神,0,该评论以疑问句形式询问舞蹈内容，后半句“献祭古神”可能指代某个具体情节或梗，但整体语气是询问和陈述，没有表达明显的喜爱、厌恶或情绪倾向，属于中性评论。
613,哇塞哇塞，爷爷好厉害٩(๑ᵒ̴̶̷͈᷄ᗨᵒ̴̶̷͈᷅)و ，好棒好棒(๑•̀ㅂ•́) ✧,哇塞哇塞，爷爷好厉害() ，好棒好棒(),"['哇塞', '哇塞', '爷爷', '好', '厉害', '好', '棒', '好', '棒']",哇塞 哇塞  好 厉害 好 棒 好 棒,1,该评论使用了“哇塞哇塞”、“好厉害”、“好棒好棒”等强烈积极的感叹词和赞美词汇，表达了对“爷爷”的敬佩和赞赏，整体情感倾向明显为正面。
615,不要骂了，小情侣都99啊,不要骂了，小情侣都99啊,"['不要', '情侣', '99']",不要 情侣 ,1,评论中“不要骂了”带有劝解意味，而“小情侣都99啊”使用了网络用语“99”（谐音“久久”），表达了对情侣长久幸福的祝福，整体情感积极友善，倾向正面。
616,真的很美啊,真的很美啊,"['真的', '很美']", 很美,1,评论中使用了“很美啊”这样的积极赞美词汇，直接表达了对事物的喜爱和欣赏，整体情感倾向明显为正面。
622,好好看,好好看,['好好看'],好好看,1,评论中使用了“好好看”这一积极表达，直接表达了对内容的喜爱和赞赏，整体情感倾向明显为正面。
617,以前叫封建迷信来的,以前叫封建迷信来的,"['以前', '封建迷信']",以前 封建迷信,0,该评论仅陈述了一个历史事实或社会现象，没有表达个人情感或价值判断，如“叫封建迷信来的”是客观描述，未使用明显褒贬词汇，因此情感倾向为中性。
619,傩戏！！！,傩戏！！！,['傩戏'],傩戏,1,评论中使用了“傩戏！！！”的表达，感叹号增强了情感强度，体现出对傩戏元素的兴奋和惊喜，整体情感倾向为正面。
618,栩你渝生^O^,栩你渝生O,['你渝生'],你渝生,0,该评论仅提及“栩你渝生O”这一短语，未包含明确的情感词汇或表达倾向。内容可能为角色名、作品名或特定称呼，缺乏上下文信息，无法判断其情感色彩，因此归类为中性。
620,傩舞起百病消 ！！！,傩舞起百病消 ！！！,"['傩舞', '百病']",傩舞 百病,1,评论中使用了“傩舞起百病消”这一传统祈福用语，感叹号增强了兴奋和肯定的语气，整体表达了对傩舞文化积极、吉祥的赞美与期待，情感倾向明显为正面。
621,可以做一个西施宝宝的乘鲤谣吗,可以做一个西施宝宝的乘鲤谣吗,"['可以', '一个', '西施', '宝宝', '鲤谣']", 一个 西施  鲤谣,1,该评论使用“西施宝宝”等亲昵称呼和“乘鲤谣”这一富有诗意的表达，体现了对角色或内容的喜爱与期待，整体情感倾向为正面。
623,啊啊啊！太美了！,啊啊啊！太美了！,"['啊啊啊', '太美']", 太美,1,该评论使用了“啊啊啊”的感叹词和“太美了”的强烈赞美词汇，表达了激动和高度赞赏的情感，整体情感倾向非常积极正面。
624,确定这是傩戏吗，不要戴面具吗？,确定这是傩戏吗，不要戴面具吗？,"['确定', '这是', '傩戏', '不要', '戴面具']",确定 这是 傩戏 不要 戴面具,0,该评论以疑问句形式提出对傩戏面具的疑惑，仅表达对文化细节的求证态度，未使用明显情感词汇或表达主观评价，整体情感倾向为中性。
626,傩戏在道真县,傩戏在道真县,"['傩戏', '真县']",傩戏 真县,0,该评论仅陈述了“傩戏在道真县”这一事实，未使用任何带有情感倾向的词汇或表达个人观点，属于客观信息描述，因此情感倾向为中性。
625,小时候看的傩戏都是带面具的呀,小时候看的傩戏都是带面具的呀,"['小时候', '傩戏', '面具']",小 傩戏 面具,0,该评论仅陈述了个人记忆中的事实，提到“小时候看的傩戏都是带面具的”，没有使用明显的情感词汇或表达主观评价，属于客观描述，因此情感倾向为中性。
627,忘羡99好不好,忘羡99好不好,"['忘羡', '99', '好不好']",忘羡  ,1,评论中使用了“忘羡99”这一表达，其中“99”是网络用语中“久久”的谐音，常用于祝福情侣长久，带有明显的积极和祝福意味，整体情感倾向为正面。
628,调研过江西傩戏,调研过江西傩戏,"['调研', '傩戏']",调研 傩戏,0,该评论仅陈述了“调研过江西傩戏”这一事实性信息，没有使用任何表达个人喜好、评价或情感的词汇，因此情感倾向为中性。
630,我的妈，京剧猫！,我的妈，京剧猫！,['京剧'],京剧,1,评论中“我的妈”是表达惊喜的网络用语，结合“京剧猫！”的感叹句式，体现了用户对联动内容的兴奋与喜爱，整体情感积极正面。
629,猫猫晕倒ゅᐝ,猫猫晕倒,"['猫猫', '晕倒']",猫猫 晕倒,0,该评论仅描述了“猫猫晕倒”这一客观现象，未使用明显的情感词汇，也未表达个人态度或评价，因此情感倾向为中性。
631,幸福好不好？,幸福好不好？,"['', '', '幸福', '好不好']",幸福 ,0,该评论以疑问句形式提出“幸福好不好？”，没有明确的积极或消极情感表达，仅是对幸福概念的探讨或询问，缺乏具体的情感倾向，因此属于中性评论。
633,看到梁月了，这就是我们1999养出来的兵,看到梁月了，这就是我们1999养出来的兵,"['看到', '梁月', '1999', '出来']",看到 梁月 19 ,1,评论中“养出来的兵”带有自豪和成就感的意味，表达了对角色成长和游戏培养系统的认可与喜爱，整体情感积极正面。
632,去年桃源的中元节活动就是联动这个，活动内容真的非常用心!!!,去年桃源的中元节活动就是联动这个，活动内容真的非常用心!!!,"['去年', '桃源', '中元节', '活动', '联动', '活动', '内容', '真的', '非常', '用心']",去年 桃源 中元节 活动 联动 活动 内容  非常 用心,1,评论中使用了“非常用心”等强烈积极词汇，并搭配感叹号强调，明确表达了对活动内容的高度赞赏和喜爱，整体情感倾向为正面。
636,傩戏！！！！！我家那边的！！！！！！！！,傩戏！！！！！我家那边的！！！！！！！！,"['傩戏', '我家', '那边']",傩戏 我家 那边,1,评论中使用了多个感叹号和重复表达“我家那边的”，表现出强烈的兴奋和自豪感，体现了对家乡文化的认同与喜爱，整体情感倾向为正面。
638,傩戏祭祀祈福跳的，当然偷不走，除了我国哪有,傩戏祭祀祈福跳的，当然偷不走，除了我国哪有,"['傩戏', '祭祀', '祈福', '当然', '除了', '我国', '哪有']",傩戏 祭祀 祈福 当然 除了 我国 ,1,该评论通过强调傩戏作为我国特有的祭祀祈福文化，表达了对传统文化的自豪感和保护意识，使用“当然偷不走”等肯定性表述，整体情感倾向为正面。
635,是因为魈知道的傩戏,是因为魈知道的傩戏,"['是因为', '傩戏']",是 傩戏,0,该评论仅陈述了“因为魈知道的傩戏”这一事实或关联，没有表达明显的喜爱、批评或情绪倾向，属于客观陈述，因此情感倾向为中性。
637,太好了，等到最后终于等到狐妖的了,太好了，等到最后终于等到狐妖的了,"['太好了', '等到', '最后', '终于', '等到']",太好了 等到 最后 终于 等到,1,评论中“太好了”直接表达了强烈的积极情绪，“终于等到”体现了期待已久的满足感，整体表达了对联动内容的欣喜和期待，情感倾向明显为正面。
640,⁵小²^呆^⁰,小呆,['小呆'],小呆,0,该评论仅包含昵称“小呆”，没有表达明确的情感态度或评价内容，无法判断其正面或负面倾向，因此归类为中性。
634,傩戏没面具？,傩戏没面具？,"['傩戏', '面具']",傩戏 面具,-1,评论以疑问句形式质疑“傩戏没面具”，隐含对内容设计不合常理或文化元素缺失的不满。傩戏面具是其核心文化符号，缺失可能被视为对传统的不尊重或敷衍，表达出失望或批评的负面情绪。
639,梁月？？梁月宝宝！！,梁月？？梁月宝宝！！,"['梁月', '梁月', '宝宝']",梁月 梁月 ,1,评论中使用了重复的“梁月”称呼和“宝宝”这一亲昵称谓，并加上双感叹号表达强烈情感，体现了对角色梁月的喜爱和热情，整体情感倾向为正面。
643,啊啊啊啊啊陈伶,啊啊啊啊啊陈伶,"['啊啊啊', '陈伶']", 陈伶,1,评论中使用了“啊啊啊啊啊”等强烈感叹词，表达了对“陈伶”这一角色的激动与喜爱，情感倾向明显为正面。
641,麦子吃了有点死,麦子吃了有点死,"['麦子', '有点']",麦子 有点,-1,评论中“有点死”这一表述带有明显的负面评价意味，暗示麦子的口感或品质不佳，令人不满意，整体传达了消极的体验感受。
645,京剧猫！！！,京剧猫！！！,['京剧'],京剧,1,该评论使用了“京剧猫！！！”的表达方式，感叹号和重复符号传递出强烈的兴奋与喜爱之情，体现出对提及内容的热情支持和积极情感倾向。
644,在漫展碰到舞狮的,在漫展碰到舞狮的,"['漫展', '碰到', '舞狮']",漫展 碰到 舞狮,1,评论描述了在漫展遇到舞狮的场景，使用“碰到”这一中性叙述，但结合漫展和舞狮的文化元素，通常传达惊喜或有趣的体验，整体情感倾向积极正面。
642,终于有人带我们京剧猫玩了！,终于有人带我们京剧猫玩了！,"['终于', '有人', '京剧']",终于 有人 京剧,1,该评论使用了“终于有人带我们玩了”的表达，透露出期待被关注和认可的喜悦情绪，结合“京剧猫”这一具体对象，整体传递出积极、感激和兴奋的情感倾向。
647,我现在知道原神，魈的角色灵感来源了,我现在知道原神，魈的角色灵感来源了,"['原神', '角色', '灵感', '来源']",原神 角色 灵感 来源,0,该评论仅陈述了对角色灵感来源的认知，没有表达明显的喜爱、批评或情绪倾向，属于中性的事实性表述。
646,她跟小帅跑了.,她跟小帅跑了.,['小帅'],小帅,-1,评论中“跟小帅跑了”通常带有被抛弃或背叛的意味，暗示了失落、不满或讽刺的情绪。这种表述在情感上倾向于负面，反映了说话者的消极感受。
648,以闪亮之名傩母！！！,以闪亮之名傩母！！！,"['闪亮', '之名']",闪亮 之名,1,该评论使用了感叹号和“傩母”这一带有文化特色的称呼，表达了对游戏角色或联动内容的强烈喜爱与兴奋情绪，整体情感倾向明显为正面。
651,"林又迟,哈哈哈哈哈合伙人怎么这么可爱","林又迟,哈哈哈哈哈合伙人怎么这么可爱","['哈哈哈', '哈哈', '合伙人', '这么', '可爱']",哈哈哈 哈哈 合伙人  可爱,1,"评论中使用了""哈哈哈哈哈""表达欢乐情绪，并以""怎么这么可爱""直接赞美角色，整体语言充满喜爱和愉悦，情感倾向明显为正面。"
650,我们1999就是很权威啊（没有说其他不权威的意思）,我们1999就是很权威啊（没有说其他不权威的意思）,"['1999', '权威', '其他', '权威', '意思']",19 权威 其他 权威 意思,1,评论通过“很权威”直接表达了强烈的肯定态度，括号内的补充说明缓和了可能引发的比较争议，但整体仍以积极肯定为主，体现了对“1999”的认可和自豪感。
652,以闪的兵快来,以闪的兵快来,['以闪'],以闪,0,"该评论仅提及""以闪的兵快来""，是一种简单的催促或提醒表达，没有明显的积极或消极情感词汇，也未体现对内容的评价或情绪倾向，属于中性陈述。"
653,陈导陈导我们喜欢你,陈导陈导我们喜欢你,"['陈导', '陈导', '喜欢']",陈导 陈导 喜欢,1,评论中直接表达了对陈导的喜爱之情，使用“喜欢你”这一明确的情感表达词汇，体现了积极的支持和赞赏态度，整体情感倾向明显为正面。
649,居然有梁月，9你也是好起来了,居然有梁月，9你也是好起来了,"['居然', '有梁', '好', '起来']",居然 有梁 好 起来,1,评论中“居然有梁月”表达惊喜，“好起来了”是网络常用语，表示对事物向积极方向发展的肯定，整体透露出对内容或角色的喜爱与期待，情感倾向为正面。
654,吃火锅好香,吃火锅好香,"['吃火锅', '好香']",吃火锅 好香,1,评论中使用了“好香”这一积极词汇，直接表达了对吃火锅的喜爱和愉悦感受，整体情感倾向明显为正面。
655,刚看过小说我不是戏神，,刚看过小说我不是戏神，,"['看过', '小说', '戏神']",看过 小说 戏神,0,该评论仅陈述了“刚看过小说我不是戏神”这一事实，没有使用任何表达喜好或评价的词汇，也没有明显的积极或消极情绪倾向，因此属于中性评论。
656,很喜欢我能学吗,很喜欢我能学吗,"['喜欢', '能学']",喜欢 能学,1,该评论表达了“很喜欢”的明确喜好，并进一步询问“我能学吗”，显示出对内容的兴趣和积极的学习意愿，整体情感倾向为正面。
659,我们盗墓笔记非遗还差个戏曲小花的,我们盗墓笔记非遗还差个戏曲小花的,"['盗墓', '笔记', '非遗', '差个', '戏曲', '小花']",盗墓 笔记 非遗 差个 戏曲 小花,0,该评论仅提及《盗墓笔记》非遗联动中缺少戏曲元素，属于客观陈述需求或观察，没有表达明显的情感倾向，既无积极赞美也无消极批评，因此判断为中性。
661,非遗的妆容不可能是这样的吧,非遗的妆容不可能是这样的吧,"['非遗', '妆容', '可能', '这样']",非遗 妆容 可能 这样,-1,该评论使用了“不可能”这一否定性表达，对非遗妆容的真实性提出质疑，带有明显的怀疑和不满情绪，整体情感倾向为负面。
657,傩戏怎么放闽南歌啊,傩戏怎么放闽南歌啊,"['傩戏', '闽南歌']",傩戏 闽南歌,-1,评论通过质疑“傩戏”与“闽南歌”的组合，暗示了文化元素搭配不当或不协调，带有困惑和批评的语气，表达了对内容安排的不满，整体情感倾向为负面。
658,既然刷到了，那就祝所以小情侣9999999999,既然刷到了，那就祝所以小情侣9999999999,"['既然', '所以', '情侣', '9999999999']",既然  情侣 ,1,评论中使用了“祝”和“9999999999”（谐音“久久”），表达了对情侣长久幸福的美好祝愿，整体情感积极、友善，属于正面情感。
660,因为红白囍知道的傩戏,因为红白囍知道的傩戏,"['因为', '红白', '傩戏']", 红白 傩戏,0,该评论仅陈述了通过“红白囍”了解到傩戏的事实，未使用明显的情感词汇，也没有表达喜爱、批评或期待等主观态度，属于中性陈述。
665,我们布袋戏其实也是非遗,我们布袋戏其实也是非遗,"['布袋戏', '其实', '非遗']",布袋戏  非遗,1,该评论以自豪的口吻指出布袋戏属于非物质文化遗产，使用了“其实也是”来强调其文化价值，表达了对传统文化的认同与尊重，整体情感倾向为正面。
667,有谁看过面具这本书，里面讲的就有傩面具和傩戏，超级好看!,有谁看过面具这本书，里面讲的就有傩面具和傩戏，超级好看!,"['看过', '面具', '本书', '里面', '面具', '傩戏', '超级', '好看']",看过 面具 本书 里面 面具 傩戏 超级 好看,1,评论中使用了“超级好看”等强烈积极的表达，明确表达了对书籍内容的喜爱和推荐，整体情感倾向为正面。
662,有很多非遗文化，别人不是不感兴趣，压根就没有听说过，比如我我都没听说过这个,有很多非遗文化，别人不是不感兴趣，压根就没有听说过，比如我我都没听说过这个,"['很多', '非遗', '文化', '别人', '不感兴趣', '压根', '听说', '比如', '没听说过']",很多 非遗 文化 别人 不感兴趣 压根 听说 比如 没听说过,0,该评论主要陈述了非遗文化传播不足的客观事实，以自身为例说明缺乏了解的情况，使用了“没听说过”等中性表述，没有明显的褒贬情感倾向。
666,人有难，方有傩，傩舞起，百病消？,人有难，方有傩，傩舞起，百病消？,"['人有', '方有', '傩舞', '百病']",人有 方有 傩舞 百病,0,该评论以传统傩文化中的谚语形式呈现，描述了傩舞驱病的民俗信仰，属于客观陈述文化现象，未表达个人情感倾向或价值判断，因此情感倾向为中性。
663,三九，我不是戏神，里面沈难就有傩戏,三九，我不是戏神，里面沈难就有傩戏,"['三九', '戏神', '里面', '沈难', '傩戏']",三九 戏神 里面 沈难 傩戏,0,该评论仅陈述了作品中的角色设定（沈难有傩戏），并澄清“我不是戏神”，未表达明显的褒贬或情绪倾向，属于客观描述，因此情感为中性。
669,其实也是尽力的想让非遗传承下去,其实也是尽力的想让非遗传承下去,"['其实', '尽力', '非遗', '传承', '下去']", 尽力 非遗 传承 下去,1,评论中使用了“尽力”、“想让非遗传承下去”等积极词汇，表达了对非遗传承工作的认可和支持，体现了正面的鼓励与肯定态度。
668,梁月真的是很好的小女孩呀，个号都有2月，但是强度太低了，希望这次狂想可以大一点吧,梁月真的是很好的小女孩呀，个号都有2月，但是强度太低了，希望这次狂想可以大一点吧,"['梁月', '真的', '好', '小女孩', '但是', '强度', '太低', '希望', '这次', '狂想', '可以', '一点']",梁月  好 小女孩 但是 强度 太低 希望  狂想  一点,1,评论中使用了“很好的小女孩”等积极词汇表达对角色的喜爱，同时“希望这次狂想可以大一点”体现了期待和鼓励的态度，整体情感倾向为正面。
670,大学学皮影戏，我们组做《京剧猫》，还没做完,大学学皮影戏，我们组做京剧猫，还没做完,"['大学', '皮影戏', '组做', '京剧']",大学 皮影戏 组做 京剧,0,该评论陈述了大学学习皮影戏和小组制作“京剧猫”项目未完成的事实，没有使用明显的情感词汇，仅表达了客观的进展状态，未体现积极或消极的情绪倾向。
664,老大我又刷到你啦，上次京剧猫那个视频就非非常惊艳，这次也是如此高质，我将追随你,老大我又刷到你啦，上次京剧猫那个视频就非非常惊艳，这次也是如此高质，我将追随你,"['老大', '上次', '京剧', '视频', '非常', '惊艳', '这次', '如此', '高质', '', '追随']",上次 京剧 视频 非常 惊艳  如此 高质  追随,1,评论中使用了“惊艳”、“高质”等积极词汇，表达了对视频内容的高度赞赏，并通过“追随你”表达了持续支持和喜爱的态度，整体情感倾向明显为正面。
672,以闪的合伙人呢,以闪的合伙人呢,"['以闪', '合伙人']",以闪 合伙人,0,该评论仅以询问口吻提及“以闪的合伙人”，未包含明显的情感词汇或评价性表达，属于信息性提问，无明显正面或负面情绪倾向。
675,不良人今天开播,不良人今天开播,"['不良', '开播']",不良 开播,0,该评论仅陈述了“不良人今天开播”这一事实，没有使用任何表达个人喜好或评价的词汇，也没有明显的积极或消极情绪，因此属于中性评论。
674,第一次是戏神，第二次是逆水寒,第一次是戏神，第二次是逆水寒,"['第一次', '戏神', '第二次', '逆水']",第一次 戏神 第二次 逆水,0,该评论仅陈述了两次事件或经历，未使用明显的情感词汇，也没有表达出喜爱、批评或期待等情绪。内容为客观事实描述，因此情感倾向为中性。
671,还带我们京剧猫玩儿呢,还带我们京剧猫玩儿呢,"['京剧', '玩儿']",京剧 玩儿,1,评论中“还带我们京剧猫玩儿呢”使用了亲切的口语表达，“带...玩儿”带有积极的参与感和归属感，暗示了对联动或提及内容的认可与欣喜，整体情感倾向为正面。
677,记得看过有一篇小说叫《傩面》,记得看过有一篇小说叫傩面,"['记得', '看过', '一篇', '小说', '傩面']",记得 看过 一篇 小说 傩面,0,该评论仅陈述了“记得看过有一篇小说叫傩面”这一事实，没有表达对内容的喜爱、厌恶或评价，属于中性陈述，无明显情感倾向。
673,"不懂就问,魈的面具是咩","不懂就问,魈的面具是咩",['面具'],面具,0,该评论以“不懂就问”开头，表达了一种询问和好奇的态度，询问“魈的面具是咩”这一具体信息，没有使用明显的积极或消极词汇，整体上是在寻求知识或确认，情感倾向为中性。
676,叔撒野行吗,叔撒野行吗,['撒野'],撒野,0,该评论仅询问“叔撒野行吗”，属于对特定行为或内容的询问，没有表达明确的喜爱、厌恶或评价性情绪，缺乏足够的情感倾向判断依据，因此视为中性。
680,好好看，喜欢,好好看，喜欢,"['好好看', '喜欢']",好好看 喜欢,1,该评论使用了“好好看”、“喜欢”等积极词汇，直接表达了对内容的欣赏和喜爱，情感倾向明确为正面。
678,应该是原神吧第一次好像是那个魈，不知道有没有记错，第二次是逆水寒的飞卿剧情都很不错嗷,应该是原神吧第一次好像是那个魈，不知道有没有记错，第二次是逆水寒的飞卿剧情都很不错嗷,"['应该', '原神', '第一次', '好像', '有没有', '记错', '第二次', '逆水', '飞卿', '剧情', '不错']",应该 原神 第一次 好像 有没有 记错 第二次 逆水 飞卿 剧情 不错,1,评论中使用了“都很不错嗷”等积极表达，对原神和逆水寒的剧情内容表示肯定和赞赏，整体情感倾向为正面。
679,非遗的妆面真的是这样的吗？怎么感觉有点网红妆,非遗的妆面真的是这样的吗？怎么感觉有点网红妆,"['非遗', '妆面', '真的', '这样', '有点', '红妆']",非遗 妆面  这样 有点 红妆,-1,该评论通过质疑非遗妆面的真实性，并使用“网红妆”这一略带贬义的词汇进行对比，表达了对妆面设计的不满和怀疑态度，整体情感倾向为负面。
681,顶顶顶顶顶顶顶,顶顶顶顶顶顶顶,"['顶顶顶', '顶顶顶']",顶顶顶 顶顶顶,1,该评论使用了多个“顶”字，这是网络用语中表达支持、赞同或推荐的常见方式，通常用于表示对内容的喜爱或鼓励，整体情感倾向为正面。
682,第一次知道傩戏是《血色湘西》,第一次知道傩戏是血色湘西,"['第一次', '傩戏', '血色', '湘西']",第一次 傩戏 血色 湘西,0,该评论仅陈述了个人认知来源，即通过《血色湘西》了解到傩戏，未使用明显情感词汇或表达主观评价，属于中性的事实陈述。
683,礼貌问问刻刀是谁家的啊？真的好丝滑,礼貌问问刻刀是谁家的啊？真的好丝滑,"['礼貌', '问问', '刻刀', '谁家', '真的', '好丝滑']",礼貌 问问 刻刀 谁家  好丝滑,1,评论中使用了“礼貌问问”表达友好态度，“真的好丝滑”直接以积极词汇赞美了刻刀的使用体验，整体语气充满欣赏和喜爱，情感倾向明显为正面。
686,想要刻纸怎么办,想要刻纸怎么办,"['想要', '刻纸', '怎么办']",想要 刻纸 怎么办,0,该评论仅表达了对刻纸的愿望或疑问，没有使用明显的情感词汇，也没有表达积极或消极的态度，属于中性陈述。
684,终于刷到以闪了。,终于刷到以闪了。,"['终于', '刷到', '以闪']",终于 刷到 以闪,1,评论表达了用户终于看到期待内容（以闪）的喜悦和满足感，使用“终于”一词体现了积极的期待感和达成后的正面情绪，整体情感倾向为正面。
688,我在书上看的傩舞是不穿上半身戴着面具围着火跳的诶,我在书上看的傩舞是不穿上半身戴着面具围着火跳的诶,"['书上', '傩舞', '上半身', '戴着', '面具', '围着', '火跳']",书上 傩舞 上半身 戴着 面具 围着 火跳,0,该评论仅陈述了关于傩舞的客观知识描述，没有表达个人情感或价值判断，属于中性的事实性陈述。
685,安安大王不贪睡 Z☡zᶻ,安安大王不贪睡 Zz,"['安安', '大王', '贪睡', 'Zz']",安安  贪睡 Zz,0,该评论仅包含用户昵称“安安大王不贪睡 Zz”，没有表达任何对具体内容或事件的观点、评价或情绪。它只是个人标识，缺乏情感倾向性信息，因此属于中性评论。
687,求祁煜刻纸，这个能和老师定制吗？我想订一个小鱼的,求祁煜刻纸，这个能和老师定制吗？我想订一个小鱼的,"['求祁煜', '刻纸', '定制', '我想订', '一个', '小鱼']",求祁煜 刻纸 定制 我想订 一个 小鱼,1,评论中使用了“求”、“想订”等表达愿望的词汇，并亲切地称呼角色为“小鱼”，整体语气充满期待和喜爱，体现了用户对相关内容的积极兴趣和正向情感。
690,中国戏剧活化石,中国戏剧活化石,"['中国', '戏剧', '活化石']",中国 戏剧 活化石,1,该评论将中国戏剧称为“活化石”，这一比喻带有珍视和尊重的意味，暗示其历史悠久、价值珍贵，是文化传承的重要代表，整体表达了对中国戏剧的肯定与推崇。
689,@以闪亮之名 你人呢，赶紧给人家点推荐，听到没有,以闪亮之名 你人呢，赶紧给人家点推荐，听到没有,"['闪亮', '之名', '赶紧', '人家', '推荐', '听到']",闪亮 之名 赶紧 人家 推荐 听到,1,评论中使用了“赶紧给人家点推荐”等催促性表达，带有积极推动和支持的意味，整体语气亲切且充满鼓励，体现了对内容或对象的认可与推广意愿。
693,第五人格阿卡,第五人格阿卡,"['第五', '人格', '阿卡']",第五人格 阿卡,0,该评论仅提及游戏名称和角色名称，未表达任何主观评价或情感倾向，属于客观陈述，因此判断为中性情感。
691,第一次知道这玩意不是在中国，而是在日本，中国都快失传了，日本人当国宝一样，游戏动画电影各种植入，还好现在好起来了,第一次知道这玩意不是在中国，而是在日本，中国都快失传了，日本人当国宝一样，游戏动画电影各种植入，还好现在好起来了,"['第一次', '玩意', '中国', '而是', '中国', '失传', '人当', '国宝', '一样', '游戏', '动画电影', '各种', '植入', '还好', '好', '起来']",第一次 玩意 中国 而是 中国 失传 人当 国宝 一样 游戏 动画电影 各种 植入 还好 好 起来,1,评论通过对比日本对传统文化的重视与中国曾经的失传状况，表达了对当前“好起来了”的欣慰与肯定。整体情感倾向积极，带有对文化复兴的乐观态度。
695,基本都认识,基本都认识,"['基本', '认识']",基本 认识,0,该评论仅陈述了“基本都认识”这一事实，没有表达明显的积极或消极情绪，也没有使用情感色彩强烈的词汇，属于客观陈述，因此情感倾向为中性。
694,俺们阴阳师也有在和非遗联动,俺们阴阳师也有在和非遗联动,"['俺们', '阴阳师', '', '非遗', '联动']",阴阳师  非遗 联动,1,该评论以自豪的语气提及阴阳师与非遗传联动的合作，使用“俺们”表达归属感和认同感，整体传递出对游戏文化贡献的积极肯定，情感倾向为正面。
692,啊呀看到我们以闪！筑波还原的也好牛,啊呀看到我们以闪！筑波还原的也好牛,"['啊呀', '看到', '以闪', '筑波', '还原', '也好']",啊呀 看到 以闪 筑波 还原 也好,1,评论中使用了“啊呀”表达惊喜，“好牛”是网络用语中表示非常厉害、出色的意思，体现了对“以闪”和“筑波还原”的高度赞赏和积极肯定，整体情感倾向为正面。
698,感谢科普，第一次知道这个,感谢科普，第一次知道这个,"['感谢', '科普', '第一次']",感谢 科普 第一次,1,评论中使用了“感谢”这一积极词汇，表达了对科普内容的认可和感激之情，整体情感倾向为正面。
699,太好了三个我都玩,太好了三个我都玩,"['太好了', '三个']",太好了 三个,1,评论中“太好了”直接表达了强烈的积极情绪，结合“三个我都玩”表明对相关内容的喜爱和参与热情，整体情感倾向明显为正面。
696,傩戏看贵州道真文家坝傩戏王国啊！我家那里,傩戏看贵州道真文家坝傩戏王国啊！我家那里,"['傩戏', '文家', '傩戏', '王国', '我家', '那里']",傩戏 文家 傩戏 王国 我家 那里,1,该评论通过“傩戏王国”等积极表述，表达了对家乡文化（贵州道真文家坝傩戏）的自豪与推崇，整体情感倾向为正面。
697,梁月!你9也是好起来了,梁月!你9也是好起来了,"['梁月', '好', '起来']",梁月 好 起来,1,该评论使用了“好起来了”这一网络流行语，表达了对梁月或相关事物发展向好的认可和欣喜，带有积极的支持态度，整体情感倾向为正面。
700,傩呢？视频缺了精髓,傩呢？视频缺了精髓,"['视频', '精髓']",傩戏,-1,该评论以质问语气开头，表达了对视频内容缺失关键元素（傩）的不满，认为缺少了“精髓”，带有明显的失望和批评情绪。
701,好看,好看,['好看'],好看,1,评论中使用了“好看”这一积极评价词汇，直接表达了对内容的认可和喜爱，属于简洁明确的正面情感表达。
703,这妆容是这样的吗，感觉好现代,这妆容是这样的吗，感觉好现代,"['这妆容', '这样', '好', '现代']",这妆容 这样 好 现代,-1,评论中“是这样的吗”带有质疑语气，“感觉好现代”隐含对妆容不符合预期的批评，暗示与期望不符的失望感，整体表达不满情绪。
702,我大学的社团社长就是这个是传承者,我大学的社团社长就是这个是传承者,"['大学', '社团', '社长', '传承者']",传承者,0,该评论仅陈述了一个事实性信息，即大学社团社长是某个传承者，没有使用明显的情感词汇或表达主观态度，属于客观陈述，因此情感倾向为中性。
704,太好了,太好了,['太好了'],太好了,1,"该评论使用了""太好了""这一强烈积极词汇，直接表达了喜悦和满意的情绪，整体情感倾向明显为正面。"
707,毕设做的就是傩戏,毕设做的就是傩戏,"['毕设', '傩戏']",傩戏,0,该评论仅陈述了个人毕设主题为傩戏的事实，未表达任何积极或消极的情绪倾向，属于客观陈述，因此情感倾向为中性。
706,第一次知道是在沈从文的《边城》,第一次知道是在沈从文的边城,"['第一次', '沈从文', '边城']",第一次 沈从文 边城,0,该评论仅陈述了“第一次知道是在沈从文的边城”这一事实，没有表达明显的喜爱、厌恶或评价性情感，属于中性陈述。
705,欢迎来中国傩舞之乡江西南丰,欢迎来中国傩舞之乡江西南丰,"['欢迎', '中国', '傩舞', '南丰']",欢迎 中国 傩舞 南丰,1,该评论以“欢迎”开头，表达了对江西南丰傩舞之乡的热情邀请和积极推广，语言友好且具有宣传性质，整体情感倾向为正面。
710,谁懂，全认识,谁懂，全认识,['认识'],认识,1,评论中“谁懂”带有惊喜和共鸣的语气，“全认识”表达了熟悉和满足感，整体传递出积极的认同感和愉悦情绪，属于正面情感倾向。
708,渔女简直美到爆炸,渔女简直美到爆炸,"['渔女', '简直', '美到', '爆炸']",渔女 美到 爆炸,1,评论中使用了“美到爆炸”这一强烈赞美性表达，传递出对渔女形象的极度喜爱和惊艳之情，情感色彩鲜明且积极。
709,天灵灵，地灵灵，幸福行不行！,天灵灵，地灵灵，幸福行不行！,"['天灵灵', '地灵', '', '幸福', '行不行']",幸福,1,该评论使用了“天灵灵，地灵灵”的祈福式表达，结合“幸福行不行”的积极祝愿，整体语气欢快且充满期待，传递出对美好事物的向往和正面情感。
714,傩母是我妈妈,傩母是我妈妈,"['傩母', '妈妈']",傩母 妈妈,1,该评论以“傩母是我妈妈”表达了对角色的强烈喜爱和亲近感，将角色拟人化为“妈妈”体现了高度的认同感和情感投入，整体情感倾向为正面。
715,天呐，这太棒了吧？,天呐，这太棒了吧？,"['天呐', '太棒了']", 太棒了,1,评论中使用了“天呐”、“太棒了吧”等感叹词和积极表达，明显传达出惊喜和赞赏的情感，整体语气充满兴奋和肯定。
711,剪纸×哪吒，太天才了。。,剪纸哪吒，太天才了。。,"['剪纸', '哪吒', '天才']",剪纸 哪吒 天才,1,评论中使用了“太天才了”这一强烈赞叹的表达，直接表达了对“剪纸哪吒”这一创意或作品的极高赞赏和喜爱，情感倾向明显积极正面。
712,怎么感觉这种戏像恐怖片,怎么感觉这种戏像恐怖片,"['这种', '戏像', '恐怖片']",戏像 恐怖片,-1,评论中使用了“恐怖片”这一带有负面情感色彩的词汇，暗示了对所描述内容的不适或反感。这种表达通常传递出不安、排斥或批评的情绪，整体情感倾向为负面。
713,我也喜欢刻纸，每次想刻这种大的不知道怎么打出来,我也喜欢刻纸，每次想刻这种大的不知道怎么打出来,"['喜欢', '刻纸', '每次', '想刻', '这种', '出来']",喜欢 刻纸 每次 想刻  ,1,评论中“我也喜欢刻纸”直接表达了个人喜好和认同感，而“每次想刻”则体现了持续的兴趣和参与意愿。虽然后半句提到技术上的困惑，但整体语气是积极探讨和寻求解决方案，情感倾向为正面。
716,@开心小圆໒꒱ ！！以闪诶,开心小圆 ！！以闪诶,"['开心', '小圆', '以闪']",以闪,1,"评论中使用了""开心""等积极词汇，并带有感叹号强调兴奋情绪，表达了对""小圆""和""以闪""内容的喜爱与期待，整体情感倾向明显为正面。"
718,我天 好美！,我天 好美！,"['我天', '好美']",我天 好美,1,评论中使用了“我天”表示惊叹，以及“好美”这一直接赞美词汇，表达了对内容的强烈喜爱和赞叹，整体情感倾向明显为正面。
717,以闪简直就是我的本命,以闪简直就是我的本命,"['以闪', '简直', '本命']",以闪 简直 本命,1,评论中使用了“本命”这一网络流行语，表达了对“以闪”的高度喜爱和强烈认同感，将其视为自己最偏爱、最重要的选择，情感倾向非常积极和正面。
720,以闪来支持了,以闪来支持了,"['以闪', '支持']",以闪 支持,1,该评论表达了“以闪来支持了”的积极态度，使用“支持”这一明确表示赞同和鼓励的词汇，体现了对相关对象或事件的认可与好感，整体情感倾向为正面。
724,我以前学过刻纸,我以前学过刻纸,"['以前', '学过', '刻纸']",以前 学过 刻纸,0,该评论仅陈述了“我以前学过刻纸”这一事实，没有表达出对刻纸的喜爱、厌恶或任何其他情感倾向，属于中性陈述。
719,虽然我知道这个是放学等我的主场，但是我想说下期能拍鬼灭吗,虽然我知道这个是放学等我的主场，但是我想说下期能拍鬼灭吗,"['虽然', '放学', '主场', '但是', '下期']",放学等我,0,该评论前半句承认主场归属，后半句提出对下期内容的建议，整体语气平和，没有明显的积极或消极情绪表达，属于中性询问或建议。
721,谁懂这一刻出来的救赎感？,谁懂这一刻出来的救赎感？,"['一刻', '出来', '救赎']",一刻  救赎,1,评论中使用了“救赎感”这一带有强烈积极情感的词汇，表达了对特定情节或时刻的深刻触动和认可。“谁懂”的句式增强了情感共鸣的诉求，整体传递出赞赏和感动的正面情绪。
726,大家没有看过拉棉花糖的兔子的神棍也要上晚自习吗，那是我第一次接触傩戏这个词，这本书巨好看！,大家没有看过拉棉花糖的兔子的神棍也要上晚自习吗，那是我第一次接触傩戏这个词，这本书巨好看！,"['大家', '看过', '棉花', '兔子', '神棍', '晚自习', '第一次', '接触', '傩戏', '本书', '好看']",大家 看过 棉花 兔子 神棍 晚自习 第一次 接触 傩戏 本书 好看,1,评论中使用了“巨好看”等强烈积极词汇，表达了对书籍内容的喜爱和推荐，整体情感倾向明显为正面。
722,傩戏是仡佬族的民族舞？,傩戏是仡佬族的民族舞？,"['傩戏', '仡佬族', '民族舞']",傩戏 仡佬族 民族舞,0,该评论以疑问句形式提出关于傩戏文化归属的问题，仅表达信息确认或知识探讨的意图，未使用明显情感词汇或表达主观评价，因此情感倾向为中性。
723,啊啊啊啊，居然有以闪，@以闪亮之名 扣子你也是好起来了快给合伙人发钻庆祝庆祝,啊啊啊啊，居然有以闪，以闪亮之名 扣子你也是好起来了快给合伙人发钻庆祝庆祝,"['啊啊啊', '居然', '以闪', '闪亮', '之名', '扣子', '好', '起来', '合伙人', '发钻', '庆祝', '庆祝']", 居然 以闪 闪亮 之名 扣子 好 起来 合伙人 发钻 庆祝 庆祝,1,评论中使用了“啊啊啊啊”表达惊喜，“好起来了”表示积极肯定，“发钻庆祝”带有期待和喜悦的情绪，整体表达了对联动内容的兴奋与支持，情感倾向明显为正面。
728,@关你西红柿 还带我们以闪玩诶,关你西红柿 还带我们以闪玩诶,"['西红柿', '以闪']",以闪,1,评论中“还带我们以闪玩诶”表达了惊喜和期待，使用“带我们玩”这种积极互动词汇，体现了对联动内容的喜爱和参与感，整体情感倾向为正面。
725,当吴邪出来的那一刻，我真的,当吴邪出来的那一刻，我真的,"['吴邪', '出来', '那一刻', '真的']",吴邪,1,评论中“当吴邪出来的那一刻”暗示了角色出场带来的惊喜感，结合“我真的”这一未完成的强烈感叹句式，通常用于表达激动、兴奋或喜爱之情，整体传递出积极的情感倾向。
729,京剧猫，出息了,京剧猫，出息了,"['京剧', '出息']",京剧 出息,1,评论中“出息了”是口语化的褒义表达，通常用于称赞某人或某事物取得了进步或成就，带有欣慰和自豪的情感色彩，体现了对“京剧猫”发展的积极认可。
727,我想到的是靖妖傩舞,我想到的是靖妖傩舞,"['想到', '傩舞']", 傩舞,0,该评论仅提及“靖妖傩舞”这一具体事物或概念，没有使用任何表达情感倾向的词汇，也没有表现出明显的赞赏、批评或情绪态度，属于客观陈述，因此情感倾向为中性。
730,傩面之乡江西,傩面之乡江西,['傩面'],傩面,0,该评论仅提及“傩面之乡江西”这一地域文化特征，属于客观陈述，未使用明显的情感词汇或表达个人态度，因此整体情感倾向为中性。
732,傩这个字第一次认识还是傩送,傩这个字第一次认识还是傩送,"['第一次', '认识']",第一次 认识,0,该评论仅陈述了认识“傩”字的来源，没有表达明显的喜爱、厌恶或评价性情绪，属于客观的事实陈述，情感倾向中性。
733,爱非遗的主持人,爱非遗的主持人,"['非遗', '主持人']",非遗 主持人,1,该评论直接表达了对主持人的喜爱，使用“爱”这一积极情感词汇，明确传递出赞赏和支持的态度，整体情感倾向为正面。
731,我们哪里的傩戏,我们哪里的傩戏,"['哪里', '傩戏']",哪里 傩戏,0,该评论仅提出一个询问性的问题“我们哪里的傩戏”，没有表达明确的情感倾向或评价，属于中性信息询问，缺乏积极或消极的情感词汇。
737,有戏神的粉丝嘛,有戏神的粉丝嘛,"['有戏', '粉丝']",有戏 粉丝,0,该评论仅询问是否有特定群体的粉丝，属于信息询问性质，未表达明确的情感倾向或评价，因此判断为中性。
734,太漂亮啦！,太漂亮啦！,['太漂亮'],太漂亮,1,评论中使用了“太漂亮啦！”这一感叹句式，其中“太漂亮”是强烈的赞美词汇，感叹号增强了情感表达，整体传递出对内容的喜爱和赞美之情，情感倾向明显为正面。
735,刻的好好,刻的好好,['好好'],好好,1,评论中“好好”是口语化的积极表达，表示赞赏和认可，体现了对雕刻作品或相关内容的喜爱与肯定，整体情感倾向为正面。
736,！！！！！！靖瑶傩舞！,！！！！！！靖瑶傩舞！,"['靖瑶', '傩舞']",靖瑶 傩舞,1,评论使用了多个感叹号表达强烈情感，并直接提及“靖瑶傩舞”这一具体内容，语气兴奋且充满期待，整体传递出对内容的喜爱和积极支持。
739,我去过傩城,我去过傩城,"['去过', '傩城']",去过 傩城,0,该评论仅陈述了“我去过傩城”这一事实，没有使用任何带有明显情感色彩的词汇，也没有表达出对该地的喜爱、厌恶或其他情绪，因此整体情感倾向为中性。
738,想到沈难了，不是戏神什么时候更新啊,想到沈难了，不是戏神什么时候更新啊,"['想到', '沈难', '戏神', '时候', '更新']", 沈难 戏神  更新,0,"该评论前半句表达对角色""沈难""的怀念，后半句询问更新进度，整体以陈述和询问为主，未使用明显情感词汇，未表达强烈喜爱或批评，属于中性表达。"
740,喜欢,喜欢,['喜欢'],喜欢,1,该评论仅包含“喜欢”这一明确表达积极情感的词汇，直接表达了用户对某事物的认可和好感，没有出现任何负面或中性表述，因此整体情感倾向为正面。
743,碰上以闪，这流量是你应得的,碰上以闪，这流量是你应得的,"['碰上', '以闪', '流量', '应得']",碰上 以闪 流量 应得,1,评论中“应得的”一词带有肯定和赞赏的意味，暗示以闪获得流量是理所当然的，表达了对其表现或成就的认可与支持，整体情感倾向积极正面。
745,看到喜欢的IP被这样展现出来  真的会留下幸福的眼泪,看到喜欢的IP被这样展现出来 真的会留下幸福的眼泪,"['看到', '喜欢', 'IP', '这样', '展现', '出来', '真的', '留下', '幸福', '眼泪']",看到 喜欢 IP 这样 展现   留下 幸福 眼泪,1,评论中使用了“喜欢的IP”、“幸福的眼泪”等积极词汇，表达了对IP展现方式的强烈喜爱和感动，整体情感充满喜悦和满足，倾向明显为正面。
747,我们的梅山傩戏,我们的梅山傩戏,"['梅山', '傩戏']",梅山 傩戏,0,该评论仅提及“我们的梅山傩戏”，属于客观陈述或文化介绍，没有表达明显的喜爱、批评或情感倾向，因此情感判断为中性。
741,人有难 方有傩 傩舞起 百病消,人有难 方有傩 傩舞起 百病消,"['人有', '方有', '傩舞', '百病']",傩舞 百病,1,该评论引用了传统傩文化中祈福消灾的吉祥话语，通过“人有难 方有傩 傩舞起 百病消”这一连串积极意象，表达了对健康平安的美好祝愿，整体情感倾向为正面。
742,余秋雨的文化苦旅里边有一篇专门写傩戏的，叫《贵池傩》,余秋雨的文化苦旅里边有一篇专门写傩戏的，叫贵池傩,"['余秋雨', '文化', '苦旅', '里边', '一篇', '专门', '傩戏', '贵池']",余秋雨 文化 苦旅 专门 傩戏 贵池,0,该评论仅陈述了余秋雨《文化苦旅》中一篇关于傩戏的文章标题，属于客观事实描述，未表达个人情感或价值判断，没有明显的积极或消极倾向。
744,谁懂苏苏和吴邪出来的救赎,谁懂苏苏和吴邪出来的救赎,"['苏苏', '吴邪', '出来', '救赎']",苏苏 吴邪  救赎,1,评论中“救赎”一词带有强烈的积极情感色彩，表达了对角色出场情节的感动与认可，体现了观众从中获得的情感满足和价值认同，整体情感倾向为正面。
746,居然有京剧猫吗？,居然有京剧猫吗？,"['居然', '京剧']",居然 京剧,0,该评论仅表达了发现京剧猫元素的惊讶或疑问，使用了“居然有”这一中性表达，没有明显的积极或消极情感色彩，属于客观陈述性质的中性评论。
748,今天看了沈从文的边城,今天看了沈从文的边城,"['沈从文', '边城']",沈从文 边城,0,该评论仅陈述了阅读《边城》这一事实，没有使用任何表达个人喜好或评价的词汇，如“喜欢”、“感动”或“无聊”等。它只是客观地报告了一个行为，因此情感倾向为中性。
750,我希望中国能大力推广这种非物质文化遗产的这种，不然的话，咱们中国古时候的那些文化即将都会被那些外来分子全部都入侵，然后变成他们的。咱们中国人自己都不了解这些文化。，乍一看都会以为是小本子的东西呢。,我希望中国能大力推广这种非物质文化遗产的这种，不然的话，咱们中国古时候的那些文化即将都会被那些外来分子全部都入侵，然后变成他们的。咱们中国人自己都不了解这些文化。，乍一看都会以为是小本子的东西呢。,"['希望', '中国', '大力推广', '这种', '非物质文化遗产', '这种', '不然的话', '咱们', '中国', '古时候', '文化', '即将', '外来', '分子', '全部', '入侵', '然后', '变成', '咱们', '中国', '自己', '了解', '文化', '乍一看', '以为', '本子', '东西']",希望 中国 大力推广  非物质文化遗产  文化  ,1,该评论表达了保护中国非物质文化遗产的强烈愿望，使用“大力推广”、“咱们中国”等积极词汇，体现了对传统文化的珍视和民族自豪感，整体情感倾向为正面。
752,感觉古董也可以！！！,感觉古董也可以！！！,"['古董', '可以']",古董 ,1,评论使用了“可以”这一积极词汇，并加上感叹号加强语气，表达了对“古董”元素的认可与喜爱，整体情感倾向为正面。
749,傩戏不戴面具嘛,傩戏不戴面具嘛,"['傩戏', '戴面具']",傩戏 戴面具,0,该评论仅询问“傩戏是否不戴面具”，属于对具体文化细节的客观提问，未使用任何情感色彩词汇，也未表达个人喜好或评价，因此情感倾向为中性。
751,啊啊啊，重返你火了,啊啊啊，重返你火了,"['啊啊啊', '重返']", 重返,1,评论中使用了“啊啊啊”表达兴奋和激动，“重返你火了”表示对作品或角色获得成功的喜悦与祝贺，整体情感积极且充满支持。
756,宣传非遗是好事 但非遗能不带上网红妆吗,宣传非遗是好事 但非遗能不带上网红妆吗,"['宣传', '非遗', '好事', '非遗', '能不带', '上网', '红妆']",宣传 非遗 好事 非遗 网红妆,-1,该评论虽然肯定宣传非遗是好事，但通过“但”字转折，重点表达了对非遗与网红妆结合的不满和质疑，带有批评和失望的情绪，整体情感倾向为负面。
755,不良人里面是不是也有这种风格的人物,不良人里面是不是也有这种风格的人物,"['不良', '里面', '是不是', '这种', '风格', '人物']",不良人,0,该评论只是询问《不良人》中是否存在类似风格的人物，属于信息查询类表达，没有明显的积极或消极情感词汇，整体情感倾向为中性。
757,爱吃香菜的辣椒精,爱吃香菜的辣椒精,"['香菜', '辣椒']",香菜 辣椒,0,该评论仅是一个用户昵称或标签，没有表达具体观点或情感倾向，不包含明显的积极或消极词汇，因此属于中性内容。
758,好帅！我想学！,好帅！我想学！,"['好帅', '我想学']",好帅 我想学,1,评论中使用了“好帅”这一明确表达欣赏的积极词汇，同时“我想学”传递出强烈的兴趣和向往，整体语气充满热情与喜爱，情感倾向明显为正面。
754,看了红白囍才知道傩戏,看了红白囍才知道傩戏,"['红白', '傩戏']",红白 傩戏,0,该评论仅陈述了通过观看《红白囍》了解到傩戏的事实，没有使用明显的情感词汇或表达主观评价，属于中性陈述，未体现明确的情感倾向。
761,梁月当时确实给我惊艳到了,梁月当时确实给我惊艳到了,"['梁月', '当时', '确实', '惊艳']",梁月 当时 确实 惊艳,1,评论中使用了“惊艳到了”这一积极词汇，表达了对梁月这一角色或场景的强烈赞赏和喜爱，整体情感倾向明显为正面。
753,我们非遗文化其实还有镭塔的,我们非遗文化其实还有镭塔的,"['非遗', '文化', '其实']",非遗 文化 ,1,该评论提到“非遗文化”与“镭塔”的关联，隐含对文化传承的肯定与自豪感，表达了对相关内容的积极认可和支持，整体情感倾向为正面。
760,在哪可以看傩戏啊,在哪可以看傩戏啊,"['可以', '傩戏']", 傩戏,0,该评论仅询问观看傩戏的途径，属于信息查询或兴趣表达，未使用明显情感词汇，也未体现积极或消极态度，因此情感倾向为中性。
759,应该是原神吧第一次好像是那个魈，不知道有没有记错，第二次是逆水寒的飞卿剧情,应该是原神吧第一次好像是那个魈，不知道有没有记错，第二次是逆水寒的飞卿剧情,"['应该', '原神', '第一次', '好像', '有没有', '记错', '第二次', '逆水', '飞卿', '剧情']",应该 原神 第一次 好像 有没有 记错 第二次 逆水 飞卿 剧情,0,该评论仅陈述了关于联动次数的客观事实，没有使用明显的情感词汇，也没有表达个人喜好或评价，属于中性陈述。
762,因为桃源知道了傩戏,因为桃源知道了傩戏,"['因为', '桃源', '傩戏']", 桃源 傩戏,1,该评论表达了通过“桃源”了解到傩戏这一传统文化知识的积极体验，使用“知道了”表明获得了新的认知或启发，带有满足和收获的正面情绪，整体情感倾向为正面。
763,居然还有9和京剧猫吗有点意思,居然还有9和京剧猫吗有点意思,"['居然', '京剧', '有点', '意思']",居然 京剧 有点 意思,1,"评论中使用了""有点意思""这一表达，带有好奇和兴趣的意味，暗示了对提及内容（9和京剧猫）的积极关注和认可，整体情感倾向为正面。"
766,我喜欢这种宣传文化的方式，能很好的宣传文化,我喜欢这种宣传文化的方式，能很好的宣传文化,"['喜欢', '这种', '宣传', '文化', '方式', '好', '宣传', '文化']",喜欢  宣传 文化 方式 好 宣传 文化,1,评论中使用了“喜欢”、“很好”等积极词汇，表达了对宣传文化方式的认可与赞赏，整体情感倾向明显为正面。
764,我第一次知道傩戏是在《梦回南朝》里，南宫夜的面具，古早乙女游戏的记忆突然被唤醒。,我第一次知道傩戏是在梦回南朝里，南宫夜的面具，古早乙女游戏的记忆突然被唤醒。,"['第一次', '傩戏', '梦回', '南朝', '南宫', '面具', '古早', '乙女', '游戏', '记忆', '突然', '唤醒']",第一次 傩戏 梦回 南朝 南宫 面具 古早 乙女 游戏 记忆 突然 唤醒,1,评论中提及“古早乙女游戏的记忆突然被唤醒”，带有怀旧和惊喜的情感，表达了对游戏内容的认可和美好回忆的触动，整体情感倾向积极。
765,这个池州有。而且博物馆里面有傩戏面具。,这个池州有。而且博物馆里面有傩戏面具。,"['池州', '而且', '博物馆', '里面', '傩戏', '面具']",池州  博物馆 里面 傩戏 面具,0,该评论仅陈述了池州有博物馆和傩戏面具的事实，未使用明显的情感词汇，也没有表达个人喜好或评价，属于客观描述，因此情感倾向为中性。
770,我只说大实话：好看,我只说大实话：好看,"['实话', '好看']",实话 好看,1,评论中“大实话”强调了观点的真实性，“好看”是明确的积极评价词汇，直接表达了对内容的喜爱和肯定，整体情感倾向为正面。
767,每次都是一种大震撼,每次都是一种大震撼,"['每次', '一种', '震撼']",震撼,-1,评论中“大震撼”一词通常带有强烈的冲击感和负面意味，暗示对内容或事件感到震惊、难以接受，表达了不满或失望的情绪，整体情感倾向为负面。
771,这妆容和动作真飒,这妆容和动作真飒,"['这妆容', '动作', '真飒']",这妆容 动作 真飒,1,评论中使用了“真飒”这一积极词汇，表达了对妆容和动作的赞赏与喜爱，整体情感倾向明显为正面。
768,戏剧初始～傩戏,戏剧初始傩戏,"['戏剧', '初始', '傩戏']",戏剧 初始 傩戏,0,该评论仅提及“戏剧初始傩戏”，未包含明显的情感词汇或评价性表达，仅陈述一个文化概念或事件，缺乏主观情感倾向，因此判断为中性。
769,老师，我觉得这个系列可以再加一个古董和宿伞,老师，我觉得这个系列可以再加一个古董和宿伞,"['系列', '可以', '一个', '古董', '宿伞']",系列  一个 古董 宿伞,1,评论使用了“可以再加”等建议性表达，语气温和且带有期待感，体现了对游戏内容的喜爱和积极参与的态度，整体情感倾向为正面。
773,很好！,很好！,['好'],好,1,评论中使用了“很好！”这一明确的积极表达，感叹号增强了赞赏语气，直接传达了满意和肯定的态度，整体情感倾向明显为正面。
775,小姐姐真优秀。,小姐姐真优秀。,"['小姐姐', '优秀']",优秀,1,评论中使用了“真优秀”这一明确赞美性词汇，直接表达了对“小姐姐”的肯定和欣赏，情感倾向积极且明确。
774,是梁月！！！！！！！！！！,是梁月！！！！！！！！！！,['梁月'],梁月,1,评论中通过重复感叹号表达强烈的兴奋与惊喜，直呼角色名“梁月”并伴随强烈语气，显示出对角色出现的激动和喜爱，整体情感倾向为正面。
772,以闪玩家报道,以闪玩家报道,"['以闪', '玩家', '报道']",以闪 玩家 报道,0,该评论仅表明用户身份为“以闪玩家”，属于简单的报到陈述，未表达任何积极或消极的情绪倾向，也没有对游戏内容或体验进行评价，因此情感倾向为中性。
776,中国的传统文化真的讲不完的讲不完！！,中国的传统文化真的讲不完的讲不完！！,"['中国', '传统文化', '真的']",中国 传统文化 ,1,评论中重复使用“讲不完”这一表达，强调了中华传统文化的博大精深和无穷魅力，传递出强烈的自豪感和赞美之情，整体情感倾向明显为正面。
777,京剧猫你也是出息了,京剧猫你也是出息了,"['京剧', '出息']",京剧 出息,1,评论中“出息了”是褒义表达，通常用于称赞某人或事物取得进步或成就，带有欣慰和赞赏的情感色彩，整体情感倾向为正面。
779,好厉害,好厉害,"['好', '厉害']",好 厉害,1,评论中使用了“好厉害”这一积极表达，直接表达了对某事物或某人的赞赏与钦佩，传递出明显的积极情感倾向。
780,梁月！梁月！,梁月！梁月！,"['梁月', '梁月']",梁月 梁月,1,评论中反复呼喊角色名“梁月”，通常表达对角色强烈的喜爱或兴奋情绪，这种重复呼喊常见于粉丝表达支持与热情，整体情感倾向积极正面。
781,我的天啊，咋还带我们京剧猫玩,我的天啊，咋还带我们京剧猫玩,['京剧'],京剧,1,评论中“我的天啊”表达惊喜，“咋还带我们京剧猫玩”带有亲切和兴奋的语气，体现了对联动内容的意外喜悦和积极认可，整体情感倾向为正面。
783,第一次听到这个,第一次听到这个,"['第一次', '听到']",第一次 听到,0,该评论仅陈述“第一次听到这个”这一事实，未使用任何情感色彩强烈的词汇，也没有表达出明确的喜好或厌恶态度，因此情感倾向为中性。
778,以前没了解过，有的匆匆看一眼就过了。还是因为暖暖最近发了这个阁，我才专门去了解了一些些。,以前没了解过，有的匆匆看一眼就过了。还是因为暖暖最近发了这个阁，我才专门去了解了一些些。,"['以前', '了解', '匆匆', '一眼', '因为', '最近', '发了', '专门', '了解', '一些']",以前 了解 匆匆 一眼  最近 发了 专门 了解 一些,0,该评论主要陈述了从“不了解”到“专门了解”的转变过程，使用了“匆匆看一眼”、“专门去了解”等中性描述词，没有表达明显的喜爱、厌恶或评价情绪，仅客观说明个人行为变化，因此情感倾向为中性。
785,梁月梁月梁月梁月梁月梁月梁月梁月梁月梁月梁月梁月梁月梁月梁月梁月梁月梁月梁月梁月梁月梁月梁月,梁月梁月梁月梁月梁月梁月梁月梁月梁月梁月梁月梁月梁月梁月梁月梁月梁月梁月梁月梁月梁月梁月梁月,"['梁月', '梁月', '梁月', '梁月', '梁月', '梁月', '梁月', '梁月', '梁月', '梁月', '梁月', '梁月', '梁月', '梁月', '梁月', '梁月', '梁月', '梁月', '梁月', '梁月', '梁月', '梁月梁']",梁月 梁月 梁月 梁月 梁月 梁月 梁月 梁月 梁月 梁月 梁月 梁月 梁月 梁月 梁月 梁月 梁月 梁月 梁月 梁月 梁月 梁月梁,0,该评论仅重复“梁月”这一名称，没有表达任何具体观点或情感倾向，属于单纯提及或呼唤，缺乏情感色彩，因此判定为中性。
782,上哪找又看戏神又看唐诡的,上哪找又看戏神又看唐诡的,['戏神'],戏神,0,该评论仅表达了对特定内容（戏神和唐诡）的观看需求，没有使用明显的情感词汇，也未表现出赞赏、批评或强烈情绪，属于中性询问或陈述。
789,以闪玩家报道，老师的傩母好还原太厉害啦,以闪玩家报道，老师的傩母好还原太厉害啦,"['以闪', '玩家', '报道', '母好', '还原', '厉害']",以闪 还原 厉害,1,评论中使用了“好还原”、“太厉害啦”等积极词汇，表达了对作品还原度的赞赏和对创作者能力的肯定，整体情感倾向为正面。
784,转场太乱了，多点人物特写会火起来,转场太乱了，多点人物特写会火起来,"['转场', '太乱', '多点', '人物', '特写', '会火', '起来']",转场 太乱 多点 人物 特写 会火 起来,-1,评论中“转场太乱了”直接表达了批评和不满，指出视频剪辑存在问题；“会火起来”虽带有积极预期，但整体仍以负面评价为主，强调当前不足，情感倾向偏负面。
788,第一次真的傩戏是在芋泥 我们旅妹绝不认输,第一次真的傩戏是在芋泥 我们旅妹绝不认输,"['第一次', '真的', '傩戏', '旅妹', '绝不', '认输']",第一次  傩戏 ,1,评论中“旅妹绝不认输”体现了积极向上的团队精神和自豪感，结合“第一次真的傩戏”的体验描述，整体表达了对经历或所属群体的认可与热情，情感倾向为正面。
786,第一个就是我们9 台词出来的时候鸡皮疙瘩都起来了,第一个就是我们9 台词出来的时候鸡皮疙瘩都起来了,"['第一个', '台词', '出来', '时候', '鸡皮疙瘩', '起来']",第一个 台词   鸡皮疙瘩 起来,1,评论中“鸡皮疙瘩都起来了”是常见的积极表达，用于形容因激动、震撼或感动而产生的强烈生理反应，体现了对台词内容的深度共鸣和高度赞赏，整体情感倾向为正面。
787,第一次认识傩这个字是看尾鱼的小说，巫傩面具我才去百度的，发现了傩戏,第一次认识傩这个字是看尾鱼的小说，巫傩面具我才去百度的，发现了傩戏,"['第一次', '认识', '看尾鱼', '小说', '面具', '百度', '发现', '傩戏']",第一次 认识 看尾鱼 小说 面具 百度 发现 傩戏,0,该评论主要陈述了个人通过小说了解“傩”字并主动搜索相关知识的过程，使用了“第一次认识”、“发现了”等中性描述词，表达的是认知经历而非情感评价，没有明显的积极或消极情绪倾向。
790,我玩的两个游戏都有傩戏，好开心,我玩的两个游戏都有傩戏，好开心,"['两个', '游戏', '傩戏', '好开心']",两个 游戏 傩戏 好开心,1,评论中使用了“好开心”这一明确表达喜悦的积极词汇，直接传达了用户因两个游戏都包含傩戏元素而产生的满足和愉悦情绪，整体情感倾向清晰为正面。
791,行 确实好看,行 确实好看,"['确实', '好看']",确实 好看,1,评论中使用了“确实好看”这一明确表达赞赏的词汇，直接肯定了内容或事物的视觉吸引力，传达了积极的评价和喜爱之情，整体情感倾向为正面。
792,潮汕英歌舞,潮汕英歌舞,"['潮汕', '歌舞']",潮汕 歌舞,0,该评论仅提及“潮汕英歌舞”这一文化元素，没有使用任何情感倾向明显的词汇或表达个人态度，属于客观陈述，因此情感倾向为中性。
794,第一次知道傩戏是看道诡异仙,第一次知道傩戏是看道诡异仙,"['第一次', '傩戏', '诡异']",第一次 傩戏 诡异,0,该评论仅陈述了“第一次知道傩戏是通过《道诡异仙》”这一事实，没有表达明显的喜爱、厌恶或评价性情绪，属于中性陈述。
793,30岁才知道傩戏,30岁才知道傩戏,"['30', '傩戏']",30 傩戏,0,该评论仅陈述了“30岁才知道傩戏”这一事实，未使用明显的情感词汇或表达主观评价，既无积极赞赏也无消极批评，属于中性陈述。
795,"玖黎,林又迟","玖黎,林又迟",['玖黎'],玖黎,0,该评论仅列出两个名字，没有表达任何情感色彩或评价性内容，属于纯粹的事实陈述，因此情感倾向为中性。
797,一下子想到了我不是戏神,一下子想到了我不是戏神,"['一下子', '想到', '戏神']",子  戏神,0,该评论仅表达了联想到其他作品的内容，没有使用明显的情感词汇或表达个人态度，属于陈述性表达，情感倾向不明显。
798,感觉重点在于妆造... 动作这些民俗的都差不多。应该给妆造申遗,感觉重点在于妆造... 动作这些民俗的都差不多。应该给妆造申遗,"['重点', '在于', '妆造', '...', '动作', '民俗', '差不多', '应该', '给妆造', '申遗']",重点 在于 妆造 ... 动作 民俗 差不多 应该 给妆造 申遗,1,评论中“应该给妆造申遗”使用了积极建议的表达方式，强调妆造值得被特别认可和保护，虽然前半句提到动作民俗“差不多”略显平淡，但整体仍以肯定和赞赏为主。
800,哇塞，居然有重返未来,哇塞，居然有重返未来,"['哇塞', '居然', '重返', '未来']",哇塞 居然 重返 未来,1,评论中使用了“哇塞”这一感叹词表达惊喜，并提及“重返未来”这一具体内容，整体语气充满兴奋和期待，显示出对相关内容的积极态度。
801,哇靠，好好看,哇靠，好好看,['好好看'],好好看,1,评论中使用了“哇靠”表示惊叹，“好好看”是直接的赞美表达，整体语气充满惊喜和赞赏，情感倾向明显为正面。
804,有个单机游戏叫神舞幻想，我是玩了游戏才知道傩戏,有个单机游戏叫神舞幻想，我是玩了游戏才知道傩戏,"['有个', '单机游戏', '神舞', '幻想', '游戏', '傩戏']",游戏 傩戏,0,该评论仅陈述了通过游戏了解到傩戏的事实，没有使用明显的情感词汇，也未表达对游戏或内容的喜爱、批评等主观态度，属于中性陈述。
799,天啊有以闪,天啊有以闪,['以闪'],以闪,1,评论中使用了“天啊”这一感叹词，表达出惊喜和兴奋的情绪，结合“有以闪”的内容提及，整体传递出对相关内容的积极期待和喜爱，情感倾向明显为正面。
796,傩这个字我之前以为叫tan，看咒术回战的时候还叫他宿tan，后来被我朋友笑话了才知道叫宿傩,傩这个字我之前以为叫tan，看咒术回战的时候还叫他宿tan，后来被我朋友笑话了才知道叫宿傩,"['之前', '以为', 'tan', '看咒术', '回战', '时候', 'tan', '后来', '朋友', '笑话', '叫宿']",傩戏,0,该评论主要分享了一个关于汉字读音的个人经历，描述了从误读到纠正的过程，没有表达明显的积极或消极情绪。内容属于知识性分享，情感色彩较为中立。
806,第一！傩戏又返场啦,第一！傩戏又返场啦,"['第一', '傩戏', '返场']",第一 傩戏 返场,1,评论中“傩戏又返场啦”表达了用户对活动返场的喜悦和期待，使用“第一！”和感叹号增强了兴奋感，整体情感积极正面。
803,第一次知道傩戏,第一次知道傩戏,"['第一次', '傩戏']",第一次 傩戏,0,"该评论仅陈述了""第一次知道傩戏""这一事实，没有使用明显的情感词汇，也未表达出对傩戏的喜爱、厌恶或任何评价性态度，属于中性陈述。"
802,我去哪找除了我之外还同时玩1999 第五人格 看天官赐福 狐妖小红娘 盗墓笔记 哪吒 京剧猫的人啊,我去哪找除了我之外还同时玩1999 第五人格 看天官赐福 狐妖小红娘 盗墓笔记 哪吒 京剧猫的人啊,"['除了', '之外', '同时', '1999', '第五', '人格', '天官赐福', '红娘', '盗墓', '笔记', '哪吒', '京剧']",除了 之外 同时 19 第五 人格 天官赐福 红娘 盗墓 笔记 哪吒 京剧,0,该评论主要表达了寻找共同兴趣者的困惑，使用了列举多个作品名称的方式，但未包含明显的情感词汇。整体语气偏向陈述事实，没有表达出强烈的正面或负面情绪，因此属于中性评论。
808,感觉造型可以，妆面有点网感重,感觉造型可以，妆面有点网感重,"['造型', '可以', '妆面', '有点', '网感重']",造型  妆面 有点 网感重,0,"评论既肯定了造型（""可以""），又指出了妆面问题（""网感重""），整体评价较为客观，没有明显的积极或消极情绪，属于中性评价。"
805,第五人格启动！！！,第五人格启动！！！,"['第五', '人格', '启动']",第五 人格 启动,1,该评论使用“启动”这一带有兴奋和期待感的词语，并配合多个感叹号表达强烈情绪，体现出玩家对游戏《第五人格》的热情和积极态度，整体情感倾向为正面。
807,重返未来也是榜上大的了,重返未来也是榜上大的了,"['重返', '未来']",重返 未来,1,该评论使用了“榜上大的”这一网络用语，表达了对《重返未来》在榜单上取得优异成绩的认可和赞赏，带有积极肯定的意味，整体情感倾向为正面。
809,果然，还是需要像姐姐这样的创作者，我要是有一天也有这么厉害就好了,果然，还是需要像姐姐这样的创作者，我要是有一天也有这么厉害就好了,"['果然', '需要', '姐姐', '这样', '创作者', '要是', '一天', '这么', '厉害', '好']",创作者  厉害 好,1,评论中使用了“果然，还是需要”表达对创作者的认可和依赖，并通过“我要是有一天也有这么厉害就好了”传递出羡慕和向往的积极情绪，整体情感倾向为正面。
813,梁月啊啊啊！！！！！！！！帅死我了！！！！,梁月啊啊啊！！！！！！！！帅死我了！！！！,"['梁月', '啊啊啊', '帅死']",梁月  帅死,1,评论中使用了“啊啊啊”的强烈感叹和“帅死我了”的夸张赞美，表达了极度的兴奋和喜爱之情，整体情感倾向非常积极正面。
812,看戏神的来集合,看戏神的来集合,"['看戏', '集合']",看戏 集合,0,该评论仅以“看戏神的来集合”作为号召，未表达明确的情感倾向，既无积极词汇也无负面情绪，属于中性表达。
810,老师 如果说到戏曲……我们陈伶也有发言权,老师 如果说到戏曲我们陈伶也有发言权,"['如果说', '戏曲', '陈伶', '发言权']",戏曲 陈伶 ,1,评论中提及角色“陈伶”在戏曲方面有发言权，隐含对其专业能力或文化背景的认可，语气带有自豪和积极肯定，整体情感倾向为正面。
811,哎 传统文化可悲啊 傩这个字我还是从日漫里认识的 惭愧惭愧,哎 传统文化可悲啊 傩这个字我还是从日漫里认识的 惭愧惭愧,"['传统文化', '可悲', '漫里', '认识', '惭愧', '惭愧']",传统文化 可悲 认识 惭愧 傩戏,-1,评论通过“可悲”、“惭愧”等词语表达了对传统文化现状的惋惜与自责，暗示了对本土文化传播不足的失望，整体情感倾向为负面。
815,好高质，喜欢喜欢喜欢,好高质，喜欢喜欢喜欢,"['好', '高质', '喜欢', '喜欢', '喜欢']",好 高质 喜欢 喜欢 喜欢,1,评论中使用了“好高质”这一积极评价词汇，并连续重复“喜欢喜欢喜欢”表达强烈喜爱之情，整体情感明显为正面，体现了对内容的高度赞赏和热情支持。
817,我去戏神和1999双坑爽死我了,我去戏神和1999双坑爽死我了,"['戏神', '1999', '双坑', '爽死我了']",戏神 19 双坑 爽死我了,1,该评论使用了“爽死我了”这一强烈积极表达，直接传达了用户对同时参与《戏神》和《1999》两款游戏的兴奋与满足感，情感倾向非常明显且积极。
814,我一个中国人都没看过，他们怎么偷,我一个中国人都没看过，他们怎么偷,"['一个', '中国', '看过']",中国,-1,该评论通过反问语气“他们怎么偷”暗含讽刺，结合“我一个中国人都没看过”的表述，表达了对文化挪用或抄袭行为的不满与质疑，整体情感倾向为负面。
820,1周前·浙江,1周前浙江,['周前'],周前,0,该评论仅包含时间和地点信息，没有表达任何主观评价或情感倾向，属于客观陈述，因此情感判断为中性。
819,哇，哪吒这个好好看，渔女的也漂亮,哇，哪吒这个好好看，渔女的也漂亮,"['哪吒', '好好看', '渔女', '漂亮']",哪吒 好好看 渔女 漂亮,1,评论中使用了“哇”、“好好看”、“漂亮”等积极词汇，表达了对哪吒和渔女形象的喜爱和赞美，整体情感倾向明显为正面。
818,没有组织吗吴邪这么萌没有组织吗吴邪这么萌没有组织吗吴邪这么萌没有组织吗吴邪这么萌没有组织吗吴邪这么萌没有组织吗吴邪这么萌没有组织吗吴邪这么萌没有组织吗吴邪这么萌没有组织吗吴邪这么萌没有组织吗吴邪这么萌没有组织吗吴邪这么萌没有组织吗吴邪这么萌,没有组织吗吴邪这么萌没有组织吗吴邪这么萌没有组织吗吴邪这么萌没有组织吗吴邪这么萌没有组织吗吴邪这么萌没有组织吗吴邪这么萌没有组织吗吴邪这么萌没有组织吗吴邪这么萌没有组织吗吴邪这么萌没有组织吗吴邪这么萌没有组织吗吴邪这么萌没有组织吗吴邪这么萌,"['组织', '吴邪', '这么', '组织', '吴邪', '这么', '组织', '吴邪', '这么', '组织', '吴邪', '这么', '组织', '吴邪', '这么', '组织', '吴邪', '这么', '组织', '吴邪', '这么', '组织', '吴邪', '这么', '组织', '吴邪', '这么', '组织', '吴邪', '这么', '组织', '吴邪', '这么', '组织', '吴邪', '这么']", 吴邪   吴邪   吴邪   吴邪   吴邪   吴邪   吴邪   吴邪   吴邪   吴邪   吴邪   吴邪 ,1,评论通过重复“吴邪这么萌”和“没有组织吗”的句式，以夸张和强调的方式表达对角色“吴邪”的强烈喜爱和对其粉丝群体的期待，整体情感积极且充满热情。
816,好棒！,好棒！,['好棒'],好棒,1,该评论使用了“好棒！”这一感叹句，其中“好棒”是典型的积极评价词汇，感叹号进一步强化了兴奋和赞赏的语气，表达了对事物强烈的喜爱和肯定，整体情感倾向明确为正面。
821,好棒啊啊啊啊啊,好棒啊啊啊啊啊,"['好棒', '啊啊啊']",好棒 ,1,该评论使用了“好棒”这一积极词汇，并通过重复的“啊啊啊啊啊”表达强烈兴奋和赞赏之情，整体情感倾向明显为正面。
822,我以为是tan戏,我以为是tan戏,"['', '以为', 'tan']",傩戏,-1,评论中“tan戏”可能指代“躺戏”或“瘫戏”，带有消极、无聊的暗示，表达了对内容失望或不满的情绪，整体情感倾向为负面。
823,说到非遗....京剧猫太有发言权了,说到非遗....京剧猫太有发言权了,"['非遗', '....', '京剧', '猫太有', '发言权']",非遗 .... 京剧 猫太有 发言权,1,该评论通过“太有发言权了”这一肯定表达，强调了京剧猫在非遗话题上的权威性和代表性，传递出对作品的认可与自豪感，整体情感倾向积极正面。
824,上哪找玩原神又玩桃源还看我不是戏神的网友,上哪找玩原神又玩桃源还看我不是戏神的网友,"['原神', '桃源', '戏神', '网友']",原神 桃源 戏神 网友,0,该评论以疑问句式表达寻找特定兴趣群体的需求，没有使用明显的情感词汇，仅陈述事实性内容，未体现积极或消极的情绪倾向，属于中性表达。
827,太好看了,太好看了,['好看'],好看,1,该评论使用了“太好看”这一强烈积极词汇，直接表达了对内容的高度赞赏和喜爱，情感倾向明确为正面。
826,我第一次知道傩戏是在蛋仔 乐园里玩的,我第一次知道傩戏是在蛋仔 乐园里玩的,"['第一次', '傩戏', '乐园']",第一次 傩戏 乐园,0,该评论仅陈述了在游戏中了解傩戏这一事实，没有使用明显的情感词汇，也未表达喜爱、厌恶或评价，属于客观陈述，因此情感倾向为中性。
825,傩戏起源于大禹治水，步伐称为儺步，是模仿步履蹒跚，歌颂赞扬大禹为中华民族赢取未来而常年累月在水中跋涉，身患蹆疾艰难前行。,傩戏起源于大禹治水，步伐称为儺步，是模仿步履蹒跚，歌颂赞扬大禹为中华民族赢取未来而常年累月在水中跋涉，身患蹆疾艰难前行。,"['傩戏', '起源于', '大禹治水', '步伐', '称为', '儺步', '模仿', '步履蹒跚', '歌颂', '赞扬', '大禹', '中华民族', '赢取', '未来', '常年累月', '水中', '跋涉', '身患', '艰难', '前行']",傩戏 大禹治水 步伐 称为 儺步 模仿 步履蹒跚 歌颂 赞扬 大禹 中华民族 赢取 未来 常年累月 ,1,该评论通过描述傩戏的起源和步伐含义，强调其“歌颂赞扬大禹为中华民族赢取未来”的积极意义，使用“赢取未来”、“歌颂赞扬”等褒义词汇，表达了对传统文化的尊重与肯定，整体情感倾向为正面。
833,第一次听说，傩这个字不认识。差点要念难或者滩了,第一次听说，傩这个字不认识。差点要念难或者滩了,"['第一次', '听说', '认识', '差点', '要念难', '或者']",第一次 傩戏,0,评论者主要表达了不认识“傩”字并猜测其读音的困惑，没有明显的积极或消极情绪，属于客观陈述个人认知状态，情感倾向中性。
832,是沈难嘛，,是沈难嘛，,['沈难'],沈难,0,该评论仅询问是否为特定人物“沈难”，没有表达任何积极或消极的情感倾向，属于中性提问。
831,以前看余秋雨的文化苦旅就知道傩戏了,以前看余秋雨的文化苦旅就知道傩戏了,"['以前', '余秋雨', '文化', '苦旅', '傩戏']",余秋雨 文化苦旅 傩戏,0,该评论仅陈述了通过阅读《文化苦旅》了解到傩戏的事实，未表达明显的情感倾向或评价，属于中性陈述。
828,小时候听奶奶讲，请得起傩戏的人家都是富甲一方的大户人家，傩戏不叫唱戏叫玩傩。,小时候听奶奶讲，请得起傩戏的人家都是富甲一方的大户人家，傩戏不叫唱戏叫玩傩。,"['小时候', '奶奶', '傩戏', '人家', '富甲一方', '大户人家', '傩戏', '唱戏']",小 奶奶 傩戏 人家 富甲一方 大户人家 傩戏 唱戏,0,该评论以回忆和陈述的口吻描述了关于傩戏的传统认知，使用了“小时候听奶奶讲”等中性叙述，主要传达信息而非表达个人情感或评价，没有明显的积极或消极倾向。
830,谁懂吴邪出现的救赎感,谁懂吴邪出现的救赎感,"['吴邪', '出现', '救赎']",吴邪 出现 救赎,1,评论中“救赎感”一词带有强烈的积极情感色彩，表达了角色出现带来的治愈和希望，整体传递出感动与赞赏的正面情绪。
829,让我想到了戏神,让我想到了戏神,"['想到', '戏神']", 戏神,0,该评论仅表达了联想或回忆的内容，没有使用明显的情感词汇，也没有表达出明确的喜爱或厌恶情绪，属于陈述性表达，整体情感倾向为中性。
834,傩（nuo二声）戏起，百病消,傩（nuo二声）戏起，百病消,"['nuo', '二声', '戏起', '百病']",傩戏 百病,1,该评论引用传统文化元素“傩戏”，并赋予其“百病消”的美好寓意，语言简洁有力，传递出积极、祈福的正面情感，整体表达了对健康与平安的期许。
835,傩戏不是安顺的非遗文化吗，,傩戏不是安顺的非遗文化吗，,"['傩戏', '安顺', '非遗', '文化']",傩戏 安顺 非遗 文化,0,该评论仅陈述了一个事实性的疑问，即询问傩戏是否属于安顺的非遗文化，没有表达明显的积极或消极情绪，属于中性信息确认。
837,竟然有我们京剧猫,竟然有我们京剧猫,"['竟然', '京剧']",京剧猫,1,该评论使用了“竟然有”这一表达惊喜的词汇，结合“京剧猫”这一具体内容，传达出意外发现喜爱元素的喜悦之情，整体情感倾向为正面。
836,江西宜春万载有傩舞,江西宜春万载有傩舞,"['宜春', '万载', '傩舞']",宜春 万载 傩舞,0,该评论仅陈述了“江西宜春万载有傩舞”这一事实，未使用任何带有情感色彩的词汇或表达个人态度，属于客观信息描述，无明显情感倾向。
838,梁月！！！！啊啊啊！,梁月！！！！啊啊啊！,"['梁月', '啊啊啊']",梁月 ,1,评论中使用了“梁月！！！！啊啊啊！”的表达方式，感叹号和重复的“啊”体现了强烈的兴奋和喜爱之情，属于对角色或内容的积极情感表达，整体倾向为正面。
840,摊面魈也可以,摊面魈也可以,"['摊面', '可以']",摊面 ,0,该评论仅陈述了“摊面魈也可以”这一事实，没有使用明显的情感词汇，也没有表达喜爱、厌恶或批评等主观态度，属于中性陈述。
839,博主拍的很好，但是想纠正一下“非遗文化”这个词在学术领域还是不太认可的,博主拍的很好，但是想纠正一下非遗文化这个词在学术领域还是不太认可的,"['博主', '好', '但是', '纠正', '一下', '非遗', '文化', '学术', '领域', '不太', '认可']",博主 好 但是  非遗 文化 学术 领域 不太 认可,0,该评论前半部分“博主拍的很好”表达了肯定态度，但后半部分“想纠正一下”提出了学术层面的不同观点，整体语气平和、客观，属于建设性反馈而非情绪化批评，因此情感倾向为中性。
841,绝美呢,绝美呢,['绝美'],绝美,1,评论使用了“绝美”这一高度赞扬的词汇，直接表达了对事物外观或内容的强烈欣赏和喜爱，情感倾向明确为正面。
845,妈妈是京剧猫,妈妈是京剧猫,"['妈妈', '京剧']",京剧猫,0,该评论仅陈述了“妈妈是京剧猫”这一事实，没有使用明显的情感词汇或表达主观态度，属于客观陈述，因此情感倾向为中性。
842,我不是戏神!,我不是戏神!,['戏神'],戏神,0,该评论仅表达了对“戏神”身份的否认，没有使用明显的积极或消极词汇，也没有表达具体的情感倾向，属于陈述个人身份的中性表达。
843,哇塞，还带梁月玩啊,哇塞，还带梁月玩啊,"['哇塞', '带梁']",哇塞 带梁,1,评论中“哇塞”是表示惊喜和兴奋的语气词，“还带梁月玩啊”带有意外和欣喜的意味，整体表达了对联动内容包含特定角色的积极认可和愉悦情绪。
844,好漂亮，    好棒,好漂亮， 好棒,"['好', '漂亮', '好棒']",漂亮 好棒,1,该评论使用了“好漂亮”、“好棒”等直接且强烈的积极词汇，直接表达了赞美和喜爱的情感，没有任何负面或中性的修饰，整体情感倾向明确为正面。
846,老师好厉害啊,老师好厉害啊,"['好', '厉害']",好 厉害,1,该评论使用了“好厉害”这一积极评价词汇，直接表达了对老师的赞美和钦佩之情，情感倾向明确为正面。
848,我今天模考刚考关于传统文化的互联网二次创作...,我今天模考刚考关于传统文化的互联网二次创作...,"['模考', '刚考', '关于', '传统文化', '互联网', '二次', '创作', '...']",模考 刚考 关于 传统文化 互联网 二次 创作 ...,0,该评论仅陈述了模考内容涉及传统文化二次创作的事实，未表达个人喜好或评价，缺乏明显的情感倾向词，属于中性陈述。
847,第一次知道有这个戏啊，又涨知识了,第一次知道有这个戏啊，又涨知识了,"['第一次', '知识']",第一次 知识,1,评论中使用了“涨知识”这一积极表达，体现了对获得新信息的满足感和正面评价，整体情感倾向为正面。
849,我是真喜欢傩戏,我是真喜欢傩戏,"['喜欢', '傩戏']",喜欢 傩戏,1,评论中使用了“真喜欢”这一明确表达个人喜好的积极词汇，直接传达了对傩戏的强烈喜爱之情，情感倾向清晰且积极。
852,要永远幸福啊,要永远幸福啊,"['要', '永远', '幸福']",要 永远 幸福,1,该评论使用了“永远幸福”这一表达美好祝愿的积极词汇，直接传递出对他人或事物的真诚祝福和正面期许，整体情感倾向明确为正面。
851,看到有非遗气不气,看到有非遗气不气,"['看到', '', '非遗', '气不气']",看到  非遗 气不气,-1,评论中“气不气”带有挑衅和幸灾乐祸的语气，意在引发对方不满或愤怒，整体表达出明显的负面情绪和攻击性倾向。
850,没人说天官吗？天官经常和那些文化遗产联名啊,没人说天官吗？天官经常和那些文化遗产联名啊,"['没人', '天官', '经常', '文化遗产', '联名']",天官 经常 文化遗产 联名,0,该评论仅陈述了“天官”与文化遗产联名的事实，并询问为何无人提及，未使用明显的情感词汇或表达个人态度，属于客观信息询问，情感倾向中性。
853,我们曲娘好漂亮呀,我们曲娘好漂亮呀,"['曲娘', '好', '漂亮']",曲娘 好 漂亮,1,该评论使用了“好漂亮”等积极词汇，直接表达了对“曲娘”这一角色的喜爱和赞美，情感表达明确且充满欣赏之意，整体情感倾向为正面。
854,天官赐福，_______,天官赐福，,['天官赐福'],天官赐福,0,该评论仅提及作品名称“天官赐福”，未表达任何个人情感或评价，属于中性陈述，没有明显的情感倾向。
858,傩舞的面具都是很难雕刻，现在会雕刻的人也很少了,傩舞的面具都是很难雕刻，现在会雕刻的人也很少了,"['傩舞', '面具', '雕刻', '雕刻', '很少']",傩舞 面具 雕刻 雕刻 很少,0,该评论客观陈述了傩舞面具雕刻难度高和传承者减少的事实，未使用明显的情感词汇或表达主观态度，仅传递信息性内容，属于中性描述。
856,傩戏，日本其实也有偷，和偷唐朝服饰妆容一样偷的有点不伦不类,傩戏，日本其实也有偷，和偷唐朝服饰妆容一样偷的有点不伦不类,"['傩戏', '其实', '唐朝', '服饰', '妆容', '一样', '有点', '不伦不类']",傩戏  唐朝 服饰 妆容,-1,评论中使用“偷”、“不伦不类”等贬义词汇，明确指责日本文化借鉴行为，带有强烈的批判和不满情绪，整体情感倾向为负面。
860,啊啊啊啊啊，是京剧猫，我们冷门有救了,啊啊啊啊啊，是京剧猫，我们冷门有救了,"['啊啊啊', '京剧', '冷门', '有救']", 京剧 冷门 有救,1,评论中使用了“啊啊啊啊啊”表达兴奋情绪，并提到“有救了”这一积极表述，显示出对联动内容的强烈期待和喜悦，整体情感倾向为正面。
855,好漂亮,好漂亮,"['好', '漂亮']",好 漂亮,1,该评论使用了“好漂亮”这一积极词汇，直接表达了对事物外观或内容的赞美与喜爱，情感倾向明确为正面。
859,啊啊啊啊爷爷好棒，99,啊啊啊啊爷爷好棒，99,"['啊啊啊', '爷爷', '好棒', '', '99']",  好棒  ,1,评论中使用了“啊啊啊啊”表达激动情绪，“好棒”是明确的积极评价，“99”在网络语境中通常表示祝福或支持，整体表达了对“爷爷”的赞赏与喜爱，情感倾向明显为正面。
857,带上面具为神 摘下面具为人,带上面具为神 摘下面具为人,"['带上', '面具', '为神', '摘下', '面具']",带上 面具 为神 摘下 面具,0,该评论描述了一种状态或理念，即戴面具时像神一样，摘下面具则回归为人。这种表述更多是客观陈述或哲理思考，没有使用明显的情感词汇，也没有表达出对特定事物的褒贬态度，因此情感倾向为中性。
861,好高质啊啊啊啊啊好厉害,好高质啊啊啊啊啊好厉害,"['好', '高质', '啊啊啊', '好', '厉害']",好 高质 厉害,1,该评论使用了“好高质”、“好厉害”等强烈积极词汇，并通过重复和感叹句式增强了赞美语气，明确表达了对内容品质的高度认可和兴奋情绪，整体情感倾向为正面。
865,我也拍喽云间山泽这套服装大部分傩戏元素上新的时候真惊艳到我了,我也拍喽云间山泽这套服装大部分傩戏元素上新的时候真惊艳到我了,"['云间', '山泽', '这套', '服装', '大部分', '傩戏', '元素', '时候', '惊艳']",云间 山泽 这套 服装 大部分 傩戏 元素  惊艳,1,评论中使用了“真惊艳到我了”等强烈积极词汇，表达了对服装设计的赞赏和喜爱，整体情感倾向明显为正面。
863,老师我好像看到我们梁月了是吗,老师我好像看到我们梁月了是吗,"['好像', '看到', '梁月']",好像 看到 梁月,1,评论中使用了“好像看到我们梁月了”的表达，带有惊喜和期待的意味，体现出对角色或内容的亲切感和喜爱，整体情感倾向为正面。
862,我第一次接触傩戏文化，竟然是在小说剧我没招了,我第一次接触傩戏文化，竟然是在小说剧我没招了,"['第一次', '接触', '傩戏', '文化', '竟然', '小说', '没招']",第一次 接触 傩戏 文化  小说 没招,0,该评论陈述了首次接触傩戏文化的场景，语气较为平淡，未使用明显积极或消极的词汇，仅表达一种事实性的观察，情感倾向不明确。
864,看得出来下足了功夫。：）,看得出来下足了功夫。：）,"['看得出来', '下足', '功夫']",看得 下足 功夫,1,评论中“下足了功夫”表达了对作品或内容的认可与赞赏，结尾的表情符号“：）”进一步强化了积极情绪，整体传递出肯定和满意的情感倾向。
867,陈伶大王万岁！,陈伶大王万岁！,"['陈伶', '大王', '万岁']",陈伶  万岁,1,评论中使用了“大王万岁”这一带有强烈赞美和拥护意味的表达，体现了对“陈伶”的高度认可和积极支持，整体情感倾向明显为正面。
869,来支持河南女子了,来支持河南女子了,"['支持', '女子']",支持 河南 女子,1,该评论表达了明确的支持态度，使用了“支持”这一积极词汇，体现出对河南女性的认可与鼓励，整体情感倾向为正面。
866,江西是傩戏之乡，从没见过,江西是傩戏之乡，从没见过,"['傩戏', '从没', '见过']",傩戏 江西,0,该评论仅陈述了“江西是傩戏之乡”的事实，并表达了“从没见过”的个人经历，未使用明显的情感词汇或表达态度倾向，属于客观描述，因此情感倾向为中性。
868,啊啊啊啊啊啊啊，我的曲娘！梁月！！！,啊啊啊啊啊啊啊，我的曲娘！梁月！！！,"['啊啊啊', '啊啊啊', '曲娘', '梁月']", 曲娘 梁月,1,该评论使用了多个感叹词“啊啊啊啊啊啊啊”和感叹号，表达了强烈的兴奋和喜爱之情，直接点名角色“曲娘”和“梁月”并带有感叹，显示出对内容的热情支持，整体情感倾向为正面。
871,因为喜欢一个游戏角色和傩戏有关，大学的毕业设计和毕业论文就是关于傩文化的,因为喜欢一个游戏角色和傩戏有关，大学的毕业设计和毕业论文就是关于傩文化的,"['因为', '喜欢', '一个', '游戏', '角色', '傩戏', '有关', '大学', '毕业设计', '毕业论文', '关于', '文化']", 喜欢 一个 游戏 角色 傩戏 有关 大学 毕业设计 毕业论文 关于 文化,1,评论者表达了对游戏角色的喜爱，并因此将傩文化作为毕业设计和论文的主题，体现了积极的兴趣和投入，整体情感倾向为正面。
870,因为桃源深处有人家才知道的傩戏,因为桃源深处有人家才知道的傩戏,"['因为', '桃源', '深处', '人家', '傩戏']", 桃源 深处 人家 傩戏,0,该评论仅陈述了通过游戏《桃源深处有人家》了解到傩戏这一事实，没有使用明显的情感词汇，也没有表达喜爱、批评或期待等主观态度，属于客观陈述，因此情感倾向为中性。
874,我不是戏神！,我不是戏神！,['戏神'],戏神,-1,该评论使用了感叹号和否定句式，表达了一种强烈的否认和抗拒情绪，可能带有不满或抵触的心理，整体情感倾向为负面。
872,08年我在邯郸上学的时候，我们老师说她正在和其他工作者做复兴傩戏的工作。,08年我在邯郸上学的时候，我们老师说她正在和其他工作者做复兴傩戏的工作。,"['08', '邯郸', '上学', '时候', '正在', '其他', '工作者', '复兴', '傩戏', '工作']", 复兴 傩戏,0,该评论陈述了个人经历中的事实信息，描述了老师参与复兴傩戏工作的客观情况，没有使用明显的情感词汇或表达主观评价，整体情感倾向为中性。
873,我不是戏神里面了解到的好震撼现在看到,我不是戏神里面了解到的好震撼现在看到,"['戏神', '里面', '了解', '好', '震撼', '看到']",戏神 好 震撼,1,评论中使用了“好震撼”这一强烈积极的表达，传达了强烈的正面情感，表明用户对内容有深刻的触动和赞赏。
878,……说到舞狮,说到舞狮,['舞狮'],舞狮,0,该评论仅提及“说到舞狮”这一话题，没有表达任何情感倾向或评价性内容，属于中性陈述，既无积极也无消极情绪。
879,非遗这么沉重的担子居然带9玩好感动支持非遗传承非遗,非遗这么沉重的担子居然带9玩好感动支持非遗传承非遗,"['非遗', '这么', '沉重', '担子', '居然', '玩好', '感动', '支持', '非遗', '传承', '非遗']",非遗  沉重 担子 感动 支持 非遗 传承 ,1,评论中使用了“好感动”、“支持非遗传承”等积极词汇，表达了对非遗传承的认可和感动，整体情感倾向为正面。
880,我们原神魈也有傩面,我们原神魈也有傩面,"['原神', '傩面']",原神 傩面,1,评论中提到“原神魈也有傩面”，语气中带有自豪和认同感，表达了角色设定与联动内容的契合，整体情感倾向积极正面。
875,啊啊啊啊梁月？？？美到我了！啊啊啊啊好好看好像,啊啊啊啊梁月？？？美到我了！啊啊啊啊好好看好像,"['啊啊啊', '梁月', '美到', '啊啊啊', '好好看', '好像']", 梁月 美到  好好看 好像,1,评论中使用了“啊啊啊啊”等感叹词表达强烈惊喜，以及“美到我了”、“好好看”等直接赞美词汇，明确表达了对“梁月”形象的喜爱和惊艳之情，整体情感非常积极正面。
876,河神里面出现过傩戏哦,河神里面出现过傩戏哦,"['河神', '里面', '出现', '傩戏']",河神 里面 出现 傩戏,0,该评论仅陈述了“河神里面出现过傩戏”这一事实信息，没有使用任何表达个人喜好或评价的词汇，也没有明显的情绪倾向，属于客观的中性陈述。
881,第一次知道还是在道诡异仙里,第一次知道还是在道诡异仙里,"['第一次', '诡异', '仙里']",第一次 诡异 仙里,0,该评论仅陈述了首次了解某事物的来源，没有表达明显的喜爱、厌恶或评价性情感，属于客观事实陈述，因此情感倾向为中性。
877,虽然但是我理解的傩戏都是戴着面具的,虽然但是我理解的傩戏都是戴着面具的,"['虽然', '但是', '理解', '傩戏', '面具']",虽然 但是 理解 傩戏 面具,0,该评论以“虽然但是”开头，表达了一种转折或补充说明的语气，主要陈述了对傩戏通常戴着面具的个人理解。内容本身是客观的事实性描述，没有明显的褒贬词汇或情绪表达，因此整体情感倾向为中性。
882,我家乡可供参观的傩戏面具,我家乡可供参观的傩戏面具,"['家乡', '参观', '傩戏', '面具']",家乡 参观 傩戏 面具,0,该评论仅陈述了“我家乡可供参观的傩戏面具”这一事实，没有使用任何表达个人情感或评价的词汇，属于客观描述，因此情感倾向为中性。
883,那个傩套，我只拿了个飘的大面具,那个傩套，我只拿了个飘的大面具,['面具'],面具,0,该评论仅陈述了玩家在游戏中获得了特定道具（傩套中的大面具）的事实，没有表达明显的喜爱、不满或其他情绪倾向，属于客观描述性质的中性表达。
884,陈伶！梁月！以闪,陈伶！梁月！以闪,"['陈伶', '梁月', '以闪']",陈伶 梁月 以闪,1,该评论通过列举角色名和游戏名，表达了对《以闪》中陈伶和梁月角色的喜爱与关注，整体情感倾向为正面。
885,博物馆的傩戏面具,博物馆的傩戏面具,"['博物馆', '傩戏', '面具']",博物馆 傩戏 面具,0,该评论仅客观陈述了博物馆中的展品内容，没有使用任何表达情感倾向的词汇，也没有表现出明显的喜好或批评态度，属于中性的事实描述。
886,原来是傩戏呀！整理《文艺研究》目录时，上个世纪八十年代有对傩戏研究,原来是傩戏呀！整理文艺研究目录时，上个世纪八十年代有对傩戏研究,"['原来', '傩戏', '整理', '文艺', '研究', '目录', '上个世纪', '八十年代', '傩戏', '研究']",原来 傩戏 整理 文艺 研究 目录 上个世纪 八十年代 傩戏 研究,0,该评论以陈述事实为主，提及“傩戏”及相关学术研究背景，未使用明显情感词汇，仅表达认知或信息补充，无明显褒贬倾向。
887,我看，我不是戏神，知道的傩戏，但是在刷到这个视频之前，我念tan,我看，我不是戏神，知道的傩戏，但是在刷到这个视频之前，我念tan,"['戏神', '傩戏', '但是', '视频', '之前', '', 'tan']",戏神 傩戏 但是 视频 之前  tan,0,该评论主要陈述个人认知经历，表达在观看视频前对“傩”字读音的误解，属于事实性描述，未包含明显积极或消极的情感词汇，整体情感倾向中性。
891,天官啊！还有天真,天官啊！还有天真,"['天官', '天真']",天官 天真,1,该评论使用了“天官啊！”和“还有天真”等表达，语气中带有明显的惊喜和兴奋情绪，体现出对提及内容的喜爱和期待，整体情感倾向为正面。
892,看到了梁月,看到了梁月,"['看到', '梁月']",看到 梁月,0,该评论仅陈述了“看到了梁月”这一事实，没有使用任何情感色彩强烈的词汇，也没有表达明确的喜好或态度，属于客观陈述，因此情感倾向为中性。
888,我只能说中国真的太大了非遗遍地都是,我只能说中国真的太大了非遗遍地都是,"['只能', '中国', '真的', '太大', '非遗', '遍地']",只能 中国  太大 非遗 遍地,0,该评论陈述了中国非遗资源丰富的客观事实，使用“真的太大了”“遍地都是”等中性描述，没有表达明显的喜爱或批评情绪，属于客观陈述性质的中性评论。
893,傩戏返场，太震撼了！！！,傩戏返场，太震撼了！！！,"['傩戏', '返场', '震撼']",傩戏 返场 震撼,1,评论中使用了“太震撼了”这样的强烈感叹词和感叹号，表达了对傩戏返场内容的极度惊喜和赞赏，整体情感倾向明显为正面。
895,大学语文课上我做的部分就是傩戏,大学语文课上我做的部分就是傩戏,"['大学', '语文课', '部分', '傩戏']",大学 语文课 部分 傩戏,0,该评论仅陈述了个人在大学语文课上的学习内容，没有表达明显的积极或消极情绪，属于客观事实描述，情感倾向为中性。
894,啊啊啊有梁月和吴邪,啊啊啊有梁月和吴邪,"['啊啊啊', '有梁', '吴邪']", 有梁 吴邪,1,评论中使用了“啊啊啊”这样的感叹词表达兴奋和激动，同时提及具体角色名称“梁月”和“吴邪”，显示出对联动内容的熟悉和喜爱，整体情感倾向为正面。
889,说起傩，为什么没有靖妖傩舞？,说起傩，为什么没有靖妖傩舞？,"['说起', '为什么', '傩舞']",说起 为什么 傩舞,0,该评论以提问形式表达对特定内容缺失的关注，使用“为什么没有”进行询问，未包含明显的积极或消极情感词汇，更多是表达对内容的疑问或期待，整体情感倾向为中性。
896,在我初中的时候看过傩舞的小说，不记得内容，但是记得傩舞是什么,在我初中的时候看过傩舞的小说，不记得内容，但是记得傩舞是什么,"['初中', '时候', '看过', '傩舞', '小说', '记得', '内容', '但是', '记得', '傩舞']",初中  看过 傩舞 小说  傩舞,0,该评论仅陈述了个人对傩舞小说的记忆片段，没有表达明显的喜爱、厌恶或评价性情感，属于中性的事实陈述。
890,第一次知道傩戏，还是从沈从文的《边城》中的人物傩送拓展了解的， “傩神送的孩子”,第一次知道傩戏，还是从沈从文的边城中的人物傩送拓展了解的， 傩神送的孩子,"['第一次', '傩戏', '沈从文', '城中', '人物', '拓展', '了解', '傩神', '孩子']",第一次 傩戏 沈从文 城中 人物 拓展 了解 傩神 孩子,0,该评论主要陈述了了解傩戏的途径和背景知识，通过引用沈从文作品《边城》中的人物“傩送”进行说明，属于知识性分享或事实陈述。语言平实，未使用明显表达个人喜好或评价的词汇，没有流露出强烈的情感倾向。
898,我有一个傩戏主题大娃，我超爱！！,我有一个傩戏主题大娃，我超爱！！,"['一个', '傩戏', '主题', '大娃', '超爱']",一个 傩戏 主题 大娃 超爱,1,评论中使用了“超爱”这样强烈的积极词汇，直接表达了用户对傩戏主题大娃的极度喜爱和热情，情感倾向非常明确且积极。
897,第一次知道傩戏是这个电影我穿过,第一次知道傩戏是这个电影我穿过,"['第一次', '傩戏', '电影', '穿过']",第一次 傩戏 电影 穿过,0,该评论仅陈述了通过电影了解到傩戏这一事实，没有表达明显的喜爱、厌恶或评价性情绪，属于客观的信息陈述，情感倾向为中性。
899,好消息，我来早了,好消息，我来早了,"['好消息', '我来']",好消息 我来,1,评论中的“好消息”直接表达了积极情绪，而“我来早了”则隐含了期待和兴奋的心情，整体传递出对即将发生事件的正面期待和喜悦感。
902,我们桃源也跟傩戏联名了，特别好看的甲级建筑，这是我第一个好运气出了双金的甲级建筑，衣服也特别好看。,我们桃源也跟傩戏联名了，特别好看的甲级建筑，这是我第一个好运气出了双金的甲级建筑，衣服也特别好看。,"['桃源', '傩戏', '联名', '特别', '好看', '甲级', '建筑', '第一个', '好运气', '双金', '甲级', '建筑', '衣服', '特别', '好看']",桃源 傩戏 联名 特别 好看 甲级 建筑 第一个 好运气 双金 甲级 建筑 衣服 特别 好看,1,评论中使用了“特别好看”、“好运气”、“双金”等积极词汇，表达了对联名建筑和服饰的喜爱与获得时的喜悦，整体情感倾向为正面。
904,秦腔! ! !,秦腔! ! !,['秦腔'],秦腔,1,评论中连续使用感叹号和重复的“秦腔”表达强烈的兴奋与赞赏，体现了对秦腔元素的喜爱和惊喜，整体情感积极热烈。
900,既然带了我们盗墓笔记和京剧猫玩,既然带了我们盗墓笔记和京剧猫玩,"['既然', '盗墓', '笔记', '京剧']",盗墓 笔记 京剧猫,0,该评论仅陈述了联动涉及《盗墓笔记》和《京剧猫》两个IP的事实，没有使用明显的情感词汇，也没有表达出喜爱、期待或不满等情绪，属于客观描述性质的中性评论。
901,想到傩送了,想到傩送了,['想到'],,0,该评论仅提及“想到傩送了”，未使用明显的情感词汇，也未表达明确的态度或评价，仅陈述个人联想，缺乏情感倾向性，因此属于中性评论。
903,这边早就失传了，都是从港澳那边回流回来的,这边早就失传了，都是从港澳那边回流回来的,"['这边', '早就', '失传', '是从', '港澳', '那边', '回流', '回来']",这边 早就 失传 是从 港澳 那边 回流 回来,0,该评论陈述了一个文化现象，指出某些事物在本地失传后从港澳地区回流的事实，使用了客观描述性语言，没有表达明显的喜爱、批评或情感倾向，属于中性陈述。
905,戏曲的话，我们家的二月红和解雨臣也是可以的,戏曲的话，我们家的二月红和解雨臣也是可以的,"['戏曲', '的话', '二月', '和解', '雨臣', '可以']",戏曲 的话 二月 和解 雨臣 ,1,该评论以自豪的口吻提及“我们家的二月红和解雨臣”，并肯定其在戏曲方面的表现，使用了“也是可以的”这种积极评价表达认可，整体情感倾向为正面。
909,见傩者，百病消,见傩者，百病消,['百病'],百病,1,该评论使用了“百病消”这一传统祝福语，表达了对傩文化或相关内容的积极认同与美好祝愿，整体情感倾向为正面。
910,博主博主决战平安京有非遗联动皮肤了解一下吗,博主博主决战平安京有非遗联动皮肤了解一下吗,"['博主博主', '决战', '平安京', '非遗', '联动', '皮肤', '了解', '一下']",博主决战 平安京 非遗 联动 皮肤 ,0,该评论以询问形式了解游戏联动皮肤信息，未表达明确的情感倾向或评价，属于中性信息咨询。
907,太好了，有京剧猫,太好了，有京剧猫,"['太好了', '京剧']",太好了 京剧猫,1,该评论使用了“太好了”这一强烈积极词汇，直接表达了喜悦和兴奋的情绪，结合“有京剧猫”的内容指向，明确传达了对相关事物出现或存在的欢迎与喜爱，整体情感倾向为正面。
906,天官赐福！！！！,天官赐福！！！！,['天官赐福'],天官赐福,1,该评论使用了“天官赐福”这一表达，通常带有祝福和欣喜的意味，感叹号加强了激动和积极的情绪，整体传达出明显的正面情感倾向。
908,我们这里八月就开始有傩戏看了，但都是男人在舞,我们这里八月就开始有傩戏看了，但都是男人在舞,"['这里', '八月', '开始', '傩戏', '男人']",这里 八月 开始 傩戏 男人,0,该评论陈述了当地八月有傩戏可看的事实，并客观描述了“都是男人在舞”的表演形式，没有使用明显的情感词汇或表达主观评价，整体属于中性陈述。
912,附加遗产行不行,附加遗产行不行,"['附加', '遗产', '行不行']",附加 遗产 ,0,该评论仅询问“附加遗产行不行”，是一种中性的疑问或探讨，没有表达明显的积极或消极情绪。既无赞赏也无批评，属于信息询问或话题讨论性质。
914,是的，这是非遗就是拍这个二郎神的傩面角度有点不太好。,是的，这是非遗就是拍这个二郎神的傩面角度有点不太好。,"['这是', '非遗', '二郎神', '傩面', '角度', '有点', '不太好']",这是 非遗 二郎神 傩面 角度 有点 不太好,0,评论在肯定非遗价值的同时，客观指出了拍摄角度的问题，使用了“有点不太好”这样温和的表述，没有强烈的褒贬情绪，整体属于中性的观察反馈。
913,好像京剧猫哇,好像京剧猫哇,"['好像', '京剧']",好像 京剧,0,该评论仅将内容与“京剧猫”进行类比，表达观察或联想，未使用明显积极或消极的词汇，也未表露明确的情感态度，整体属于中性陈述。
911,村里的老手艺人们用尽毕生雕刻出来的面具。他们从村头走来，当真如同百鬼夜行。,村里的老手艺人们用尽毕生雕刻出来的面具。他们从村头走来，当真如同百鬼夜行。,"['村里', '手艺', '人们', '用尽', '毕生', '雕刻', '出来', '面具', '村头', '走来', '当真', '如同', '百鬼', '夜行']",村里 手艺 人们 用尽 毕生 雕刻  面具 村头 走来 当真 如同 百鬼 夜行,1,评论中“用尽毕生雕刻”表达了对老手艺人的敬意和对其技艺的赞叹，“如同百鬼夜行”虽用词独特，但结合语境是形容面具展示的生动与震撼场面，整体情感是对传统工艺的欣赏和肯定。
923,现在年轻人审美不错,现在年轻人审美不错,"['年轻人', '审美', '不错']",年轻人 审美 不错,1,该评论使用了“审美不错”这一积极评价词汇，明确表达了对年轻人审美的认可和赞赏，整体情感倾向为正面。
919,中国傩城欢迎你,中国傩城欢迎你,"['中国', '傩城', '欢迎']",中国 傩城 欢迎,1,该评论使用了“欢迎你”这一热情友好的表达，直接传递出欢迎和邀请的积极态度，整体情感倾向为正面。
916,第一次看傩戏是电影小镇的演出，十分震撼,第一次看傩戏是电影小镇的演出，十分震撼,"['第一次', '傩戏', '电影', '小镇', '演出', '十分', '震撼']",第一次 傩戏 电影 小镇 演出 十分 震撼,1,评论中使用了“十分震撼”这一强烈积极的表达，直接传达了对傩戏演出的深刻印象和高度赞赏，整体情感倾向明确为正面。
915,天官非遗还有,天官非遗还有,['非遗'],非遗,1,该评论提及“天官非遗”，通常与传统文化传承相关，表达了对文化活动的关注或支持。虽然没有强烈的情感词汇，但结合语境，此类话题常带有积极的社会意义，整体倾向为正面。
918,我其实对这个好感兴趣,我其实对这个好感兴趣,"['其实', '好', '感兴趣']", 好 感兴趣,1,评论中使用了“好感兴趣”这一明确表达兴趣和期待的积极词汇，表明说话者对话题或事物持有肯定和期待的态度，整体情感倾向为正面。
917,哇塞！！！是京剧猫！,哇塞！！！是京剧猫！,"['哇塞', '京剧']",哇塞 京剧猫,1,评论中使用了“哇塞”这样的感叹词和感叹号，表达了强烈的惊喜和兴奋情绪，同时直接提及“京剧猫”这一具体内容，显示出对联动或相关内容的喜爱和期待，整体情感倾向明显为正面。
922,真的好喜欢,真的好喜欢,"['真的', '好', '喜欢']", 好 喜欢,1,评论中使用了“真的好喜欢”这一强烈表达喜爱的词汇，直接传达了积极的情感态度，整体情感倾向明确为正面。
920,彩绘傩戏面具,彩绘傩戏面具,"['彩绘', '傩戏', '面具']",彩绘 傩戏 面具,0,该评论仅提及“彩绘傩戏面具”这一具体物品，未附加任何情感色彩或评价性语言，属于客观陈述，没有表达出明显的正面或负面情绪，因此情感倾向为中性。
924,老师太牛了,老师太牛了,['太牛'],太牛,1,评论中使用了“太牛了”这一高度赞扬的网络用语，表达了对老师能力或表现的强烈认可和钦佩，整体情感倾向明显为正面。
921,靖妖傩舞？,靖妖傩舞？,['傩舞'],傩舞,0,该评论仅以疑问句形式重复了特定名词“靖妖傩舞”，未附加任何表达个人感受或评价的词汇，也没有明显的积极或消极情绪倾向。其内容更像是对某个名称或概念的单纯提及或询问，因此整体情感判断为中性。
925,这也太漂亮了吧 好美啊,这也太漂亮了吧 好美啊,"['太漂亮', '好美']",太漂亮 好美,1,评论中使用了“太漂亮了”、“好美啊”等强烈的赞美性词汇，直接表达了惊叹和喜爱的积极情绪，整体情感倾向非常明确为正面。
929,我第一次知道傩戏是因为玩一个游戏，联名了。真的很特别，超级喜欢！,我第一次知道傩戏是因为玩一个游戏，联名了。真的很特别，超级喜欢！,"['第一次', '傩戏', '是因为', '一个', '游戏', '联名', '真的', '特别', '超级', '喜欢']",第一次 傩戏 是 一个 游戏 联名  特别 超级 喜欢,1,评论中使用了“真的很特别”、“超级喜欢”等积极词汇，表达了对游戏联名内容的强烈喜爱和赞赏，整体情感倾向明显为正面。
926,怎么感觉妆容那么现代,怎么感觉妆容那么现代,"['妆容', '那么', '现代']",妆容 那么 现代,0,该评论仅对妆容风格提出观察性疑问，使用了“怎么感觉”这一中性表达，没有明显的褒贬词汇或情绪倾向，属于客观描述个人观感的中性评论。
927,别说，这妆还真挺好看。,别说，这妆还真挺好看。,"['别说', '这妆', '好看']",别说 这妆 好看,1,评论中使用了“还真挺好看”的表达，其中“好看”是明确的积极评价词汇，“还真”带有意外惊喜的语气，整体传递出对妆容的认可和赞赏，情感倾向为正面。
928,天官那个皮影戏好像真有，好像还有陶瓷展,天官那个皮影戏好像真有，好像还有陶瓷展,"['皮影戏', '好像', '真有', '好像', '陶瓷']",皮影戏 好像 真有 好像 陶瓷,0,该评论仅陈述了关于皮影戏和陶瓷展的事实信息，使用了“好像”等不确定表述，没有表达个人情感或评价，属于客观描述性内容，因此情感倾向为中性。
930,第一次知道傩戏还是在看道诡异仙里,第一次知道傩戏还是在看道诡异仙里,"['第一次', '傩戏', '诡异', '仙里']",第一次 傩戏 诡异 仙里,0,该评论仅陈述了了解傩戏的途径，未表达对内容或事件的明确情感态度，属于中性的事实陈述，没有明显的正面或负面倾向。
932,非遗文化!,非遗文化!,"['非遗', '文化']",非遗 文化,1,该评论直接提及“非遗文化”，通常带有对传统文化传承的肯定和赞赏意味，表达了对相关内容的积极关注和支持，整体情感倾向为正面。
931,好看，第一次知道傩戏,好看，第一次知道傩戏,"['好看', '第一次', '傩戏']",好看 第一次 傩戏,1,评论中“好看”直接表达了积极的观感评价，而“第一次知道傩戏”则隐含了对新知识或文化内容的惊喜与兴趣，整体语气带有欣赏和收获感，情感倾向为正面。
934,带以闪玩！,带以闪玩！,['以闪'],以闪,0,"该评论仅表达了""带以闪玩""的行为描述，没有使用明显的情感词汇，也未表达出积极或消极的态度，属于中性陈述。"
937,那不用多说，推荐走起,那不用多说，推荐走起,"['不用', '推荐']",不用 推荐,1,评论中使用了“推荐走起”这一积极表达，表明用户对内容持肯定和支持态度，带有明显的推荐意愿，整体情感倾向为正面。
939,要说非遗那我们食物语。。,要说非遗那我们食物语。。,"['要说', '非遗', '食物']",要说 非遗 食物,0,该评论仅提及“食物语”与非遗的关联，未表达明确的情感倾向或评价，属于中性陈述。
936,用闽南歌我以为闽南是发源地 去搜了一下 不是,用闽南歌我以为闽南是发源地 去搜了一下 不是,"['闽南歌', '以为', '闽南', '发源地', '一下']",闽南歌 以为 闽南 发源地 ,0,该评论仅陈述了用户对闽南歌起源的认知与事实不符的发现过程，没有表达明显的积极或消极情绪，属于客观事实陈述，情感倾向中性。
938,我不是戏神！超酷的,我不是戏神！超酷的,"['戏神', '超酷']",戏神 超酷,1,该评论使用了“超酷的”这一积极词汇，表达了对“戏神”身份的强烈认同和赞赏，整体情感倾向明显为正面。
935,不行了，以闪这里流量我不是戏神都带不起来,不行了，以闪这里流量我不是戏神都带不起来,"['不行', '以闪', '这里', '流量', '戏神', '起来']",不行 以闪 这里 流量 戏神 起来,-1,评论中“不行了”表达无奈和失望，“带不起来”暗示推广效果不佳，整体透露出对流量现状的不满和无力感，情感倾向为负面。
933,最近学《边城》一看到傩就想到傩宋,最近学边城一看到傩就想到傩宋,"['最近', '边城', '看到', '想到']",边城 傩戏,0,该评论仅陈述了学习《边城》时产生的联想，将“傩”与“傩宋”联系起来，属于个人学习过程中的自然联想，没有表达明显的喜爱、厌恶或评价性情感，因此情感倾向为中性。
940,我刷抖音就是要看这种高质量！,我刷抖音就是要看这种高质量！,"['我刷', '抖音', '这种', '高质量']",高质量,1,评论中使用了“高质量”这一明确褒义词，并搭配“就是要看”的肯定句式，强烈表达了用户对视频内容的认可和赞赏，整体情感积极正面。
941,一梦江湖我记得有专门的非遗活动来着,一梦江湖我记得有专门的非遗活动来着,"['一梦', '江湖', '记得', '专门', '非遗', '活动']",一梦 江湖 记得 专门 非遗 活动,0,该评论仅陈述了“一梦江湖有非遗活动”这一事实，未使用明显的情感词汇或表达个人态度，属于客观信息陈述，无明显情感倾向。
942,非遗都能接受他们，为什么世俗不能,非遗都能接受他们，为什么世俗不能,"['非遗', '接受', '为什么', '世俗', '不能']",非遗 接受 ,-1,该评论通过反问句式表达了对“世俗”不接受非遗的质疑与不满，隐含了对现实社会态度的批评，整体情感倾向为负面。
945,老师要不带带我们戏神？,老师要不带带我们戏神？,['戏神'],戏神,1,评论中使用了“带带”这一网络用语，表达了对老师帮助或指导的期待和请求，语气友好且带有积极的合作意愿，整体情感倾向为正面。
950,戏神妹来支持了,戏神妹来支持了,"['戏神妹', '支持']",戏神妹 支持,1,"评论中使用了""支持了""这一积极词汇，表达了用户对目标对象的明确支持和鼓励态度，整体情感倾向为正面。"
943,以前的京剧越剧的妆容比现在的网红妆好看多了,以前的京剧越剧的妆容比现在的网红妆好看多了,"['以前', '京剧', '越剧', '妆容', '红妆', '好看']",以前 京剧 越剧 妆容 红妆 好看,1,该评论通过对比京剧越剧妆容与网红妆，使用“好看多了”这一明确褒义表达，体现了对传统戏曲妆容的欣赏与肯定，整体情感倾向为正面。
944,拍你一砖头,拍你一砖头,['砖头'],砖头,-1,该评论使用了“拍你一砖头”这一具有攻击性和威胁意味的表达，属于网络用语中的负面宣泄，传递出明显的愤怒或不满情绪，整体情感倾向为负面。
946,说到傩戏我就想到小日子了，笑死我，想学，学了个寂寞，傩戏变成阴间,说到傩戏我就想到小日子了，笑死我，想学，学了个寂寞，傩戏变成阴间,"['傩戏', '想到', '小日子', '寂寞', '傩戏', '变成', '阴间']",傩戏 ,-1,评论中“笑死我”带有讽刺意味，“学了个寂寞”和“阴间”等词汇表达了对文化借鉴结果的不满和贬低，整体情感倾向为负面。
948,谢谢你带我们以闪玩,谢谢你带我们以闪玩,"['谢谢', '以闪']",谢谢 以闪,1,评论中“谢谢你”表达了明确的感谢之意，整体语气友善且积极，体现了对分享或引导行为的认可与感激，情感倾向为正面。
951,我的妈呀，还带还带我们这个  第五人格还有京剧猫啊，狐妖小红娘,我的妈呀，还带还带我们这个 第五人格还有京剧猫啊，狐妖小红娘,"['妈呀', '第五', '人格', '京剧', '红娘']", 第五 人格 京剧 红娘,1,评论中使用了“我的妈呀”这样的感叹词表达惊喜，并列举多个联动内容，显示出对联动阵容的兴奋和认可，整体情感倾向为正面。
952,有我们家天官,有我们家天官,['家天官'],天官,1,评论中“我们家天官”带有明显的归属感和喜爱之情，表达了对“天官”这一角色的自豪与支持，整体情感倾向积极正面。
953,完蛋了，惊封可以融入什么非遗文化呀？我是真想看。,完蛋了，惊封可以融入什么非遗文化呀？我是真想看。,"['完蛋', '惊封', '可以', '融入', '非遗', '文化', '真想']",完蛋 惊封  融入 非遗 文化 真想,1,评论中“真想看”表达了强烈的期待和兴趣，整体语气积极，显示出对非遗文化融入作品的正面期待和支持。
955,我不是戏神,我不是戏神,['戏神'],戏神,0,该评论仅陈述“我不是戏神”这一事实，未使用明显的情感词汇，也没有表达对任何事物的评价或态度，因此整体情感倾向为中性。
947,当时特别喜欢傩戏那套，但钻石不够，想着能捞点啥捞点啥吧，结果欧到裙子了,当时特别喜欢傩戏那套，但钻石不够，想着能捞点啥捞点啥吧，结果欧到裙子了,"['当时', '特别', '喜欢', '傩戏', '那套', '钻石', '不够', '想着', '能捞点', '结果', '欧到', '裙子']",当时 特别 喜欢 傩戏 那套 钻石 不够 想着 能捞点 结果 欧到 裙子,1,评论中使用了“特别喜欢”表达强烈喜爱，“欧到裙子了”中的“欧”是网络用语表示运气好，体现了抽到心仪物品的惊喜和满足感，整体情感积极正面。
954,是梁月警官吗！,是梁月警官吗！,"['梁月', '警官']",梁月 警官,0,该评论仅以疑问句式确认角色身份，未包含明显的情感词汇或评价性表达，属于中性询问，没有表现出正面或负面的情感倾向。
949,推动中华优秀传统文化创造性转化创新性发展 有利于人民文化自信 提高文化认同感,推动中华优秀传统文化创造性转化创新性发展 有利于人民文化自信 提高文化认同感,"['推动', '中华', '优秀', '传统文化', '创造性', '转化', '创新性', '发展', '有利于', '人民', '文化', '自信', '提高', '文化', '认同感']",推动 中华 优秀 传统文化 创造性 转化 创新性 发展 有利于 人民 文化 自信 提高 文化 认同感,1,评论中使用了“推动中华优秀传统文化创造性转化创新性发展”、“有利于人民文化自信”、“提高文化认同感”等积极正面的表述，表达了对文化传承与发展的肯定和支持，整体情感倾向为正面。
956,以闪好评,以闪好评,"['以闪', '好评']",以闪 好评,1,该评论直接使用了“好评”这一明确表达赞许的词汇，简洁有力地表达了对“以闪”的肯定和满意态度，整体情感倾向为正面。
957,我们这边博物馆有关于傩戏的介绍 我怀孕的时候去逛博物馆第一次知道还有傩戏,我们这边博物馆有关于傩戏的介绍 我怀孕的时候去逛博物馆第一次知道还有傩戏,"['这边', '博物馆', '关于', '傩戏', '介绍', '怀孕', '时候', '去逛', '博物馆', '第一次', '傩戏']",这边 博物馆 关于 傩戏 介绍 怀孕  去逛 博物馆 第一次 傩戏,0,该评论仅陈述了个人经历，提到在博物馆了解到傩戏的事实，没有使用明显的情感词汇或表达主观评价，整体语气平和，属于中性叙述。
959,这么高质量,这么高质量,"['这么', '高质量']", 高质量,1,评论中使用了“高质量”这一明确褒义词，直接表达了对内容的认可和赞赏，体现了积极正面的情感倾向。
960,传统文化的震撼,传统文化的震撼,"['传统文化', '震撼']",传统文化 震撼,1,评论中“震撼”一词具有强烈的积极情感色彩，表达了对传统文化的深刻感受和高度赞赏，体现了对文化价值的肯定和推崇。
962,戏神姐集合,戏神姐集合,"['戏神姐', '集合']",戏神姐 集合,1,"该评论使用了""戏神姐""这一带有亲切感和赞赏意味的称呼，并号召""集合""，表达了对特定群体或内容的认同与支持，整体情感倾向为正面。"
958,其实已经在古代被偷了，日本的能剧就是从傩戏学来的,其实已经在古代被偷了，日本的能剧就是从傩戏学来的,"['其实', '已经', '古代', '能剧', '是从', '傩戏', '学来']", 已经 古代 能剧 是从 傩戏 学来,0,该评论陈述了一个文化传播的历史事实，指出日本能剧可能源自中国傩戏，属于客观描述。语言中未使用明显褒贬词汇，也未表达个人情绪或立场，因此情感倾向为中性。
961,第一次知道这个字，是面傩,第一次知道这个字，是面傩,['第一次'],第一次 面傩,0,该评论仅陈述了“第一次知道这个字”这一事实，并提及了具体场景“面傩”，没有使用明显的情感词汇或表达主观评价，属于客观陈述，因此情感倾向为中性。
968,特别特别好,特别特别好,"['特别', '特别', '好']",特别 特别 好,1,该评论使用了“特别特别好”这样强烈的积极词汇，表达了对内容的极度赞赏和喜爱，情感倾向非常明确且积极。
965,真正的非遗文化傩戏是戴面具的 不是比美的,真正的非遗文化傩戏是戴面具的 不是比美的,"['真正', '非遗', '文化', '傩戏', '戴面具', '美的']",真正 非遗 文化 傩戏 戴面具 美的,-1,评论通过对比强调“真正的非遗文化傩戏”应注重传统面具形式而非“比美”，隐含对当前某些做法偏离文化本质的批评，使用否定句式表达不满，情感倾向为负面。
966,所以戏神为什么那么刀？,所以戏神为什么那么刀？,"['所以', '戏神', '为什么', '那么']", 戏神 为什么 那么,-1,评论中的“刀”是网络用语，指剧情或角色遭遇悲惨、令人心痛，带有悲伤和遗憾的情绪。提问“为什么那么刀”隐含了对剧情设计的负面感受，表达了对角色遭遇的痛心与不满。
964,竟然还有我们以闪，以闪也是好起来了,竟然还有我们以闪，以闪也是好起来了,"['竟然', '以闪', '以闪', '好', '起来']", 以闪 以闪 好 起来,1,评论中“竟然还有我们以闪”表达惊喜，“以闪也是好起来了”使用“好起来了”这一积极表述，暗示对游戏发展或联动感到满意和欣慰，整体情感倾向为正面。
963,申遗了吗快申遗,申遗了吗快申遗,"['申遗', '申遗']",申遗 申遗,1,评论中“申遗了吗快申遗”带有急切和推崇的语气，暗示内容具有独特价值或文化意义，值得被认可和保护，表达了积极的支持态度。
969,以闪玩家前来支持,以闪玩家前来支持,"['以闪', '玩家', '前来', '支持']",以闪 玩家 前来 支持,1,该评论表达了“以闪玩家前来支持”的积极态度，使用“支持”一词明确传递了友好和鼓励的意图，体现了对相关内容的认可和参与热情，整体情感倾向为正面。
967,当时特别喜欢傩戏那套，但钻石不够，想着能捞点啥捞点啥吧，结果欧到裙子了[盖瑞]不过就欧了那一次,当时特别喜欢傩戏那套，但钻石不够，想着能捞点啥捞点啥吧，结果欧到裙子了盖瑞不过就欧了那一次,"['当时', '特别', '喜欢', '傩戏', '那套', '钻石', '不够', '想着', '能捞点', '结果', '欧到', '裙子', '盖瑞', '不过', '一次']",当时 特别 喜欢 傩戏 ,1,评论中“特别喜欢”表达了强烈喜爱，“欧到裙子了”使用网络用语“欧”形容运气好，带有惊喜和满足感，整体情绪积极，虽有“钻石不够”的遗憾但被好运冲淡。
972,啊啊啊竟然带戏神了！！！！！！感动！！！,啊啊啊竟然带戏神了！！！！！！感动！！！,"['啊啊啊', '竟然', '带戏', '感动']",  带戏 感动,1,评论中使用了“啊啊啊”表达惊喜，“感动”直接表明情感，感叹号强化了激动情绪，整体表达了对联动内容的强烈喜爱和积极反应。
970,第一次听说傩戏,第一次听说傩戏,"['第一次', '听说', '傩戏']",第一次 听说 傩戏,0,该评论仅陈述“第一次听说傩戏”这一事实，没有表达明显的喜爱、厌恶或评价性情绪。它属于客观的信息性陈述，不带有情感倾向，因此判断为中性。
974,梁月宝宝！,梁月宝宝！,"['梁月', '宝宝']",梁月 ,1,评论中使用了“宝宝”这一亲昵称呼，表达了对梁月的喜爱和亲近感，整体情感倾向积极正面。
971,航拍中国的江西篇里面有傩戏，江西傩戏，但是我是赣北的可能不太知道,航拍中国的江西篇里面有傩戏，江西傩戏，但是我是赣北的可能不太知道,"['航拍', '中国', '里面', '傩戏', '傩戏', '但是', '赣北', '可能', '不太']",航拍 中国 里面 傩戏 傩戏 但是 赣北 可能 不太,0,该评论客观陈述了航拍中国江西篇包含傩戏内容，并补充说明自己作为赣北人可能不太了解这一文化细节。语言平实，没有使用明显的情感词汇，仅表达信息认知和个人背景，未体现积极或消极情绪。
975,好惊艳,好惊艳,"['好', '惊艳']",好 惊艳,1,评论中使用了“好惊艳”这一强烈赞美词汇，表达了对内容或事物的高度赞赏和惊喜之情，整体情感倾向明显为正面。
978,我将爱上非遗！！,我将爱上非遗！！,['非遗'],非遗,1,评论中使用了“爱上”这一强烈积极情感的词汇，表达了对非遗的浓厚兴趣和高度赞赏，整体情感倾向明显为正面。
977,梁月，曲娘,梁月，曲娘,"['梁月', '曲娘']",梁月 曲娘,0,该评论仅列举了两个名称“梁月”和“曲娘”，未表达任何主观评价或情感色彩，属于客观陈述，因此情感倾向为中性。
973,都这么好看了，为什么这么弱,都这么好看了，为什么这么弱,"['这么', '好看', '为什么', '这么']", 好看 为什么 ,-1,评论前半句“都这么好看了”看似正面，但后半句“为什么这么弱”直接表达了失望和批评，整体情感倾向为负面，体现了对角色或事物实力与外观不匹配的不满。
979,你们第一次见到傩戏是在哪里呀？,你们第一次见到傩戏是在哪里呀？,"['第一次', '见到', '傩戏', '哪里']",第一次 见到 傩戏 哪里,0,该评论以提问形式询问他人对傩戏的初次接触经历，未使用明显的情感词汇或表达个人立场，仅体现信息交流意图，无明显情感倾向。
976,说到戏曲文化怎么能少得了戏神呢,说到戏曲文化怎么能少得了戏神呢,"['戏曲', '文化', '能少', '戏神']",戏曲 文化 能少 戏神,1,该评论以反问句式强调戏曲文化中戏神的重要性，表达了对传统文化的认可和推崇。使用“怎么能少得了”这样的肯定性表达，传递出积极的文化认同感，整体情感倾向为正面。
980,第一次知道傩戏是看《平潭映像》,第一次知道傩戏是看平潭映像,"['第一次', '傩戏', '平潭', '映像']",第一次 傩戏 平潭 映像,0,该评论仅陈述了个人了解傩戏的途径，没有表达明显的喜爱、厌恶或评价性情绪。内容为事实性描述，未使用带有情感倾向的词汇，因此整体情感倾向为中性。
983,哇塞哇塞太厉害了,哇塞哇塞太厉害了,"['哇塞', '哇塞', '厉害']",哇塞 哇塞 厉害,1,该评论使用了“哇塞哇塞太厉害了”等强烈感叹词和赞美性词汇，表达了高度的兴奋和钦佩之情，整体情感倾向非常积极正面。
981,傩戏的小说谁来推荐一下,傩戏的小说谁来推荐一下,"['傩戏', '小说', '推荐', '一下']",傩戏 小说 推荐 ,0,该评论仅询问关于傩戏小说的推荐，属于信息获取或讨论引导，未表达明确的情感倾向，既无积极词汇也无负面情绪，因此判定为中性。
982,说到傩戏就想到面具，第一次看到这个词还是十年前，高中那会儿看小说鬼吹灯,说到傩戏就想到面具，第一次看到这个词还是十年前，高中那会儿看小说鬼吹灯,"['傩戏', '想到', '面具', '第一次', '看到', '十年', '高中', '那会儿', '小说', '鬼吹灯']",傩戏  面具 第一次 看到 十年 高中 那会儿 小说 鬼吹灯,0,该评论仅陈述个人经历和联想，提到“傩戏”与“面具”的关联，并回忆十年前读《鬼吹灯》的体验，未表达明显褒贬或情绪倾向，属于中性叙述。
984,傩戏我们贵州有，我咋不知道是这样的,傩戏我们贵州有，我咋不知道是这样的,"['傩戏', '这样']",傩戏 这样,-1,评论中“我咋不知道是这样的”带有质疑和不满的语气，暗示对内容真实性的怀疑或对呈现方式的不认同，表达了对所描述内容的不信任感，整体情感倾向为负面。
986,来安徽池州傩仙镇 非物质文化遗产值得宣扬,来安徽池州傩仙镇 非物质文化遗产值得宣扬,"['池州', '仙镇', '非物质文化遗产', '值得', '宣扬']",池州 仙镇 非物质文化遗产 值得 宣扬,1,评论中明确提到“非物质文化遗产值得宣扬”，使用了“值得”这一积极评价词汇，表达了对文化传承的肯定与支持，整体情感倾向为正面。
985,桃源的傩戏有无,桃源的傩戏有无,"['桃源', '傩戏', '有无']",桃源 傩戏 有无,0,该评论仅询问“桃源的傩戏有无”，是一种纯粹的信息查询或事实确认，没有表达任何主观评价或情绪倾向，因此属于中性情感。
988,我读成摊戏,我读成摊戏,"['', '读成', '摊戏']", 读成 摊戏,0,该评论仅表达了对词语发音的个人解读，没有明显的情感倾向或评价性内容，属于中性陈述。
987,你问我糖甜不甜，我说更胜一筹>ᴗoಣ,你问我糖甜不甜，我说更胜一筹o,"['', '更胜一筹']", 更胜一筹,1,评论中使用了“糖甜”和“更胜一筹”等积极词汇，表达了对某事物的高度赞赏和喜爱，整体情感倾向为正面。
989,一辈子幸福好不好,一辈子幸福好不好,"['', '一辈子', '幸福', '好不好']", 一辈子 幸福 ,1,该评论使用了“一辈子幸福”这样具有强烈祝福和积极意义的表达，直接传递出对未来的美好期许和正面情感，整体情感倾向明显为正面。
990,我们这边是傩舞,我们这边是傩舞,"['这边', '傩舞']",这边 傩舞,0,该评论仅陈述了“我们这边是傩舞”这一事实，没有使用任何表达情感倾向的词汇，也没有表现出明显的褒贬态度，属于客观描述，因此情感倾向为中性。
992,好好看！好喜欢！,好好看！好喜欢！,"['好好看', '好', '喜欢']",好好看 好 喜欢,1,评论中连续使用“好好看”和“好喜欢”两个感叹句，表达了强烈的喜爱和赞赏之情，情感色彩非常积极明确，属于典型的正面评价。
993,魈——靖妖傩舞,魈靖妖傩舞,['傩舞'],傩舞,0,该评论仅提及游戏角色技能名称“魈靖妖傩舞”，未包含任何表达个人情感或评价的词汇，属于客观陈述，没有明显的情感倾向。
991,我们以闪也是好起来啦,我们以闪也是好起来啦,"['以闪', '好', '起来']",以闪 好 起来,1,评论中使用了“好起来啦”这一积极表达，传递出对“以闪”现状的满意和乐观态度，整体情感倾向为正面。
994,京剧猫都出来了,京剧猫都出来了,"['京剧', '出来']",京剧猫,0,"该评论仅陈述了""京剧猫都出来了""这一事实，没有使用明显的积极或消极词汇，也没有表达个人情感倾向，属于客观陈述的中性评论。"
995,你告诉我这是正儿八经的傩戏吗……,你告诉我这是正儿八经的傩戏吗,"['告诉', '正儿八经', '傩戏']",告诉 正儿八经 傩戏,-1,评论中使用了“正儿八经”的反问句式，表达了对傩戏呈现方式的不满和质疑，暗示其可能不够专业或真实，带有批评和失望的情绪。
997,竟然带我们傩戏套玩吗？,竟然带我们傩戏套玩吗？,"['竟然', '傩戏']", 傩戏,1,评论中使用了“竟然”表达惊喜之情，“带我们玩”体现了对联动内容的期待和参与感，整体语气积极，显示出对傩戏套联动内容的喜爱和支持。
999,傩戏很美啊,傩戏很美啊,"['傩戏', '很美']",傩戏 很美,1,评论中使用了“很美”这一明确表达欣赏和赞美的积极词汇，直接表达了对傩戏艺术形式的喜爱和肯定，整体情感倾向为正面。
1000,我们的非遗一定要传承下去呀,我们的非遗一定要传承下去呀,"['非遗', '一定', '传承', '下去']",非遗 一定 传承 下去,1,评论中使用了“一定要传承下去”这样坚定且积极的表达，体现了对非遗文化的重视和支持，整体情感充满鼓励和肯定。
1001,每一个科普中国传统文化的博主我都真心希望你们会火,每一个科普中国传统文化的博主我都真心希望你们会火,"['一个', '科普', '中国', '传统文化', '博主', '真心', '希望', '会火']",一个 科普 中国 传统文化 博主 真心 希望 会火,1,"评论中使用了""真心希望""、""会火""等积极表达，明确表达了对科普中国传统文化博主的支持与鼓励，体现了强烈的正面情感倾向。"
998,南昌有傩园，我小时候春游看过傩舞，后面傩园荒废了,南昌有傩园，我小时候春游看过傩舞，后面傩园荒废了,"['南昌', '傩园', '小时候', '春游', '看过', '傩舞', '后面', '傩园', '荒废']",南昌 傩园 小 春游 看过 傩舞 后面 傩园 荒废,0,该评论客观陈述了南昌傩园的存在、个人童年观看傩舞的经历以及后续园地荒废的事实，未使用明显褒贬词汇或表达主观情绪，仅作回忆性描述，整体情感倾向中性。
1003,老师天官赐福好不好,老师天官赐福好不好,"['天官赐福', '好不好']",天官赐福 ,0,该评论仅询问“天官赐福”作品的质量或评价，属于客观询问，未表达个人情感倾向或使用明显褒贬词汇，因此情感倾向为中性。
1002,京剧猫！！？,京剧猫！！？,['京剧'],京剧猫,1,该评论使用了“京剧猫！！？”的表达方式，感叹号和问号组合传递出惊喜、兴奋的情绪，暗示对联动内容感到意外和期待，整体情感倾向为正面。
996,谁懂中式恐怖？,谁懂中式恐怖？,"['中式', '恐怖']",中式 恐怖,0,该评论以疑问句形式提出“谁懂中式恐怖？”，主要表达对“中式恐怖”概念的理解或讨论邀请，未直接表露个人情感倾向，也未使用明显积极或消极的词汇，整体情感较为中立。
1007,看到傩这个字我就想起来《边城》,看到傩这个字我就想起来边城,"['看到', '起来', '边城']",看到 起来 边城,0,该评论仅表达了由“傩”字联想到《边城》的个人记忆，没有明显的情感倾向，属于中性陈述。
1004,每天一个小知识，这个字念傩,每天一个小知识，这个字念傩,"['每天', '一个', '知识', '字念']",每天 一个 知识 字念,0,该评论仅陈述了一个事实性的内容“这个字念傩”，属于知识分享或信息传递，没有表达明显的个人喜好、评价或情绪，因此情感倾向为中性。
1006,太美了吧,太美了吧,['太美'],太美,1,评论中使用了“太美了吧”这样的感叹句式，带有强烈的赞美和欣赏意味，表达了明显的喜爱和赞叹之情，整体情感倾向为正面。
1010,傩戏是啥？,傩戏是啥？,['傩戏'],傩戏,0,该评论仅表达对“傩戏”这一概念的好奇或疑问，没有使用明显的情感词汇，也未表达任何立场或评价，属于单纯的信息询问，情感倾向为中性。
1009,因为一本小说知道的摊戏，诡异事件的小说，古老说摊戏可以沟通天地，人类土地被诡异浸染，人类想通过摊戏沟通祖先，借用祖先力量压制诡异。很好看，还有制造分类人格事件,因为一本小说知道的摊戏，诡异事件的小说，古老说摊戏可以沟通天地，人类土地被诡异浸染，人类想通过摊戏沟通祖先，借用祖先力量压制诡异。很好看，还有制造分类人格事件,"['因为', '一本', '小说', '摊戏', '诡异', '事件', '小说', '古老', '摊戏', '可以', '沟通', '天地', '人类', '土地', '诡异', '浸染', '人类', '通过', '摊戏', '沟通', '祖先', '借用', '祖先', '力量', '压制', '诡异', '好看', '制造', '分类', '人格', '事件']", 一本 小说 摊戏 诡异 事件 小说 古老 摊戏  沟通 天地 人类 土地 诡异 浸染 人类 通过 摊戏 沟通 祖先 借用 祖先 力量 压制 诡异 好看 制造 分类 人格 事件,1,该评论使用了“很好看”等积极评价词汇，表达了对小说内容和设定的赞赏，整体情感倾向为正面。
1008,竟然带我们傩戏套玩吗？可惜攒不住钻没有抽,竟然带我们傩戏套玩吗？可惜攒不住钻没有抽,"['竟然', '傩戏', '可惜', '不住']", 傩戏 可惜 不住,0,评论前半句表达了对联动内容的兴趣和惊喜，但后半句提到因资源不足无法抽取，整体情感偏向陈述事实，没有明显的积极或消极情绪，属于中性表达。
1005,谁总看到傩面，吴邪和天官赐福的救赎感,谁总看到傩面，吴邪和天官赐福的救赎感,"['看到', '傩面', '吴邪', '天官赐福', '救赎']",看到 傩面 吴邪 天官赐福 救赎,1,评论中提及“傩面”、“吴邪”和“天官赐福的救赎感”，这些元素通常与积极的文化或作品关联，表达了对角色或主题的欣赏与共鸣。“救赎感”一词带有正面情感色彩，暗示评论者从中感受到希望或感动，整体情感倾向为正面。
1013,洛阳拍的傩戏摄影是,洛阳拍的傩戏摄影是,"['洛阳', '傩戏', '摄影']",洛阳 傩戏 摄影,0,该评论仅陈述了“洛阳拍的傩戏摄影是”这一事实，没有表达任何情感倾向或评价性词汇，属于中性描述。
1014,桃源人起立,桃源人起立,"['桃源', '起立']",桃源 起立,1,该评论使用“起立”这一积极动作表达支持与兴奋，结合“桃源人”这一群体身份，体现出对相关内容的认同和自豪感，整体情感倾向为正面。
1012,第一次知道傩戏还是因为靖妖傩舞,第一次知道傩戏还是因为靖妖傩舞,"['第一次', '傩戏', '因为', '傩舞']",第一次 傩戏  傩舞,0,该评论仅陈述了个人了解傩戏的契机，提到了“靖妖傩舞”这一具体事物，但未表达明显的喜爱、厌恶或评价性情感，属于客观陈述，因此情感倾向为中性。
1011,傩戏是这种妆吗，怎么感觉这个妆容特别像某些cos里边的角色,傩戏是这种妆吗，怎么感觉这个妆容特别像某些cos里边的角色,"['傩戏', '这种', '妆容', '特别', '某些', 'cos', '里边', '角色']",傩戏  妆容 特别 某些 cos 里边 角色,0,该评论以疑问形式探讨妆容与傩戏的关联性，使用“感觉像”等中性表述进行对比观察，未表达明确褒贬或情绪倾向，属于客观询问性质的中性评论。
1018,需要我们的传承,需要我们的传承,"['需要', '传承']",需要 传承,1,"该评论表达了传承的积极意愿，""需要我们的传承""体现了对文化或传统的珍视与责任感，带有明显的正面情感色彩。"
1015,爷爷雕的好好看，99,爷爷雕的好好看，99,"['爷爷', '好好看', '', '99']", 好好看  ,1,评论中“好看”表达了明确的赞赏，“99”是网络用语表示“久久”的祝福，整体传递出对爷爷雕刻作品的喜爱和美好祝愿，情感倾向积极正面。
1016,听说这个是手绘画工，真好,听说这个是手绘画工，真好,"['听说', '绘画', '好']",听说 绘画 好,1,评论中使用了“真好”这一明确表达赞赏的积极词汇，直接传递了满意和喜爱的情绪。同时，“手绘画工”的提及暗示了对艺术品质的认可，整体情感倾向清晰为正面。
1017,以前的傩戏确实不火，但是现在的傩戏非常火，可以去发现其他非遗文化,以前的傩戏确实不火，但是现在的傩戏非常火，可以去发现其他非遗文化,"['以前', '傩戏', '确实', '不火', '但是', '傩戏', '非常', '可以', '发现', '其他', '非遗', '文化']",以前 傩戏 确实 不火 但是 傩戏 非常  发现 其他 非遗 文化,1,该评论通过对比过去与现在傩戏的热度，强调“现在的傩戏非常火”，并鼓励探索其他非遗文化，使用“非常火”等积极词汇表达对非遗文化发展的乐观态度，整体情感倾向为正面。
1021,第一次知道傩戏是我不是戏神,第一次知道傩戏是我不是戏神,"['第一次', '傩戏', '戏神']",第一次 傩戏 戏神,0,该评论仅陈述了“第一次知道傩戏是我不是戏神”这一事实，没有使用明显的积极或消极词汇，也未表达出明确的情感倾向，属于中性陈述。
1020,因小说了解了皮影戏，老祖宗技艺真的太震撼！,因小说了解了皮影戏，老祖宗技艺真的太震撼！,"['小说', '了解', '皮影戏', '老祖宗', '技艺', '真的', '震撼']",小说 了解 皮影戏 老祖宗 技艺  震撼,1,评论中使用了“太震撼”等强烈积极词汇，表达了对皮影戏技艺的惊叹与赞美，并通过“老祖宗技艺”体现了文化自豪感，整体情感倾向明显为正面。
1019,摘下面具是人，戴上面具是神,摘下面具是人，戴上面具是神,"['摘下', '面具', '戴上', '面具']",摘下 面具 戴上 面具,0,该评论描述了角色在不同状态下的形象对比，使用了“人”与“神”的比喻，但未直接表达喜爱、批评或情感倾向。语句偏向客观描述，没有明显的积极或消极词汇，因此情感倾向为中性。
