微博 ID,评论者昵称,评论内容,评论时间,cleaned_content,segmented_content,情感分析结果,解析
4983551530107912,我是小王不是大王,不错,Wed Dec 27 19:43:50 +0800 2023,不错,不错,1,该评论使用了“不错”这一积极评价词汇，直接表达了对内容的认可和满意，整体情感倾向明确为正面。
5174236601123233,好一个乖乖女nv,佳能打出精彩,Thu Jun 05 19:31:11 +0800 2025,佳能打出精彩,佳能 打出 精彩,1,该评论使用了“精彩”这一积极词汇，表达了对佳能品牌或产品的赞赏和认可，整体情感倾向为正面。
5174236601123233,乡下来的千金,真的很不错,Thu Jun 05 19:30:02 +0800 2025,真的很不错,不错,1,"评论中使用了""很不错""这一明确的积极评价词汇，直接表达了对内容的认可和满意，整体情感倾向明显为正面。"
4983551530107912,榴莲饼干玥玥酱,哇哦真棒,Wed Dec 27 19:52:30 +0800 2023,哇哦真棒,真棒,1,"该评论使用了""哇哦""、""真棒""等感叹词和积极词汇，表达了强烈的惊喜和赞赏之情，整体情感倾向明显为正面。"
5174236601123233,京师大鹅,太棒了吧,Fri Jun 06 09:34:07 +0800 2025,太棒了吧,太棒了,1,评论中使用了“太棒了吧”这一强烈感叹句式，带有明显的兴奋和赞赏语气，表达了对事物的高度肯定和积极情感。
4983551530107912,纸片扩散法,好漂亮呀,Wed Dec 27 20:03:54 +0800 2023,好漂亮呀,漂亮,1,评论中使用了“好漂亮”这一明确的赞美性词汇，直接表达了欣赏和喜爱的积极情感，整体情感倾向清晰为正面。
5174236601123233,时北bei,这也太厉害了吧,Thu Jun 05 19:31:28 +0800 2025,这也太厉害了吧,厉害,1,评论中使用了“太厉害了吧”这样的感叹句式，表达了对某事物的强烈赞叹和认可，带有明显的积极情感色彩，整体情感倾向为正面。
4983551530107912,心有独钟嘛,好诶好诶[比耶][比耶],Wed Dec 27 19:58:17 +0800 2023,好诶好诶,,1,评论中重复使用“好诶”这一感叹词，表达出强烈的兴奋和喜悦情绪，属于典型的积极情感表达，整体情感倾向为正面。
5174236601123233,今夜沉溺ni,还能兑换大礼包，好酷,Thu Jun 05 19:30:43 +0800 2025,还能兑换大礼包 好酷,兑换 大礼包 好酷,1,评论中使用了“好酷”这一积极评价词汇，表达了对兑换大礼包这一行为的赞赏和兴奋之情，整体情感倾向明显为正面。
4983551530107912,荧里Chera,[抱一抱]好棒（柚子赞助我去吧！）,Wed Dec 27 13:27:12 +0800 2023,好棒 柚子赞助我去吧,好棒 柚子 赞助,1,评论中使用了“好棒”这一积极词汇表达赞赏，同时“赞助我去吧”带有期待和兴奋的语气，整体表达了支持与向往的正面情感。
4983551530107912,欧根er,哇哇哇[抱一抱],Wed Dec 27 19:13:37 +0800 2023,哇哇哇,哇哇,1,该评论使用了重复的感叹词“哇哇哇”，表达了强烈的惊喜和兴奋情绪，通常用于表达对某事物的喜爱或赞赏，整体情感倾向为正面。
4983551530107912,总BOSS折翼恶魔,也太好了吧,Wed Dec 27 21:11:14 +0800 2023,也太好了吧,太好了,1,评论中使用了“太好了”这一强烈积极词汇，配合语气词“吧”增强了赞叹和惊喜的情感表达，整体传递出明显的喜爱和满意情绪。
4983551530107912,楼一_,哇好棒,Wed Dec 27 20:32:51 +0800 2023,哇好棒,,1,评论中使用了“哇”和“好棒”等感叹词和积极词汇，直接表达了强烈的惊喜和赞赏之情，整体情感倾向明显为正面。
5174236601123233,爱你不逢时shi,不见不散,Thu Jun 05 19:30:18 +0800 2025,不见不散,不见不散,0,该评论仅包含“不见不散”这一约定性短语，未表达明确的情感态度，既无积极或消极词汇，也无具体评价内容，因此情感倾向为中性。
4983551530107912,查宝来帮忙,我是阮梅的（）,Wed Dec 27 15:10:45 +0800 2023,我是阮梅的,阮梅,1,该评论表达了用户对角色“阮梅”的强烈认同感和归属感，通过“我是阮梅的”这种带有归属和喜爱意味的表述，体现了积极的情感倾向，类似于粉丝的应援口号。
4983551530107912,氺货状元,来啦,Wed Dec 27 17:51:57 +0800 2023,来啦,,0,该评论仅表示“来啦”，是一种简单的打招呼或到场表达，没有明显的积极或消极情感色彩，属于中性陈述。
4983551530107912,靖墨影,好想去啊。。。,Wed Dec 27 18:46:17 +0800 2023,好想去啊,,1,评论中“好想去啊”表达了强烈的向往和期待情绪，使用“好想”这一积极词汇传递出对目标事物的喜爱和渴望，整体情感倾向为正面。
4983551530107912,Cerelia-W,真的很不错,Wed Dec 27 15:08:34 +0800 2023,真的很不错,不错,1,"评论使用了""很不错""这一明确的积极评价词汇，直接表达了对内容的肯定和赞赏，整体情感倾向清晰为正面。"
4983551530107912,菜与烧烤,哇一起,Wed Dec 27 17:31:04 +0800 2023,哇一起,一起,1,"评论使用了感叹词""哇""表达惊喜和兴奋，""一起""暗示了参与感或期待感，整体语气积极，体现了对活动或内容的喜爱和支持。"
4983551530107912,麻雀桑x,太棒啦[打call],Wed Dec 27 16:20:05 +0800 2023,太棒啦,太棒,1,该评论使用了“太棒啦”这一强烈积极的感叹词，直接表达了高度的喜悦和赞赏，情感倾向明确为正面。
4983551530107912,wan子源,很不错,Wed Dec 27 18:37:20 +0800 2023,很不错,不错,1,该评论使用了“很不错”这一明确的积极评价词汇，直接表达了对内容的肯定和满意，整体情感倾向为正面。
4983551530107912,芋头咩咩Psyche,好美,Wed Dec 27 14:54:31 +0800 2023,好美,好美,1,该评论使用了“好美”这一积极词汇，直接表达了对内容的赞美和喜爱，情感倾向明确为正面。
5204915211208615,三井茶浓,年轻人最爱,Fri Aug 29 10:30:06 +0800 2025,年轻人最爱,年轻人,1,评论中“最爱”一词表达了强烈的喜爱和偏好，属于积极情感词汇，整体传递出对年轻人的认可和赞赏，情感倾向明显为正面。
4983551530107912,偷蝉,厉害了,Wed Dec 27 18:58:20 +0800 2023,厉害了,厉害,1,该评论使用“厉害了”这一网络流行语，通常用于表达对某人或某事的赞赏和惊叹，带有明显的积极情感色彩，整体情感倾向为正面。
4983551530107912,伏狸霾霾丶,图6那个琴好漂亮[憧憬],Wed Dec 27 16:54:57 +0800 2023,图6那个琴好漂亮,琴好 漂亮,1,评论中使用了“好漂亮”这一积极词汇，直接表达了对图中物品（琴）的赞美和喜爱，体现了明显的正面情感倾向。
4983551530107912,雾月Aurora,古物联动[熊猫][熊猫],Wed Dec 27 15:22:12 +0800 2023,古物联动,古物 联动,0,该评论仅提及“古物联动”这一事实，未使用任何情感词汇或表达个人态度，属于客观陈述，没有明显的情感倾向。
5204915211208615,大美遂,让汤公文化焕发新生机,Fri Aug 29 22:15:46 +0800 2025,让汤公文化焕发新生机,汤公 文化 焕发 生机,1,该评论使用了“焕发新生机”这一积极表达，体现了对汤公文化传承与发展的肯定和期待，整体情感倾向为正面。
5204915211208615,cakeiie21,二次元与传统文化的碰撞[点赞],Fri Aug 29 10:21:52 +0800 2025,二次元与传统文化的碰撞,二次元 传统 文化 碰撞,0,该评论仅描述了“二次元与传统文化的碰撞”这一现象或主题，没有使用明显的情感词汇，也未表达个人喜好或评价，属于客观陈述，因此情感倾向为中性。
4983551530107912,聆音山海,真的很不错诶,Wed Dec 27 18:19:51 +0800 2023,真的很不错诶,不错,1,评论中使用了“真的很不错诶”这样的积极表达，其中“很不错”直接表示赞赏，“诶”带有亲切和惊喜的语气，整体传递出明显的满意和喜爱之情。
5204915211208615,花果山_孙悟空,俺老孙也想穿越玩一遭，汤公文化果然历久弥新！,Fri Aug 29 09:48:29 +0800 2025,俺老孙也想穿越玩一遭 汤公文化果然历久弥新,老孙 穿越 一遭 汤公 文化 历久弥新,1,评论中“俺老孙也想穿越玩一遭”表达了强烈的参与愿望和兴趣，“汤公文化果然历久弥新”则直接赞扬了文化的持久魅力与价值，整体充满积极、赞赏的情感倾向。
4983548156578669,修狗没有心事,这样的联动希望多来一点[鼓掌][鼓掌],Wed Dec 27 15:19:49 +0800 2023,这样的联动希望多来一点,联动 希望 多来,1,"该评论表达了""希望多来一点""的明确期待，使用积极语气表达对联动内容的喜爱和支持，整体情感倾向为正面。"
4983549768239760,嗜煗201502,好漂亮！[哆啦A梦吃惊],Wed Dec 27 23:15:28 +0800 2023,好漂亮,漂亮,1,该评论使用了“好漂亮”这一积极词汇，直接表达了对事物的赞美和喜爱，情感倾向明确为正面。
4983548156578669,螺蛳粉第二份半价,羡慕能去线下的小伙伴[泪][泪],Wed Dec 27 16:27:45 +0800 2023,羡慕能去线下的小伙伴,羡慕 线下 小伙伴,1,评论中“羡慕”一词表达了对他人的向往和积极情感，整体语气友善且带有正向的期待，体现了对线下活动的认可和兴趣。
4983548156578669,游到海水变蓝色,苏州博物馆联动阮梅啦，真不错,Wed Dec 27 15:03:25 +0800 2023,苏州博物馆联动阮梅啦 真不错,苏州 博物馆 联动 阮梅 真不错,1,评论中“真不错”是明确的积极评价词汇，表达了对苏州博物馆与阮梅联动的认可和喜爱，整体情感倾向为正面。
4983549768239760,懒懒_130,是不是要提前网上预约呀,Wed Dec 27 13:26:42 +0800 2023,是不是要提前网上预约呀,是不是 提前 网上 预约,0,该评论仅询问是否需要提前网上预约，属于客观信息咨询，未表达明显的积极或消极情绪，因此情感倾向为中性。
4983549768239760,阿海就是厉害,剪纸好漂亮 http://t.cn/A6lY8qSy,Wed Dec 27 21:03:14 +0800 2023,剪纸好漂亮,剪纸 漂亮,1,评论中使用了“好漂亮”这一明确的赞美性词汇，直接表达了对“剪纸”的欣赏和喜爱，情感倾向积极且明确，属于正面评价。
4983549768239760,布加拉提上去,我去！！这周五去,Wed Dec 27 14:07:49 +0800 2023,我去 这周五去,周五,0,该评论仅陈述了“这周五去”的行动计划，没有使用明显的情感词汇或表达主观态度，属于中性的事实陈述，无法判断具体情感倾向。
4983549768239760,狂睡大陆,这把实体的阮真的好漂亮…游戏里的也很漂亮[你好] http://t.cn/A6l84SDY,Fri Dec 29 18:03:22 +0800 2023,这把实体的阮真的好漂亮 游戏里的也很漂亮,实体 漂亮 游戏 很漂亮,1,评论中反复使用“好漂亮”这一积极词汇，表达了对实体和游戏中阮的强烈喜爱与赞赏，情感倾向明确为正面。
4983549768239760,收集阳光和日落,我让亲友帮我带ID打卡了[喵喵],Wed Dec 27 13:26:25 +0800 2023,我让亲友帮我带ID打卡了,亲友 ID 打卡,0,该评论仅陈述了让亲友帮忙代打卡的事实，没有使用明显的情感词汇，也未表达对事件的喜好或厌恶，属于客观陈述性质的中性表达。
4983549768239760,周文文小舟,西馆还能打卡领异形明信片！！[开学季],Wed Dec 27 13:26:26 +0800 2023,西馆还能打卡领异形明信片,西馆 打卡 异形 明信片,1,该评论提到“还能打卡领异形明信片”，使用了“还能”表示惊喜和期待，“打卡领”暗示参与感和收获感，整体表达了对活动的兴趣和积极态度，情感倾向为正面。
4983549768239760,苏苏苏san1,好好看[求关注][求关注][求关注]好适合cos打卡[允悲],Wed Dec 27 13:26:53 +0800 2023,好好看好适合cos打卡,好好 看好 适合 cos 打卡,1,评论中使用了“好好看”、“好适合”等积极词汇，表达了对cos打卡场景的喜爱和认可，整体情感倾向为正面。
4983549768239760,-AstarionMeww-,[允悲][允悲][允悲]好远好想去,Wed Dec 27 18:46:23 +0800 2023,好远好想去,好远,1,评论中“好想去”表达了强烈的向往和期待，虽然“好远”带有距离上的遗憾，但整体情感仍以积极渴望为主，体现了对目标地点或活动的喜爱和憧憬。
4983549768239760,那一年沉迷于花香,苏州评弹，适配度max,Wed Dec 27 13:26:19 +0800 2023,苏州评弹 适配度max,苏州 评弹 适配 max,1,评论中“适配度max”使用了网络流行语表达高度契合，带有明显的赞赏意味，体现了对苏州评弹与相关内容的积极认可，整体情感倾向为正面。
4983549768239760,星绘,[允悲]就在家这边，以前也去过几回了。但是太宅了，又很冷，云看阮梅吧[doge][doge],Wed Dec 27 14:33:38 +0800 2023,就在家这边 以前也去过几回了 但是太宅了 又很冷 云看阮梅吧,在家 以前 去过 几回 太宅 云看 阮梅,0,该评论主要陈述了个人行为（宅、怕冷）和选择（云看阮梅），没有使用明显的情感词汇，既无强烈喜爱也无批评不满，仅表达了一种客观的自我状态和替代性参与方式，整体情感倾向中性。
4983548156578669,零星尾迹云,古典江南风我爱了,Wed Dec 27 14:20:01 +0800 2023,古典江南风我爱了,古典 江南,1,评论中“我爱了”是网络流行语，表达强烈的喜爱之情，“古典江南风”则明确指向具体的美好意象，整体传递出对主题风格的赞赏与热情，情感倾向积极正面。
4983549768239760,冰冻蓝莓酒,🌿多久结束啊，好想去[苦涩],Wed Dec 27 13:26:35 +0800 2023,多久结束啊 好想去,多久 结束,1,评论中“好想去”表达了强烈的期待和向往之情，虽然前半句询问时长略显急切，但整体情感是积极正面的，体现了对活动或体验的渴望。
4983547763097930,菜与烧烤,真不错[笑而不语],Wed Dec 27 16:18:32 +0800 2023,真不错,真不错,1,评论中使用了“真不错”这一明确的积极表达，直接传达出对事物的认可和赞赏态度，整体情感倾向清晰且正面。
4983547763097930,晴琴倾心,真不错[羞嗒嗒],Wed Dec 27 14:38:56 +0800 2023,真不错,真不错,1,评论中使用了“真不错”这一明确的积极表达，直接传达出对内容的认可和满意，整体情感倾向为正面。
5130607290223970,邻家小妹那塔莎,这个非遗狮子好可爱啊[打call],Wed Feb 05 09:11:18 +0800 2025,这个非遗狮子好可爱啊,非遗 狮子 可爱,1,评论中使用了“好可爱”这一积极词汇，表达了对非遗狮子形象的喜爱和赞赏，整体情感倾向明显为正面。
4983547763097930,氺货状元,不错啊,Wed Dec 27 17:48:48 +0800 2023,不错啊,不错,1,评论使用了“不错啊”这一积极表达，语气轻松肯定，传达出对内容的认可和满意，整体情感倾向为正面。
5139809752583470,岑白泽,酱，下一届杨溯可以吗[悲伤],Sun Mar 02 18:01:08 +0800 2025,酱 下一届杨溯可以吗,一届 杨溯,0,该评论仅表达了对下一届杨溯的询问或期待，没有使用明显的情感词汇，也没有表达出强烈的正面或负面情绪，属于中性表达。
4983547763097930,朝如雪ZRX,[锦鲤附体][锦鲤附体][锦鲤附体]好期待啊。,Wed Dec 27 15:46:41 +0800 2023,好期待啊,期待,1,该评论使用了“好期待”这一表达强烈期待和兴奋情绪的词汇，直接传达了对未来事件或内容的积极盼望，整体情感倾向明显为正面。
5130607290223970,大海之颜,蛇年好运，开工大吉。,Wed Feb 05 09:11:58 +0800 2025,蛇年好运 开工大吉,好运 开工 大吉,1,该评论使用了“蛇年好运”、“开工大吉”等传统祝福语，表达了美好的祝愿和积极的期许，整体情感倾向明显为正面。
4983547763097930,借花月道平生,哇 好想去现场,Wed Dec 27 13:24:18 +0800 2023,哇 好想去现场,现场,1,评论中使用了“哇”这一感叹词表达惊喜，以及“好想去现场”直接表达了强烈的参与愿望和积极期待，整体情感倾向明显为正面。
5130607290223970,心随我愿望CO,塔斯汀logo一起开工大吉 http://t.cn/A631veJb,Wed Feb 05 09:10:42 +0800 2025,塔斯汀logo一起开工大吉,斯汀 logo 一起 开工 大吉,1,评论中“开工大吉”是传统祝福语，寓意事业顺利、吉祥如意，表达了积极祝愿和喜庆的情感倾向，整体情感为正面。
4983549768239760,派大唾沫星籽,好美(〃ﾉωﾉ),Wed Dec 27 13:26:32 +0800 2023,好美 ﾉωﾉ,好美,1,评论中使用了“好美”这一积极词汇，并搭配颜文字“ﾉωﾉ”表达喜悦和赞赏的情绪，整体传达出对内容的喜爱和正面评价。
4983549768239760,天天喝粥wy,好美啊我的天,Wed Dec 27 13:26:21 +0800 2023,好美啊我的天,好美,1,该评论使用了“好美啊”和“我的天”等感叹词和积极词汇，表达了对所描述对象强烈的赞美和惊叹之情，整体情感倾向明显为正面。
4983549768239760,哒米啊,想去,Wed Dec 27 13:26:23 +0800 2023,想去,,1,该评论表达了“想去”的意愿，虽然没有使用强烈的积极词汇，但“想去”本身传递了期待和兴趣，属于积极的情感表达，整体情感倾向为正面。
4983549768239760,-馨辰之光-,啊啊啊去早了，我上个月刚刚去过[允悲],Wed Dec 27 13:26:29 +0800 2023,啊啊啊去早了 我上个月刚刚去过,上个月 刚刚 去过,-1,评论中“啊啊啊去早了”表达了强烈的遗憾和懊恼情绪，结合“我上个月刚刚去过”的陈述，说明用户因时间安排不当而错过了期待的活动或机会，整体情感倾向为负面。
4983547763097930,柠柠茶哒,好想去啊啊啊啊可恶,Wed Dec 27 15:52:49 +0800 2023,好想去啊啊啊啊可恶,可恶,1,评论中“好想去”表达了强烈的期待和渴望，“啊啊啊啊”的感叹词增强了兴奋情绪，虽然“可恶”带有轻微抱怨，但整体仍传递出对目标事物的喜爱和向往，情感倾向为正面。
5130607290223970,微笑的旺仔牛奶,开工大吉大利,Wed Feb 05 09:17:16 +0800 2025,开工大吉大利,开工 大吉大利,1,该评论使用了“大吉大利”这一传统祝福语，表达了对开工的积极祝愿和美好期待，整体情感倾向为正面。
5130607290223970,静花寒月夜,恭喜发财 http://t.cn/A631PGng,Wed Feb 05 09:15:44 +0800 2025,恭喜发财,恭喜发财,1,该评论使用了传统祝福语“恭喜发财”，表达了对接收方的美好祝愿和积极情感，整体情感倾向为正面。
5130607290223970,钓大鱼行大运,新年快乐，开工大吉。 http://t.cn/A631Pbc6,Wed Feb 05 09:15:21 +0800 2025,新年快乐 开工大吉,新年快乐 开工 大吉,1,该评论使用了“新年快乐”和“开工大吉”等传统祝福语，表达了对新年的美好祝愿和对工作顺利开始的积极期待，整体情感倾向为正面。
5130607290223970,落樱听雨声,恭喜发财。 http://t.cn/A631PzeC,Wed Feb 05 09:13:10 +0800 2025,恭喜发财,恭喜发财,1,该评论使用了传统祝福语“恭喜发财”，表达了对他人或事物的美好祝愿和积极期待，带有明显的喜庆和正面情感倾向。
5130607290223970,巧手锦鲤,开工大吉大利[心][心],Wed Feb 05 09:13:34 +0800 2025,开工大吉大利,开工 大吉大利,1,该评论使用了“大吉大利”这一传统祝福语，表达了对开工的积极祝愿和美好期待，整体情感倾向为正面。
5130607290223970,墨非梧桐,开工大吉祝大家好运连连 http://t.cn/A631PcPA,Wed Feb 05 09:16:34 +0800 2025,开工大吉祝大家好运连连,开工 大吉 大家 好运 连连,1,该评论使用了“开工大吉”、“好运连连”等祝福性词汇，表达了对工作和未来的美好祝愿，整体情感积极向上，属于正面情感。
5130607290223970,肥皂七彩泡,恭喜发财。[送花花] http://t.cn/A631PAh5,Wed Feb 05 09:13:45 +0800 2025,恭喜发财,恭喜发财,1,该评论使用了传统祝福语“恭喜发财”，表达了对接收者的美好祝愿和积极情感，属于典型的正面情感表达。
5130607290223970,清风ZJH,祝大家都能财运满满迎新年！,Wed Feb 05 09:09:46 +0800 2025,祝大家都能财运满满迎新年,大家 财运 满满 迎新年,1,该评论使用了“财运满满”这一积极祝福词汇，表达了对他人新年的美好祝愿和期待，整体情感倾向明显为正面。
5130607290223970,用户3297603562,太可爱了恭喜发财 http://t.cn/A631PUfx,Wed Feb 05 09:14:54 +0800 2025,太可爱了恭喜发财,可爱 恭喜发财,1,评论中使用了“太可爱了”这一明确的积极情感词汇，表达出强烈的喜爱和赞赏之情；“恭喜发财”是传统祝福语，带有吉祥和喜悦的色彩，整体情感倾向积极正面。
5130607290223970,锦鲤附体好运降临吧,开工大吉[送花花],Wed Feb 05 09:09:24 +0800 2025,开工大吉,开工 大吉,1,该评论使用了“开工大吉”这一传统祝福语，表达了对工作或事业顺利开始的良好祝愿，带有积极、喜庆的色彩，整体情感倾向为正面。
5130607290223970,清晨阳光111111,开工大吉好运连连 http://t.cn/A631vBQV,Wed Feb 05 09:09:45 +0800 2025,开工大吉好运连连,开工 大吉 好运 连连,1,该评论使用了“开工大吉”、“好运连连”等传统祝福语，表达了对工作顺利、运势亨通的美好祝愿，整体情感积极向上，充满喜庆和鼓励的意味。
5130607290223970,背包客子修,大年初八 发发发[打call],Wed Feb 05 22:32:03 +0800 2025,大年初八 发发发,初八 发发发,1,该评论使用了“发发发”这一具有吉祥寓意的表达，符合春节期间的祝福语境，传递了积极向上的情感和美好祝愿，整体情感倾向为正面。
5130607290223970,向阳而升fighting,开工利狮 一切顺利 http://t.cn/A631vFKz,Wed Feb 05 09:11:36 +0800 2025,开工利狮 一切顺利,开工 利狮 一切顺利,1,该评论使用了“开工利狮”这一谐音祝福语（寓意“开工利是”）和“一切顺利”的积极祝愿，表达了对工作或事业开局的良好期许与支持，整体情感倾向为正面。
5130607290223970,在水族馆学化妆的咖啡,面人郎巧夺天工，发财狮精神抖擞迎新春，祝财神爷到家中，财源滚滚来！,Wed Feb 05 09:10:00 +0800 2025,面人郎巧夺天工 发财狮精神抖擞迎新春 祝财神爷到家中 财源滚滚来,面人郎 巧夺天工 发财 精神抖擞 迎新春 财神爷 家中 财源滚滚,1,该评论使用了“巧夺天工”、“精神抖擞”、“财源滚滚”等积极词汇，赞美了面人郎的精湛技艺和发财狮的生动形象，并表达了对新春财运的美好祝愿，整体情感倾向为正面。
5130607290223970,幸运福锦鲤,开工醒狮财源广进 http://t.cn/A631PLCn,Wed Feb 05 09:14:24 +0800 2025,开工醒狮财源广进,开工 醒狮 财源 广进,1,评论中使用了“开工醒狮财源广进”这一传统吉祥用语，其中“醒狮”象征活力与好运，“财源广进”直接表达对财富增长的祝福，整体充满积极、喜庆的情感倾向，属于正面评价。
5130607290223970,花语有泪的婷婷,开工大吉,Wed Feb 05 10:20:38 +0800 2025,开工大吉,开工 大吉,1,该评论使用了“开工大吉”这一传统祝福语，表达了对新开始或工作顺利的美好祝愿，带有积极的鼓励和喜庆色彩，整体情感倾向为正面。
5110021756554022,小呲呲不想说话,好可爱好可爱好可爱好可爱,Wed Dec 11 09:44:19 +0800 2024,好可爱好可爱好可爱好可爱,可爱 可爱 可爱 可爱,1,该评论连续使用多个“好可爱”表达强烈的喜爱和赞赏，重复的积极词汇强化了正面情感，整体情感倾向明确为正面。
5110021756554022,陆斯切洛夫斯基,好可爱！！,Tue Dec 10 13:49:44 +0800 2024,好可爱,可爱,1,该评论使用了“好可爱”这一积极词汇，直接表达了对内容的喜爱和赞赏，情感倾向明确为正面。
5110021756554022,波菊尼,问问头发，好可爱[哇],Tue Dec 10 13:14:35 +0800 2024,问问头发 好可爱,问问 头发 可爱,1,评论中使用了“好可爱”这一明确的积极词汇，直接表达了对头发造型的喜爱和赞赏，整体情感倾向清晰为正面。
5110021756554022,蛋蛋蛋蛋蛋黄yun,宝宝！ee亲亲[亲亲][亲亲],Tue Dec 10 13:34:06 +0800 2024,宝宝 ee亲亲,宝宝 ee 亲亲,1,"评论中使用了""宝宝""、""亲亲""等亲昵词汇，表达了对对象的喜爱和亲近之情，整体情感倾向明显为正面。"
5110021756554022,雪貂婋婋,宝宝好萌好萌[爱慕][爱慕][爱慕],Tue Dec 10 13:31:56 +0800 2024,宝宝好萌好萌,宝宝 好萌 好萌,1,评论中重复使用“好萌好萌”这一充满喜爱和赞赏的积极词汇，直接表达了对对象的强烈喜爱和正面情感，整体情感倾向明显为正面。
5058337895616663,悬顶之心,官方门面 特别伟大的脸,Sat Jul 20 22:28:22 +0800 2024,官方门面 特别伟大的脸,官方 门面 特别 伟大,1,该评论使用了“官方门面”、“特别伟大”等高度赞扬的词汇，直接表达了对评论对象外貌或形象的强烈肯定和欣赏，整体情感倾向非常积极和正面。
5137694886200620,橙子汁86767,出息了,Wed Feb 26 13:18:18 +0800 2025,出息了,出息,1,评论“出息了”是中文网络用语，通常用于表达对某人或某事取得进步、成就的赞赏和鼓励，带有欣慰和自豪的情感色彩，整体情感倾向为正面。
5058337895616663,肉包子不理小狗,我天 不认识 但是吧唧好美啊[哆啦A梦害怕],Sun Jul 21 18:36:01 +0800 2024,我天 不认识 但是吧唧好美啊,我天 认识 吧唧 好美,1,评论中使用了“我天”表达惊喜，“好美啊”直接表达对物品外观的赞赏，整体语气积极，体现了对“吧唧”的喜爱和正面评价。
5110021756554022,杜斯特-质朴地只想玩,老师 里面内搭是什么呀？想复刻一个 或者…有无穿戴码呀？,Tue Dec 10 14:31:56 +0800 2024,老师 里面内搭是什么呀 想复刻一个 或者 有无穿戴码呀,老师 里面 复刻 有无 穿戴,0,该评论以询问为主，表达了用户对服装内搭和穿戴码的好奇与兴趣，但并未使用明显的情感词汇，整体语气平和，属于中性询问。
5110021756554022,杜斯特-质朴地只想玩,萌宝萌萌哒,Tue Dec 10 14:30:24 +0800 2024,萌宝萌萌哒,萌宝 萌萌,1,评论中“萌萌哒”是网络流行语，表达可爱、讨人喜欢的积极情感，常用于形容人或事物令人感到愉悦和喜爱，整体传递出明显的正面情绪。
5058337895616663,一罐木头星絮,门面秒了,Sat Jul 20 23:36:15 +0800 2024,门面秒了,门面,1,评论中“秒了”是网络用语，表示“完全胜过”或“碾压”，带有强烈的赞赏和肯定意味，通常用于表达对某人或事物出众表现的积极评价，整体情感倾向为正面。
5058337895616663,夜游_Ustinian,伟大的脸[爱你],Sun Jul 21 01:41:04 +0800 2024,伟大的脸,伟大,1,该评论使用了“伟大的”这一高度赞扬的词汇来形容“脸”，表达了对人物外貌或形象的强烈欣赏和赞美，情感倾向明显为正面。
5058337895616663,聆俞知湫,门面伟大的脸,Tue Jul 30 18:13:51 +0800 2024,门面伟大的脸,门面 伟大,1,评论中“伟大的脸”使用了夸张的赞美性词汇，表达了对“门面”外貌的高度认可和欣赏，带有明显的积极情感倾向。
5058337895616663,道四即可_,伟大,Fri Jul 26 07:07:56 +0800 2024,伟大,伟大,1,该评论仅使用“伟大”一词，这是一个高度积极的评价词汇，通常用于表达对事物或人物的崇高敬意和强烈赞赏，因此整体情感倾向明确为正面。
5058337895616663,慕时歌,乔殊特别伟大的脸，被迷的死死的,Mon Jul 22 21:27:03 +0800 2024,乔殊特别伟大的脸 被迷的死死的,乔殊 特别 伟大 死死的,1,评论中使用了“特别伟大”、“被迷的死死的”等强烈赞美词汇，表达了对角色外貌的高度欣赏和喜爱，整体情感倾向明显为正面。
5058337895616663,Hoshi_殊涵,好米[干饭人][干饭人],Mon Jul 22 10:00:24 +0800 2024,好米,好米,1,评论中“好米”是网络用语，意为“好美”或“很好看”，表达了积极的赞美和喜爱之情，整体情感倾向明显为正面。
5006059852793948,阴阳师万事屋,创作者主页 http://t.cn/A6YjcDNA,Tue Feb 27 16:06:05 +0800 2024,创作者主页,创作者 主页,0,该评论仅提及“创作者主页”，属于客观陈述，没有表达任何情感色彩或主观评价，因此情感倾向为中性。
5058337895616663,留下一颗星星糖,宝宝呀[酷][酷][酷]门面秒了[ok],Mon Jul 22 12:04:10 +0800 2024,宝宝呀门面秒了,宝宝 门面,1,评论中“宝宝呀”和“秒了”是网络流行语，带有喜爱和赞赏的意味，表达了对对象（如偶像或作品）的强烈认可和赞美，整体情感积极正面。
5058337895616663,娃娃脸躺着睡觉,这个立牌是真的很[爱慕],Sun Jul 21 09:24:20 +0800 2024,这个立牌是真的很,立牌,0,该评论仅描述了立牌的真实性，未使用明显的情感词汇，缺乏明确的积极或消极表达，因此情感倾向为中性。
5058337895616663,初冬冰淇淋,不认识但是好美啊我靠,Thu Jul 25 19:59:57 +0800 2024,不认识但是好美啊我靠,认识 好美,1,评论中使用了“好美啊”等积极词汇表达对内容的赞赏，感叹词“我靠”在此语境中增强了赞叹语气，整体表达了对不认识事物的惊艳与喜爱，情感倾向明显为正面。
5058337895616663,-淮水江南望-,『LASER-乔殊』人间天使乔殊👼漫画少年乔殊💖天生焦点乔殊🌸绝美侧颜乔殊🦄可盐可甜乔殊💫精致蓝眸乔殊🌠狙心神仙乔殊💞创作鬼才乔殊🎶清冷气质乔殊🌙美貌与实力并存🌟经常抬头数星星，就不会低头数糖果『LASER-乔殊』人间天使乔殊👼漫画少年,Sun Jul 28 19:25:58 +0800 2024,LASER 乔殊 人间天使乔殊 漫画少年乔殊 天生焦点乔殊 绝美侧颜乔殊 可盐可甜乔殊 精致蓝眸乔殊 狙心神仙乔殊 创作鬼才乔殊 清冷气质乔殊 美貌与实力并存 经常抬头数星星 就不会低头数糖果 LASER 乔殊 人间天使乔殊 漫画少年,LASER 乔殊 人间 天使 乔殊 漫画 少年 乔殊 天生 焦点 乔殊 绝美 侧颜 乔殊 可盐 可甜 乔殊 精致 蓝眸 乔殊 狙心 神仙 乔殊 创作 鬼才 乔殊 清冷 气质 乔殊 美貌 实力 并存 经常 抬头 数星星 不会 低头 糖果 LASER 乔殊 人间 天使 乔殊 漫画 少年,1,该评论通过一系列赞美性词汇如“人间天使”、“绝美侧颜”、“创作鬼才”等，反复强调对角色乔殊的喜爱和欣赏，整体情感充满热情与支持，明显为正面。
5058337895616663,红茶记得加糖,特别好门面[可怜][可怜],Sun Jul 21 19:37:24 +0800 2024,特别好门面,特别 门面,1,该评论使用了“特别好”这一强烈积极的形容词，直接表达了对门面的高度赞赏和满意，整体情感倾向明显为正面。
5058337895616663,Min-雅倩,门面秒了,Sun Jul 21 07:18:32 +0800 2024,门面秒了,门面,1,该评论使用“秒了”这一网络流行语，表达了对某人或事物在门面（通常指外貌或形象）方面表现极为出色、远超他人的赞赏，带有强烈的肯定和赞美情绪，整体情感倾向为正面。
5058337895616663,溏屿南殊_,门面好伟大的脸,Wed Jul 24 18:15:18 +0800 2024,门面好伟大的脸,门面 伟大,1,该评论使用了“好伟大”这一高度赞美性词汇来形容“门面脸”，表达了对对象外貌的强烈欣赏和肯定，整体情感倾向明确为正面。
5006059852793948,温小小吞,只有这种时候我才敢承认我玩阴阳师[黄金薯R],Tue Feb 27 16:19:57 +0800 2024,只有这种时候我才敢承认我玩阴阳师,承认 阴阳师,-1,评论中“只有这种时候我才敢承认”暗示了对游戏或自身行为的羞耻感或无奈，带有明显的自我否定和消极情绪，整体情感倾向为负面。
5058337895616663,白汐沐,我们门面是这样的,Mon Jul 22 02:52:20 +0800 2024,我们门面是这样的,门面,0,该评论仅陈述“我们门面是这样的”这一事实，没有使用明显的积极或消极词汇，也未表达明确的情感态度，属于客观描述，因此情感倾向为中性。
5058337895616663,softswez_,伟大的门面！乔门[打call][拳头],Thu Aug 08 13:29:37 +0800 2024,伟大的门面 乔门,伟大 门面 乔门,1,该评论使用了“伟大的”这一高度赞扬的词汇来形容“门面”，并直接称呼“乔门”，表达了对特定人物或团队的强烈认可与推崇，整体情感倾向为正面。
5058337895616663,qnmd叠纸构思掉率给我棍,门面是这样的[亲亲],Sun Jul 21 18:59:43 +0800 2024,门面是这样的,门面,0,该评论仅陈述“门面是这样的”，没有使用明显的情感词汇或表达个人态度，属于客观描述性语句，无法判断具体情感倾向，因此归类为中性。
5058337895616663,stoneAoA,门面秒了[泪],Thu Jul 25 10:07:54 +0800 2024,门面秒了,门面,1,该评论使用了“秒了”这一网络流行语，通常表示“完胜”或“非常出色”，带有强烈的赞赏和肯定意味。结合“门面”一词，很可能是在赞美某人或某物的外观或表现极为出众，整体情感倾向为正面。
5006059852793948,春川肉肉子_恭酱酱酱酱酱锵锵cei,非遗联动我喜，梦一个龙女联动非遗绒花[doge],Tue Feb 27 16:28:38 +0800 2024,非遗联动我喜 梦一个龙女联动非遗绒花,非遗 联动 我喜 联动 非遗 绒花,1,评论中“我喜”直接表达了喜爱之情，“梦一个”体现了对联动内容的期待和向往，整体语气积极，情感倾向明显为正面。
5006059852793948,lllalazeyo,这次双神的联动皮肤 真的特别好看，季小姐也是真的特别美丽，那个cg的色彩美学真的很顶！cg魂兮归来！[泪][泪][泪],Tue Feb 27 16:38:38 +0800 2024,这次双神的联动皮肤 真的特别好看 季小姐也是真的特别美丽 那个cg的色彩美学真的很顶 cg魂兮归来,这次 双神 联动 皮肤 特别 好看 小姐 特别 美丽 cg 色彩 美学 很顶 cg 魂兮归来,1,评论中使用了“特别好看”、“特别美丽”、“很顶”等积极词汇，表达了对联动皮肤、角色形象和CG画面的高度赞赏，整体情感倾向为正面。
5006059852793948,柴麓怡怡,只有这种时候我才敢承认我玩阴阳师,Tue Feb 27 23:14:06 +0800 2024,只有这种时候我才敢承认我玩阴阳师,承认 阴阳师,-1,评论中“只有这种时候我才敢承认”暗示了平时对玩《阴阳师》感到羞耻或不愿公开，带有明显的自嘲和无奈情绪，整体表达了负面的情感倾向。
5006059852793948,毛绒绒松鼠球,神启荒的联动皮确实很好看[awsl],Wed Feb 28 18:33:36 +0800 2024,神启荒的联动皮确实很好看,神启荒 联动 确实 好看,1,评论中使用了“确实很好看”这一明确赞美性表达，直接肯定了联动皮肤的外观，传达了欣赏和满意的积极情绪，整体情感倾向为正面。
5006059852793948,青色小幽幽丶,虽然但是……大金鱼就算了，最丑联动皮没有之一[允悲]（个人看法）,Tue Feb 27 22:35:05 +0800 2024,虽然但是 大金鱼就算了 最丑联动皮没有之一 个人看法,金鱼 就算 最丑 联动 没有 个人 看法,-1,该评论明确使用“最丑联动皮没有之一”等强烈负面评价词汇，表达了对联动皮肤的极度不满和批评，整体情感倾向为负面。
5006059852793948,-星不语-,只有这种时候我才敢承认我玩阴阳师,Wed Feb 28 13:24:03 +0800 2024,只有这种时候我才敢承认我玩阴阳师,承认 阴阳师,-1,评论通过“只有这种时候我才敢承认”的表达，暗示玩《阴阳师》在平时可能带来羞耻感或不被认同的压力，带有自嘲和无奈的情绪，整体情感倾向为负面。
5006059852793948,Aoandon-,联动好，zen坏[爱你],Wed Feb 28 09:00:27 +0800 2024,联动好 zen坏,联动 zen,-1,评论中“联动好”与“坏”形成矛盾表达，但“zen坏”中的“zen”可能为“真”的谐音或强调，整体语气偏向强调“坏”这一负面评价，表达了对联动内容的不满或批评。
5006059852793948,是江南南,只有这种时候我才敢承认我玩阴阳师,Wed Feb 28 19:21:57 +0800 2024,只有这种时候我才敢承认我玩阴阳师,承认 阴阳师,-1,评论中“只有这种时候我才敢承认”暗示了平时对玩《阴阳师》这件事存在羞耻感或顾虑，带有自嘲和无奈的情绪，整体表达了对游戏或自身处境的不满与消极态度。
5006059852793948,-爆爆珠,联动好，zen坏,Wed Feb 28 01:51:16 +0800 2024,联动好 zen坏,联动 zen,-1,评论中“zen坏”是网络用语“真坏”的谐音表达，带有明显的负面评价色彩。虽然前半句“联动好”看似积极，但整体通过转折结构强调了负面态度，表达了对联动内容的不满或批评。
5006059852793948,完里有姜饼熊,只有这种时候我才敢承认我玩阴阳师,Wed Feb 28 14:13:20 +0800 2024,只有这种时候我才敢承认我玩阴阳师,承认 阴阳师,-1,评论通过“只有这种时候我才敢承认”表达了对玩阴阳师这一行为的羞耻或无奈，暗示平时可能因游戏内容、社交压力或其他原因而不敢公开承认，整体带有自嘲和消极情绪。
5006059852793948,太阳男神阿西吧,阴阳师在公益和非遗这里没话说[抱一抱],Tue Feb 27 21:48:01 +0800 2024,阴阳师在公益和非遗这里没话说,阴阳师 公益 没话说,1,评论中“没话说”是网络用语，表示做得非常好、无可挑剔，表达了高度认可。结合“公益和非遗”这一具体领域，明确赞扬了阴阳师在承担社会责任和传承文化方面的积极表现，整体情感倾向为正面肯定。
5006059852793948,我想改一个别人认不出我的名字,联动好 zen坏,Tue Feb 27 22:47:10 +0800 2024,联动好 zen坏,联动 zen,-1,评论中“坏”字直接表达了负面评价，虽然“好”字可能表示对联动本身的认可，但整体语境中“坏”的否定意味更强烈，暗示对联动内容或形式的不满，情感倾向为负面。
5006059852793948,Made茵拆着呐,我游排面！,Wed Feb 28 08:14:18 +0800 2024,我游排面,我游 排面,1,评论中“排面”是网络用语，意为有面子、有排场，通常用于表达自豪和赞赏。结合语境，该评论表达了对自己所玩游戏或相关内容的认可与骄傲，整体情感倾向积极正面。
5006059852793948,一月蝉,只有这种时候才敢承认自己玩阴阳师,Thu Mar 07 00:38:15 +0800 2024,只有这种时候才敢承认自己玩阴阳师,承认 阴阳师,-1,评论通过“只有这种时候才敢承认”表达了对玩《阴阳师》这一行为的羞耻或无奈，暗示平时因某种压力（如社会评价、游戏争议等）而不敢公开承认，带有自嘲和消极情绪，整体情感倾向为负面。
5006059852793948,风谷来客醉山林,看得出来阴阳师真的很想往国风转变，ZEN急了。,Wed Feb 28 14:13:55 +0800 2024,看得出来阴阳师真的很想往国风转变 ZEN急了,看得出来 阴阳师 国风 转变 ZEN,-1,评论中“看得出来阴阳师真的很想往国风转变”带有观察性描述，但紧随其后的“ZEN急了”使用了网络流行语，暗指游戏方（ZEN工作室）因某种压力而显得仓促或焦虑，整体语气含有轻微的讽刺和质疑意味，因此情感倾向为负面。
5006059852793948,Yri小咸不闲,只有这种时候才敢承认自己玩阴阳师,Wed Feb 28 22:13:10 +0800 2024,只有这种时候才敢承认自己玩阴阳师,承认 阴阳师,-1,评论中“只有这种时候才敢承认”暗示了平时对玩《阴阳师》感到羞耻或顾虑，带有自嘲和无奈的情绪，整体表达了对游戏或自身处境的负面感受。
5006059852793948,慕沉沉的沉,只有这种时候才承认自己玩阴阳师,Mon Mar 11 19:48:52 +0800 2024,只有这种时候才承认自己玩阴阳师,承认 阴阳师,-1,"该评论使用了""只有这种时候才承认""的表达，暗示对阴阳师玩家平时不承认身份、只在特定情况下才提及的行为带有讽刺和不满情绪，整体情感倾向为负面。"
5231895107341119,明声不语,大超为了打须佐已经变成伪人了[笑cry]这种话捅出去说不定真能把饮食送走[耶],Tue Nov 11 20:41:25 +0800 2025,大超为了打须佐已经变成伪人了这种话捅出去说不定真能把饮食送走,大超 打须 变成 伪人 出去 说不定 真能 饮食 送走,-1,评论中使用了“伪人”、“捅出去”、“送走”等负面词汇，暗示角色行为异常且可能引发严重后果，带有明显的讽刺和担忧情绪，整体情感倾向为负面。
5235409682171196,用户7454759508,@市场监管总局@河北市场监管@拼多多#投诉#紧急爆光！拼多多新源堂中草药馆（石家庄蓝泓医药科技有限公司）卖无批号增高助长生长助理调理中药材，虚假宣传成人二次生长+无副作用，无资质指导用药。。。。。我7月服用后身上起小红疹，后头痛，停药并口服氯雷他定片后症状才缓解。在服用该产品时并未吃任 http://t.cn/AXLq3R0u,Sat Nov 22 12:04:05 +0800 2025,紧急爆光 拼多多新源堂中草药馆 石家庄蓝泓医药科技有限公司 卖无批号增高助长生长助理调理中药材 虚假宣传成人二次生长 无副作用 无资质指导用药 我7月服用后身上起小红疹 后头痛 停药并口服氯雷他定片后症状才缓解 在服用该产品时并未吃任,紧急 爆光 多多 新源 中草药 石家庄 蓝泓 医药 科技 有限公司 批号 增高 助长 生长 助理 调理 中药材 虚假 宣传 成人 二次 生长 无副作用 资质 指导 用药 服用 身上 起小 红疹 头痛 停药 口服 氯雷 定片 症状 缓解 服用 产品 并未 吃任,-1,该评论详细描述了购买无批号产品后出现身体不适的经历，使用“虚假宣传”、“无副作用”等词语揭露商家欺骗行为，并提及服药后产生不良反应，表达强烈的投诉和不满情绪，整体情感倾向为负面。
5231222848751135,哎我的小狗,好美的画面,Mon Nov 10 12:10:29 +0800 2025,好美的画面,美的 画面,1,该评论使用了“好美”这一积极形容词，直接表达了对画面质量的赞赏和喜爱，整体情感倾向明显为正面。
5231222848751135,与君长生丶,新周顺利[抱一抱],Mon Nov 10 18:41:43 +0800 2025,新周顺利,新周 顺利,1,"该评论使用了""顺利""这一积极词汇，表达了对新一周的美好祝愿和乐观期待，整体情感倾向为正面。"
5231222848751135,洋洋Ajax,活在当下 [给力],Mon Nov 10 00:39:02 +0800 2025,活在当下,活在 当下,0,该评论仅表达“活在当下”这一生活态度，没有使用明显的情感词汇，也未体现对具体事物的褒贬评价，属于中性陈述。
5231222848751135,来不及再见ing,早上好[心]周一快乐[鲜花][鲜花][鲜花],Mon Nov 10 07:53:55 +0800 2025,早上好周一快乐,早上好 周一 快乐,1,该评论使用了“早上好”和“周一快乐”等积极问候语，表达了对新一周开始的祝福和乐观态度，整体情感倾向为正面。
5231222848751135,你苏到我了,感谢分享[送花花],Mon Nov 10 23:16:03 +0800 2025,感谢分享,感谢 分享,1,该评论使用了“感谢”这一礼貌用语，表达了对分享行为的认可和感激之情，体现了积极的互动态度，整体情感倾向为正面。
5231222848751135,别漾夏至,我梦想中想去生活的地方啊[爱慕],Mon Nov 10 08:55:53 +0800 2025,我梦想中想去生活的地方啊,梦想 中想 生活 地方,1,评论中使用了“梦想中想去生活的地方”这一表达，带有强烈的向往和憧憬情感，体现了对目标地点的喜爱和积极态度，整体情感倾向为正面。
5231222848751135,sishi13,早呀，新周愉快[爱慕],Mon Nov 10 07:11:46 +0800 2025,早呀 新周愉快,新周 愉快,1,评论使用了“早呀”和“新周愉快”等问候和祝福语，表达了对新一周的积极期待和友好态度，整体情感倾向为正面。
5231222848751135,古藤爱煎饼_,新周快乐[可爱],Mon Nov 10 06:50:29 +0800 2025,新周快乐,新周 快乐,0,该评论仅表达“新周快乐”的常规祝福，属于日常问候用语，没有明显的情感倾向或评价性内容，因此判断为中性情感。
5231222848751135,辰梦静入人心,老友早安[心]周一快乐,Mon Nov 10 07:34:01 +0800 2025,老友早安周一快乐,老友 早安 周一 快乐,1,该评论使用了“早安”、“快乐”等积极问候词汇，表达了对朋友的友好祝福和正面情感，整体氛围温馨亲切，情感倾向为正面。
5231222848751135,青公子V_,新周愉快！早安,Mon Nov 10 06:37:31 +0800 2025,新周愉快 早安,新周 愉快 早安,0,该评论仅包含日常问候语“新周愉快 早安”，属于礼貌性、常规性的社交表达，没有明显的积极或消极情感色彩，也没有涉及具体评价内容，因此情感倾向为中性。
5231222848751135,忘忧草a-,早安！新周愉快！,Mon Nov 10 05:37:38 +0800 2025,早安 新周愉快,早安 新周 愉快,1,"该评论使用了""早安""、""新周愉快""等问候和祝福语，表达了对接收者的友好和善意，整体情感倾向为正面。"
5231222848751135,你苏到我了,晚安啦💤明天见,Mon Nov 10 23:16:07 +0800 2025,晚安啦 明天见,晚安 明天,0,"该评论仅表达日常问候和道别，使用""晚安啦""、""明天见""等中性礼貌用语，未包含明显积极或消极的情感色彩，属于日常社交中的中性表达。"
5231222848751135,Susu愛樂兒,谢谢分享[偷笑]新周愉快,Mon Nov 10 01:00:56 +0800 2025,谢谢分享新周愉快,谢谢 分享 新周 愉快,1,该评论使用了“谢谢分享”表达感谢之意，“新周愉快”是常见的祝福用语，体现了友好和善意的态度，整体情感倾向为正面。
5231222848751135,扇子上有青鸟飞鱼,看起来很不错[赞],Mon Nov 10 23:46:43 +0800 2025,看起来很不错,看起来 不错,1,评论中使用了“很不错”这一积极评价词汇，表达了对内容的认可和赞赏，整体情感倾向明确为正面。
5231222848751135,一丈凡尘,太美了吧,Mon Nov 10 23:34:25 +0800 2025,太美了吧,太美,1,评论中使用了“太美了吧”这样的感叹句式，带有强烈的赞美和欣赏意味，表达了对内容的喜爱和惊叹，整体情感倾向明显为正面。
5231222848751135,鹿醒时分,风景很美,Mon Nov 10 23:43:38 +0800 2025,风景很美,风景,1,评论中使用了“很美”这一明确的积极评价词汇，直接表达了对风景的欣赏和喜爱，情感倾向清晰且积极，属于正面评价。
5231222848751135,第二片_海,山山水水[给你小心心]真不错,Mon Nov 10 00:46:57 +0800 2025,山山水水真不错,山山水水 真不错,1,评论中使用了“真不错”这一明确的积极评价词汇，直接表达了对“山山水水”的欣赏和肯定，整体情感倾向清晰为正面。
5231222848751135,一丈凡尘,新周快乐,Mon Nov 10 23:34:30 +0800 2025,新周快乐,新周 快乐,0,该评论仅表达“新周快乐”的日常问候，属于常规社交用语，没有明显的情感倾向或评价性内容，因此判断为中性情感。
5231222848751135,逐梦赤子之心,来一场说走就走的旅行,Mon Nov 10 00:54:32 +0800 2025,来一场说走就走的旅行,一场 说走就走 旅行,1,"该评论表达了积极的生活态度和向往自由的情感，""说走就走""体现了对无拘无束、随心所欲的旅行方式的憧憬，整体情感倾向为正面。"
5231222848751135,小雨与超超_无实时版,晚安好梦,Mon Nov 10 00:36:42 +0800 2025,晚安好梦,晚安,1,该评论使用“晚安好梦”这一常见祝福语，表达了对他人或情境的善意和温暖祝愿，带有积极的关怀情感，整体倾向为正面。
5223159072293622,Iris晚郁,@平移不变形 ，想去,Sun Oct 26 14:13:47 +0800 2025,想去,,1,该评论表达了“想去”的意愿，虽然没有使用强烈的积极词汇，但“想去”本身传递了向往和期待的正面情绪，表明对目标事物持有积极态度。
5216273635738544,一嘟灵花落小溪,夏以昼六边形战士@微博智搜,Mon Sep 29 18:02:08 +0800 2025,夏以昼六边形战士,夏以昼 六边形 战士,1,评论中“六边形战士”是网络流行语，通常用来形容某人在多个方面都表现优秀、能力全面，带有明显的赞赏和肯定意味，表达了对角色夏以昼的喜爱和高度评价，整体情感倾向为正面。
5216273635738544,一嘟灵花落小溪,夏以昼乙趋一,Mon Sep 29 18:00:46 +0800 2025,夏以昼乙趋一,夏以昼 乙趋,0,该评论仅包含角色名称和疑似输入错误或非完整表达，没有明确的情感词汇或立场表达，无法判断具体情感倾向，因此归类为中性。
5216273635738544,病恋昼,作为恋与深空最受欢迎的男主，吸引了非常多有能力有素养的人为其创作。近期，夏以昼的非遗剪纸联动被山西省文化和旅游厅官方转载并高度赞扬，令夏以昼推非常自豪与骄傲。@微博智搜,Mon Sep 29 18:20:49 +0800 2025,作为恋与深空最受欢迎的男主 吸引了非常多有能力有素养的人为其创作 近期 夏以昼的非遗剪纸联动被山西省文化和旅游厅官方转载并高度赞扬 令夏以昼推非常自豪与骄傲,深空 受欢迎 男主 吸引 多有 能力 素养 人为 创作 近期 夏以昼 剪纸 联动 山西省 文化 旅游 官方 转载 高度赞扬 夏以昼 自豪 骄傲,1,评论中使用了“最受欢迎”、“非常有能力有素养”、“高度赞扬”、“自豪与骄傲”等积极词汇，表达了对角色夏以昼及其联动活动的认可与赞赏，整体情感倾向明显为正面。
5216273635738544,一嘟灵花落小溪,来源于游戏官方信息,Mon Sep 29 18:15:03 +0800 2025,来源于游戏官方信息,来源于 游戏 官方 信息,0,该评论仅陈述信息来源，未表达任何主观评价或情感色彩，属于客观事实描述，因此情感倾向为中性。
5216636738997214,评论罗伯特,coser们博饼，输了的要变回原型哦~,Tue Sep 30 18:05:08 +0800 2025,coser们博饼 输了的要变回原型哦,coser 博饼 变回 原型,1,"评论中使用了""博饼""这一传统游戏元素，结合""变回原型""的趣味设定，营造出轻松愉快的氛围。整体语气活泼幽默，体现了对coser互动环节的期待和喜爱，情感倾向积极正面。"
5216273635738544,喂你一勺椿药,作为恋与深空最受欢迎的男主，吸引了非常多有能力有素养的人为其创作。近期，夏以昼的非遗剪纸联动被山西省文化和旅游厅官方转载并高度赞扬，令夏以昼推非常自豪与骄傲。@微博智搜,Mon Sep 29 18:30:58 +0800 2025,作为恋与深空最受欢迎的男主 吸引了非常多有能力有素养的人为其创作 近期 夏以昼的非遗剪纸联动被山西省文化和旅游厅官方转载并高度赞扬 令夏以昼推非常自豪与骄傲,深空 受欢迎 男主 吸引 多有 能力 素养 人为 创作 近期 夏以昼 剪纸 联动 山西省 文化 旅游 官方 转载 高度赞扬 夏以昼 自豪 骄傲,1,评论中使用了“最受欢迎”、“非常有能力有素养”、“高度赞扬”、“自豪与骄傲”等积极词汇，表达了对角色夏以昼及其联动活动的认可与赞赏，整体情感倾向明显为正面。
5216273635738544,昼予烁,夏以昼带来的正面宣传效果，使得社区玩家也十分热衷通过夏以昼了解中国传统文化，夏以昼与山西非遗剪纸进行了联动，通过中国传统五色中的白、赤、黑作为主色调，加入夏以昼相关的无尽夏，飞鸟，太阳，蛇等等元素剪纸，使得文化传承焕发出新的生命力。@微博智搜,Mon Sep 29 18:41:38 +0800 2025,夏以昼带来的正面宣传效果 使得社区玩家也十分热衷通过夏以昼了解中国传统文化 夏以昼与山西非遗剪纸进行了联动 通过中国传统五色中的白 赤 黑作为主色调 加入夏以昼相关的无尽夏 飞鸟 太阳 蛇等等元素剪纸 使得文化传承焕发出新的生命力,夏以昼 带来 正面 宣传 效果 社区 玩家 十分 热衷 夏以昼 了解 中国 传统 文化 夏以昼 山西 非遗 剪纸 进行 联动 中国 传统 五色 主色调 加入 夏以昼 相关 无尽 飞鸟 太阳 元素 剪纸 文化 传承 焕发 出新 生命力,1,该评论聚焦于夏以昼带来的正面宣传效果，强调其帮助玩家了解中国传统文化，并具体描述了联动中运用传统色彩和元素使文化“焕发出新的生命力”，整体用词积极，表达了对文化传承与创新结合的赞赏。
5216273635738544,心落泪弦,夏以昼乙权一@微博智搜,Mon Sep 29 18:06:08 +0800 2025,夏以昼乙权一,夏以昼 乙权,0,该评论仅提及角色名称“夏以昼乙权一”，未表达任何明确的情感倾向或评价性内容，属于客观陈述，因此判断为中性情感。
5216273635738544,灼阳夏昼,夏以昼乙权一@微博智搜,Mon Sep 29 19:03:51 +0800 2025,夏以昼乙权一,夏以昼 乙权,0,该评论仅提及角色名称“夏以昼乙权一”，未包含任何情感色彩词汇或主观评价，仅作为信息陈述，无明确情感倾向，因此判断为中性。
5216273635738544,退相骭,夏以昼乙趋一@微博智搜,Mon Sep 29 19:09:46 +0800 2025,夏以昼乙趋一,夏以昼 乙趋,0,该评论仅包含角色名称和疑似输入错误或未完成的短语，没有表达明确的情感态度或评价性内容，无法判断正面或负面倾向，因此归类为中性。
5216273635738544,跳国乙_以昼_晴晴,夏以昼是一款超人气天团，集结哥哥，老公，DAA战斗机飞行员，远空舰队执舰官，终极兵器于一体的超有亲和力魅力爆表的天生领袖  ​​​@微博智搜,Mon Sep 29 18:24:51 +0800 2025,夏以昼是一款超人气天团 集结哥哥 老公 DAA战斗机飞行员 远空舰队执舰官 终极兵器于一体的超有亲和力魅力爆表的天生领袖,夏以昼 一款 超人气 天团 集结 哥哥 老公 DAA 战斗机 飞行员 远空 舰队 执舰 终极 兵器 一体 超有 亲和力 魅力 爆表 天生 领袖,1,评论中使用了“超人气”“魅力爆表”“天生领袖”等高度赞扬的词汇，并列举多个积极身份角色，整体表达了对夏以昼的强烈喜爱和推崇，情感倾向明显为正面。
5216273635738544,昼雨之章,夏以昼老公王@微博智搜,Mon Sep 29 18:04:12 +0800 2025,夏以昼老公王,夏以昼 老公,1,该评论将角色“夏以昼”称为“老公”，使用了网络流行语表达喜爱和亲近感，体现了对角色强烈的个人情感投射和积极认同，整体情感倾向为正面。
5216273635738544,圆予昼,夏以昼不仅在国内拥有超高人气，而且是恋与深空海外人气最高的男主。@微博智搜,Mon Sep 29 18:37:57 +0800 2025,夏以昼不仅在国内拥有超高人气 而且是恋与深空海外人气最高的男主,夏以昼 国内 拥有 超高 人气 深空 海外 人气 最高 男主,1,该评论通过“超高人气”和“海外人气最高”等积极表述，强调了夏以昼在国内外的高人气和受欢迎程度，整体表达了对角色的肯定和赞赏，情感倾向明显为正面。
5216273635738544,xx-404-xx,《恋与深空》角色夏以昼积极参与多项文化传承活动。这一举措在游戏角色中较为罕见，体现了该角色形象获得的高度认可。夏以昼的角色设定从王牌飞行员成长为远空执舰官，展现了完整且有深度的人物弧光。无论是高规格的联动合作，还是丰满的角色塑造，都充分证明了夏以昼的实力与魅力。@微博智搜,Mon Sep 29 18:51:25 +0800 2025,恋与深空 角色夏以昼积极参与多项文化传承活动 这一举措在游戏角色中较为罕见 体现了该角色形象获得的高度认可 夏以昼的角色设定从王牌飞行员成长为远空执舰官 展现了完整且有深度的人物弧光 无论是高规格的联动合作 还是丰满的角色塑造 都充分证明了夏以昼的实力与魅力,深空 角色 夏以昼 积极参与 多项 文化 传承 活动 这一 举措 游戏 角色 较为 罕见 体现 角色 形象 获得 高度 认可 夏以昼 角色 设定 王牌 飞行员 成长 远空 执舰 展现 完整 深度 人物 弧光 无论是 规格 联动 合作 丰满 角色 塑造 充分证明 夏以昼 实力 魅力,1,评论中使用了“积极参与”、“高度认可”、“完整且有深度”、“丰满的角色塑造”、“实力与魅力”等积极词汇，全面肯定了夏以昼角色的文化价值、成长弧光和联动表现，整体情感倾向为正面赞赏。
5216273635738544,祂心引力,夏以昼是恋与深空海外人气最高的男主，保持登顶推特世界趋势第一、美国趋势第一的记录，至今仍未被同游任何男主超越。夏以昼周边价格也是同游男主中调价最高，游戏展发放的无料相卡在二级市场中一度达到玩家“一卡难求”的局面，饮品店联动杯始终是所有男主中首切（即售罄），有价无市。@微博智搜,Mon Sep 29 18:02:46 +0800 2025,夏以昼是恋与深空海外人气最高的男主 保持登顶推特世界趋势第一 美国趋势第一的记录 至今仍未被同游任何男主超越 夏以昼周边价格也是同游男主中调价最高 游戏展发放的无料相卡在二级市场中一度达到玩家 一卡难求 的局面 饮品店联动杯始终是所有男主中首切 即售罄 有价无市,夏以昼 深空 海外 人气 最高 男主 保持 登顶 推特 世界 趋势 第一 美国 趋势 第一 记录 至今 同游 男主 超越 夏以昼 周边 价格 同游 男主中 调价 最高 游戏 发放 无料 相卡 二级 市场 一度 达到 玩家 一卡 难求 局面 饮品 联动 始终 所有 男主中 首切 售罄 有价无市,1,该评论通过列举夏以昼在海外人气、趋势排名、周边价格、市场稀缺性等多方面的优势数据，如“登顶推特世界趋势第一”“一卡难求”“首切”等，用事实性描述突出其受欢迎程度和市场价值，整体表达了对该角色的高度认可与赞赏，情感倾向为正面。
5216273635738544,xx-404-xx,夏以昼万人迷@微博智搜,Mon Sep 29 18:51:14 +0800 2025,夏以昼万人迷,夏以昼 万人迷,1,该评论使用“万人迷”这一网络流行语，表达了对角色夏以昼的喜爱和赞赏，暗示其具有广泛吸引力，整体情感倾向为正面。
5216273635738544,真的别想了,作为恋与深空最受欢迎的男主，吸引了非常多有能力有素养的人为其创作。近期，夏以昼的非遗剪纸联动被山西省文化和旅游厅官方转载并高度赞扬，令夏以昼推非常自豪与骄傲。@微博智搜,Mon Sep 29 19:00:05 +0800 2025,作为恋与深空最受欢迎的男主 吸引了非常多有能力有素养的人为其创作 近期 夏以昼的非遗剪纸联动被山西省文化和旅游厅官方转载并高度赞扬 令夏以昼推非常自豪与骄傲,深空 受欢迎 男主 吸引 多有 能力 素养 人为 创作 近期 夏以昼 剪纸 联动 山西省 文化 旅游 官方 转载 高度赞扬 夏以昼 自豪 骄傲,1,评论中使用了“最受欢迎”、“有能力有素养”、“高度赞扬”、“自豪与骄傲”等积极词汇，强调了角色的受欢迎程度和联动活动的正面影响，整体表达了对角色及创作成果的赞赏与骄傲之情。
5216273635738544,天行骨嵙嵙长,夏以昼万人迷男神@微博智搜,Mon Sep 29 18:55:30 +0800 2025,夏以昼万人迷男神,夏以昼 万人迷 男神,1,"该评论直接称赞夏以昼为""万人迷男神""，使用了明确的赞美性词汇，表达了对角色的高度喜爱和欣赏，整体情感倾向积极正面。"
5216273635738544,昼晕你,夏以昼六边形战士@微博智搜,Mon Sep 29 18:59:35 +0800 2025,夏以昼六边形战士,夏以昼 六边形 战士,1,该评论使用“六边形战士”这一网络流行语，通常用于形容角色在各方面能力均衡且优秀，表达了对夏以昼角色的高度认可和赞赏，整体情感倾向为正面。
5216273635738544,-苹果汁-,夏以昼是恋与深空海外人气最高的男主，保持登顶推特世界趋势第一、美国趋势第一的记录，至今仍未被同游任何男主超越。夏以昼周边价格也是同游男主中调价最高，游戏展发放的无料相卡在二级市场中一度达到玩家“一卡难求”的局面，饮品店联动杯始终是所有男主中首切（即售罄），有价无市。@微博智搜,Mon Sep 29 19:51:37 +0800 2025,夏以昼是恋与深空海外人气最高的男主 保持登顶推特世界趋势第一 美国趋势第一的记录 至今仍未被同游任何男主超越 夏以昼周边价格也是同游男主中调价最高 游戏展发放的无料相卡在二级市场中一度达到玩家 一卡难求 的局面 饮品店联动杯始终是所有男主中首切 即售罄 有价无市,夏以昼 深空 海外 人气 最高 男主 保持 登顶 推特 世界 趋势 第一 美国 趋势 第一 记录 至今 同游 男主 超越 夏以昼 周边 价格 同游 男主中 调价 最高 游戏 发放 无料 相卡 二级 市场 一度 达到 玩家 一卡 难求 局面 饮品 联动 始终 所有 男主中 首切 售罄 有价无市,1,该评论通过列举夏以昼在海外人气登顶、周边价格最高、联动商品售罄等具体成就，使用“最高”“首切”“一卡难求”等积极词汇，突出其受欢迎程度和市场价值，整体表达了对该角色的高度认可与赞扬。
5216273635738544,真的别想了,夏以昼六边形战士@微博智搜,Mon Sep 29 18:59:53 +0800 2025,夏以昼六边形战士,夏以昼 六边形 战士,1,评论中“六边形战士”是网络流行语，通常用于形容角色能力全面、无短板，带有明显的赞赏和肯定意味，表达了对角色夏以昼的喜爱和高度评价，整体情感倾向为正面。
5215966200070777,-苹果汁-,夏以昼和夏以昼粉丝对山西民俗非遗剪纸带来了正面、破圈宣传，山西民俗文化受到了更多人的喜爱与传承。@微博智搜,Sun Sep 28 21:43:02 +0800 2025,夏以昼和夏以昼粉丝对山西民俗非遗剪纸带来了正面 破圈宣传 山西民俗文化受到了更多人的喜爱与传承,夏以昼 夏以昼 粉丝 山西 民俗 非遗 剪纸 带来 正面 破圈 宣传 山西 民俗文化 受到 喜爱 传承,1,该评论明确使用了“正面”、“破圈宣传”、“更多人的喜爱与传承”等积极词汇，强调了夏以昼及其粉丝对山西民俗非遗剪纸文化传播的积极贡献，整体表达了对这一文化推广行为的肯定与赞赏。
5215966200070777,豹豹哥的江梨梨,从天津文旅的城市宣传到南京商场的非遗体验，哥推持续用创意活动让世界看见中国文化。快来和他一起解锁传统之美吧！@微博智搜,Sun Sep 28 21:42:46 +0800 2025,从天津文旅的城市宣传到南京商场的非遗体验 哥推持续用创意活动让世界看见中国文化 快来和他一起解锁传统之美吧,天津 文旅 城市 宣传 南京 商场 体验 持续 创意 活动 世界 看见 中国 文化 快来 一起 解锁 传统 之美,1,评论中使用了“让世界看见中国文化”、“解锁传统之美”等积极表达，强调创意活动对传播中华文化的正面作用，整体传递出赞赏与支持的情感倾向。
5215966200070777,-苹果汁-,cr🍠纸间定格,Sun Sep 28 21:46:02 +0800 2025,cr 纸间定格,cr 纸间 定格,0,该评论仅提及“cr 纸间定格”，可能是引用来源或标注出处，没有表达明确的情感倾向或评价内容，属于中性陈述。
5215966200070777,天行骨嵙嵙长,夏以昼万人迷男神@微博智搜,Sun Sep 28 21:39:41 +0800 2025,夏以昼万人迷男神,夏以昼 万人迷 男神,1,该评论使用“万人迷男神”这一高度赞扬的词汇，直接表达了对角色夏以昼的喜爱和推崇，带有明显的积极情感倾向。
5215966200070777,昼予烁,夏以昼根正苗红正派大帅哥，多次被文旅联动，山西文旅的剪纸视频传承匠心，让剪纸文化在夏以昼的潮流中绽放新的光辉色彩呈现文化盛宴，更有国外玩家在提及茶饮文化时提及夏以昼到来的文化带动能力，让玩家更好理解中华传统文化。@微博智搜,Sun Sep 28 21:41:27 +0800 2025,夏以昼根正苗红正派大帅哥 多次被文旅联动 山西文旅的剪纸视频传承匠心 让剪纸文化在夏以昼的潮流中绽放新的光辉色彩呈现文化盛宴 更有国外玩家在提及茶饮文化时提及夏以昼到来的文化带动能力 让玩家更好理解中华传统文化,夏以昼 根正苗红 正派 帅哥 多次 文旅 联动 山西 文旅 剪纸 视频 传承 匠心 剪纸 文化 夏以昼 潮流 绽放 光辉 色彩 呈现 文化 盛宴 国外 玩家 提及 文化 提及 夏以昼 到来 文化 带动 能力 让玩家 更好 理解 中华 传统 文化,1,评论中使用了“根正苗红正派大帅哥”、“绽放新的光辉”、“文化盛宴”等积极词汇，强调了夏以昼在文旅联动中的正面形象和文化传播作用，整体表达了对联动效果和文化传承的赞赏与肯定。
5215966200070777,-昼羽-,夏以昼非遗联动，宣传中华文化@微博智搜,Sun Sep 28 21:39:31 +0800 2025,夏以昼非遗联动 宣传中华文化,夏以昼 非遗 联动 宣传 中华文化,1,该评论直接提及“非遗联动”和“宣传中华文化”，明确表达了对联动内容弘扬传统文化的肯定与支持，用词积极且具有明确的褒义倾向，整体情感为正面。
5215966200070777,calmingencouragingbright,夏以昼美趋一，夏以昼世趋一@微博智搜,Sun Sep 28 21:44:13 +0800 2025,夏以昼美趋一 夏以昼世趋一,夏以昼 美趋 夏以昼 世趋,0,该评论仅重复提及“夏以昼”相关话题标签，未包含明确的情感表达词汇或主观评价，属于中性的事实陈述，没有表现出明显的正面或负面倾向。
5215966200070777,-昼羽-,夏以昼正面形象大出圈@微博智搜,Sun Sep 28 21:39:14 +0800 2025,夏以昼正面形象大出圈,夏以昼 正面 形象 大出,1,该评论提到角色“夏以昼”的“正面形象大出圈”，其中“正面形象”和“出圈”都是积极词汇，表达了对角色受欢迎和形象良好的认可与赞赏，整体情感倾向为正面。
5215966200070777,喂你一勺椿药,夏以昼是《恋与深空》中具有积极形象的角色，多次获得官方主流合作认可，体现其正面影响力：文旅联动与文化传播-与山西文旅合作推广非遗剪纸艺术，通过角色结合传统文化焕发新生命力。-参与七夕联动天津文化旅宣传片，展现城市文化魅力。@微博智搜,Sun Sep 28 21:40:11 +0800 2025,夏以昼是 恋与深空 中具有积极形象的角色 多次获得官方主流合作认可 体现其正面影响力 文旅联动与文化传播 与山西文旅合作推广非遗剪纸艺术 通过角色结合传统文化焕发新生命力 参与七夕联动天津文化旅宣传片 展现城市文化魅力,夏以昼 深空 具有 积极 形象 角色 多次 获得 官方 主流 合作 认可 体现 正面 影响力 文旅 联动 文化 传播 山西 文旅 合作 推广 非遗 剪纸 艺术 角色 结合 传统 文化 焕发 生命力 参与 七夕 联动 天津 文化 宣传片 展现 城市 文化 魅力,1,该评论列举了角色夏以昼在《恋与深空》中的官方合作、文化推广等具体事例，使用了“积极形象”、“正面影响力”、“焕发新生命力”、“展现文化魅力”等明确褒义词汇，旨在强调角色的正面社会价值和文化贡献，整体表达出肯定与赞扬的情感。
5215966200070777,calmingencouragingbright,夏以昼根正苗红大帅哥@微博智搜,Sun Sep 28 21:44:01 +0800 2025,夏以昼根正苗红大帅哥,夏以昼 根正苗红 帅哥,1,该评论使用了“根正苗红”、“大帅哥”等积极词汇，表达了对角色夏以昼的肯定和赞美，整体情感倾向为正面。
5215966200070777,圆予昼,夏以昼3.0上线即登录美国、德国、马来趋势一，夏以昼限日当宇宙陷落发布立即登世界趋势一，再次登录美、马来趋势一，新登新加坡趋势一，日本趋势五，国内各大平台也登上热搜。@微博智搜,Sun Sep 28 22:32:54 +0800 2025,夏以昼3 0上线即登录美国 德国 马来趋势一 夏以昼限日当宇宙陷落发布立即登世界趋势一 再次登录美 马来趋势一 新登新加坡趋势一 日本趋势五 国内各大平台也登上热搜,夏以昼 上线 登录 美国 德国 马来 趋势 夏以昼 限日 宇宙 陷落 发布 立即 世界 趋势 再次 登录 马来 趋势 新登 新加坡 趋势 日本 趋势 国内 各大 平台 登上,1,该评论列举了夏以昼相关内容在多国及国内平台登上趋势或热搜的成就，使用“上线即登录”、“立即登”、“再次登录”等积极表述，强调了其广泛影响力和受欢迎程度，整体传递出肯定与自豪的情感。
5215966200070777,昼攸言,夏以昼根正苗红@微博智搜 [给你小心心][给你小心心],Sun Sep 28 21:41:51 +0800 2025,夏以昼根正苗红,夏以昼 根正苗红,1,评论中“根正苗红”是典型的褒义词，常用来形容思想纯正、品德优良的正面形象，表达了对角色或人物的肯定与赞赏，整体情感倾向积极正面。
5215966200070777,calmingencouragingbright,夏以昼乙趋一@微博智搜,Sun Sep 28 21:44:22 +0800 2025,夏以昼乙趋一,夏以昼 乙趋,0,该评论内容为“夏以昼乙趋一”，无明显情感词汇或表达倾向，可能为角色名、剧情描述或非完整语句，无法判断明确的情感色彩，因此归类为中性。
5215966200070777,花雪渐,夏以昼是《恋与深空》中具有积极形象的角色，多次获得官方主流合作认可，体现其正面影响力：文旅联动与文化传播-与山西文旅合作推广非遗剪纸艺术，通过角色结合传统文化焕发新生命力。-参与七夕联动天津文化旅宣传片，展现城市文化魅力。@微博智搜,Sun Sep 28 21:41:41 +0800 2025,夏以昼是 恋与深空 中具有积极形象的角色 多次获得官方主流合作认可 体现其正面影响力 文旅联动与文化传播 与山西文旅合作推广非遗剪纸艺术 通过角色结合传统文化焕发新生命力 参与七夕联动天津文化旅宣传片 展现城市文化魅力,夏以昼 深空 具有 积极 形象 角色 多次 获得 官方 主流 合作 认可 体现 正面 影响力 文旅 联动 文化 传播 山西 文旅 合作 推广 非遗 剪纸 艺术 角色 结合 传统 文化 焕发 生命力 参与 七夕 联动 天津 文化 宣传片 展现 城市 文化 魅力,1,该评论列举了夏以昼在游戏中的积极形象、官方合作认可及文化传播贡献，使用“积极形象”“正面影响力”“焕发新生命力”等肯定性表述，强调其社会文化价值，整体情感倾向为正面。
5215966200070777,跳国乙_以昼_晴晴,夏以昼权谋野心家@微博智搜,Sun Sep 28 21:39:40 +0800 2025,夏以昼权谋野心家,夏以昼 权谋 野心家,0,该评论仅描述了角色“夏以昼”的属性特征（权谋野心家），属于客观陈述，未使用明显的情感词汇表达喜爱或批评，也未体现个人态度倾向，因此情感判断为中性。
5215966200070777,蛇栖棠,@微博智搜 夏以昼根正苗红,Sun Sep 28 21:52:49 +0800 2025,夏以昼根正苗红,夏以昼 根正苗红,1,评论中“根正苗红”是典型的褒义词，常用于形容思想进步、品行端正的正面形象，表达了对角色夏以昼的认可和赞赏，整体情感倾向积极正面。
5215966200070777,夏昼狐爪冰,夏以昼根正苗红大帅哥@微博智搜,Sun Sep 28 21:40:27 +0800 2025,夏以昼根正苗红大帅哥,夏以昼 根正苗红 帅哥,1,评论中使用了“根正苗红”和“大帅哥”等积极词汇，表达了对角色夏以昼的赞赏和喜爱，整体情感倾向明显为正面。
5215966200070777,橙夏西西,夏以昼以其根正苗红的正面形象，已成为多地文旅的优选合作对象。与山西文旅合作的剪纸视频，不仅展现了匠心精神，更让传统剪纸文化借助夏以昼的潮流影响力焕发出全新光彩。其文化带动能力甚至辐射至海外，有国际玩家在讨论茶饮文化时，因夏以昼而增进了对中华传统文化的理解@微博智搜,Sun Sep 28 22:04:55 +0800 2025,夏以昼以其根正苗红的正面形象 已成为多地文旅的优选合作对象 与山西文旅合作的剪纸视频 不仅展现了匠心精神 更让传统剪纸文化借助夏以昼的潮流影响力焕发出全新光彩 其文化带动能力甚至辐射至海外 有国际玩家在讨论茶饮文化时 因夏以昼而增进了对中华传统文化的理解,夏以昼 根正苗红 正面 形象 成为 多地 文旅 优选 合作 对象 山西 文旅 合作 剪纸 视频 展现 匠心 精神 传统 剪纸 文化 借助 夏以昼 潮流 影响力 焕发 全新 光彩 文化 带动 能力 辐射 海外 国际 玩家 讨论 文化 夏以昼 增进 中华 传统 文化 理解,1,评论中使用了“根正苗红”、“匠心精神”、“焕发出全新光彩”等积极词汇，强调夏以昼的正面形象和文化带动能力，并提及对海外玩家的积极影响，整体表达了对合作成果的赞赏与肯定。
5213640997471423,AndieHe,喜欢洞庭湖大桥 @某只波波牛 @鲲鹏集藏 @June-Ryan  扩扩扩,Mon Sep 22 14:24:12 +0800 2025,喜欢洞庭湖大桥 扩扩扩,喜欢 洞庭湖 大桥 扩扩,1,评论中使用了“喜欢”这一明确的积极情感词汇，直接表达了对洞庭湖大桥的喜爱之情。后续的“扩扩扩”可能表示对大桥扩建或发展的支持与期待，整体语气充满热情和肯定，情感倾向明显为正面。
5213640997471423,Blingbling666_,p1-4-6都喜欢   @被沃兰德吻过所以干什么都会顺利 @橘子味的外太空L- @不知名的某现女友,Tue Sep 23 09:11:05 +0800 2025,p1 4 6都喜欢,p1 喜欢,1,评论中明确表达了对p1、4、6的喜爱，使用“都喜欢”这一积极词汇直接传递出欣赏和肯定的态度，整体情感倾向为正面。
5213640997471423,是怪物啊啊啊啊啊,喜欢马克笔系列[么么哒]@芝芝麻麻汤圆 @兜兜有米_money,Mon Sep 29 17:13:52 +0800 2025,喜欢马克笔系列,喜欢 马克笔 系列,1,该评论使用了“喜欢”这一明确表达积极情感的词汇，直接表达了对“马克笔系列”的喜爱和肯定，整体情感倾向清晰为正面。
5213640997471423,甜甜的糖葫芦r,喜欢洞庭湖大桥，这景色太美了吧@鲲鹏集藏 @90后的骏 ,Mon Sep 22 20:36:35 +0800 2025,喜欢洞庭湖大桥 这景色太美了吧,喜欢 洞庭湖 大桥 景色 太美,1,评论中使用了“喜欢”、“太美了吧”等积极词汇，直接表达了对洞庭湖大桥景色的赞美和喜爱之情，整体情感倾向明显为正面。
5213640997471423,杭州西湖醋鱼联名小栈,#西醋帮扩# KK,Thu Sep 25 15:15:21 +0800 2025,KK,KK,0,"该评论仅包含一个简短的名称或代号""KK""，没有表达任何具体观点或情感色彩，无法判断其情感倾向，因此属于中性评论。"
5213640997471423,陌家-小颜,@A大调回旋曲202010 @啊意- 洞庭湖大桥~,Mon Sep 22 16:30:23 +0800 2025,洞庭湖大桥,洞庭湖 大桥,0,该评论仅提及“洞庭湖大桥”这一地点名称，未包含任何情感色彩或评价性词汇，无法推断出正面、负面或具体情绪倾向，因此属于中性陈述。
5215966200070777,许夜既白,夏以昼根正苗红正派大帅哥，多次被文旅联动，山西文旅的剪纸视频传承匠心，让剪纸文化在夏以昼的潮流中绽放新的光辉色彩呈现文化盛宴，更有国外玩家在提及茶饮文化时提及夏以昼到来的文化带动能力，让玩家更好理解中华传统文化。@微博智搜,Sun Sep 28 21:58:53 +0800 2025,夏以昼根正苗红正派大帅哥 多次被文旅联动 山西文旅的剪纸视频传承匠心 让剪纸文化在夏以昼的潮流中绽放新的光辉色彩呈现文化盛宴 更有国外玩家在提及茶饮文化时提及夏以昼到来的文化带动能力 让玩家更好理解中华传统文化,夏以昼 根正苗红 正派 帅哥 多次 文旅 联动 山西 文旅 剪纸 视频 传承 匠心 剪纸 文化 夏以昼 潮流 绽放 光辉 色彩 呈现 文化 盛宴 国外 玩家 提及 文化 提及 夏以昼 到来 文化 带动 能力 让玩家 更好 理解 中华 传统 文化,1,评论中使用了“根正苗红正派大帅哥”、“绽放新的光辉”、“文化盛宴”等积极词汇，强调夏以昼在文旅联动中传承剪纸文化、带动中华传统文化传播的正面影响，整体表达赞赏与自豪的情感倾向。
5213640997471423,KelvinGee,喜欢丙烯马克笔系列，粉的绿的都好看！@甜甜的糖葫芦r @scarlet_rr [鲜花],Mon Sep 29 17:02:41 +0800 2025,喜欢丙烯马克笔系列 粉的绿的都好看,喜欢 丙烯 马克笔 系列 好看,1,评论中使用了“喜欢”、“好看”等积极词汇，表达了对丙烯马克笔系列的明确喜爱和色彩搭配的赞赏，整体情感倾向为正面。
5213640997471423,先指花梢,喜欢猫猫的那张和马克笔系列[害羞][哇][太开心]@星黔xxxx @-睡眠喷雾-,Fri Oct 03 00:46:41 +0800 2025,喜欢猫猫的那张和马克笔系列,喜欢 猫猫 马克笔 系列,1,评论中明确表达“喜欢”猫猫和马克笔系列，使用积极情感词汇直接表明对内容的欣赏和偏好，整体情感倾向为正面。
5213640997471423,长沙发生什么了,[话筒]帮扩,Mon Sep 22 22:38:22 +0800 2025,帮扩,帮扩,0,该评论仅包含“帮扩”这一网络用语，表示帮助扩散或转发信息，属于功能性表达，没有明显的情感倾向，既无积极评价也无消极情绪，因此判断为中性。
5213640997471423,Luna小娜,喜欢丙烯马克笔联动绿！@亲爱的雪莉啦 @失眠飞行4444 ,Mon Sep 22 15:36:37 +0800 2025,喜欢丙烯马克笔联动绿,喜欢 丙烯 马克笔 联动,1,评论中使用了“喜欢”这一明确表达喜好的积极词汇，直接表达了对“丙烯马克笔联动绿”这一事物的喜爱和肯定，整体情感倾向清晰为正面。
5213640997471423,橘子味碳酸饮料,@香港太平山下聯名團 @爱美食的方木 摄影yyds ！[色][色][色],Sun Oct 05 23:03:26 +0800 2025,摄影yyds,摄影 yyds,1,该评论使用网络流行语“yyds”（永远的神），表达了对摄影的高度赞美和强烈认可，情感倾向明确积极。
5210492613427218,枇杷树T_T,联小说就算了，看看她挑的什么作品[允悲],Sat Sep 13 21:59:37 +0800 2025,联小说就算了 看看她挑的什么作品,小说 就算 看看 作品,-1,"该评论使用了""算了""、""什么作品""等带有质疑和不满情绪的词汇，表达了对联动作品选择的不认可和失望，整体情感倾向为负面。"
5210492613427218,KC_anlod,真的不要来任何爱情向，卖的很大的暧昧向作品我求求了，不要再来给我增加血压了,Sat Sep 13 19:14:18 +0800 2025,真的不要来任何爱情向 卖的很大的暧昧向作品我求求了 不要再来给我增加血压了,爱情 很大 暧昧 作品 求求 再来 增加 血压,-1,评论中使用了“不要来”、“我求求了”、“增加血压”等强烈负面词汇，表达了对爱情向和暧昧向作品的极度抗拒与不满，整体情感倾向明显为负面。
5210492613427218,亭亭如盖Ni,可以联西游记，谁能拒绝猴哥[苦涩],Sun Sep 14 10:24:08 +0800 2025,可以联西游记 谁能拒绝猴哥,西游记 拒绝 猴哥,1,评论中“可以联西游记”表达了积极的期待，“谁能拒绝猴哥”使用反问句式强调了对孙悟空角色的喜爱和欢迎，整体传递出兴奋和期待的情感，属于正面评价。
5210492613427218,竹烹旧茶宁韵长_,看完那一堆联动作品我都想说不如联忘川风华录我还能说一句川花99。🏳️,Sat Sep 20 12:24:38 +0800 2025,看完那一堆联动作品我都想说不如联忘川风华录我还能说一句川花99,一堆 联动 作品 联忘川 风华 一句 川花 99,1,评论通过对比表达对《忘川风华录》的喜爱，使用“川花99”这一网络流行语表达祝福和支持，整体语气轻松积极，情感倾向为正面。
5210492613427218,或又-you,联一次玩家心梗一次,Fri Sep 19 14:09:57 +0800 2025,联一次玩家心梗一次,一次 玩家 心梗 一次,-1,该评论使用了“心梗”这一网络用语，比喻因联动内容而感到极度失望或愤怒，带有强烈的负面情绪。这种表达方式直接传达了用户对联动活动的强烈不满和抵触。
5210492613427218,花雾笙,能不能和隔壁忘川联动啊，感觉历史人物之间相处很有爱啊，之前玩过一点点[doge],Sun Sep 14 12:12:50 +0800 2025,能不能和隔壁忘川联动啊 感觉历史人物之间相处很有爱啊 之前玩过一点点,隔壁 忘川 联动 历史 人物 之间 相处 之前 玩过 一点点,1,评论中表达了与“隔壁忘川”联动的期待，使用了“很有爱”等积极词汇，并提及了过往的正面游戏体验（“玩过一点点”），整体语气友好且充满兴趣，情感倾向为正面。
5210492613427218,小何的n次方,大师兄那次联名也不太好，很多魔怔粉涌入社区,Tue Sep 16 21:07:56 +0800 2025,大师兄那次联名也不太好 很多魔怔粉涌入社区,师兄 那次 联名 不太好 很多 涌入 社区,-1,评论中“不太好”直接表达了负面评价，而“魔怔粉涌入社区”进一步强化了不满情绪，暗示了联名活动带来的负面影响，整体情感倾向为负面。
5210492613427218,限定-做饭被夹版男科圣手郁珩瑾,礼貌问问贪吃蛇背刺是什么事呀，没吃到这个瓜,Mon Sep 15 13:31:26 +0800 2025,礼貌问问贪吃蛇背刺是什么事呀 没吃到这个瓜,礼貌 问问 贪吃蛇 背刺,0,该评论以礼貌询问的方式表达对“贪吃蛇背刺”事件的好奇，使用“礼貌问问”、“没吃到这个瓜”等中性表述，主要目的是获取信息而非表达情感，没有明显的正面或负面倾向。
5210492613427218,科昆兴,想要红楼梦[融化]，以及我也填了隔壁忘川（）,Sun Sep 14 13:34:09 +0800 2025,想要红楼梦 以及我也填了隔壁忘川,想要 红楼梦 隔壁 忘川,0,该评论仅陈述了“想要红楼梦”和“填了隔壁忘川”两个事实性行为，没有使用明显的情感词汇，也未表达出强烈的喜好或厌恶，整体态度较为中立。
5210492613427218,长风过树荫,对的 我也觉得联红楼梦这种的真的更好一点,Sun Sep 14 03:13:20 +0800 2025,对的 我也觉得联红楼梦这种的真的更好一点,红楼梦 更好,1,评论通过“对的”表示赞同，并使用“更好一点”等积极词汇明确表达了对联动内容的认可和偏好，整体情感倾向为正面。
5210492613427218,小何的n次方,跟游戏联感觉会更好，就是联同一个企业的,Tue Sep 16 21:09:35 +0800 2025,跟游戏联感觉会更好 就是联同一个企业的,游戏 更好 同一个 企业,1,评论表达了与游戏联动的积极期待，使用“会更好”表明对联动效果的认可，整体语气带有支持与乐观态度。
5210492613427218,海鸥的随波逐流,甄嬛传,Mon Sep 15 19:36:39 +0800 2025,甄嬛传,,0,该评论仅提及作品名称“甄嬛传”，未附加任何评价性词汇或情感表达，属于客观陈述，无明显情感倾向，因此判定为中性。
5210492613427218,养只猫叫小熊,啥玩意我没当回事随便选了几个[捂嘴哭],Fri Sep 19 22:42:39 +0800 2025,啥玩意我没当回事随便选了几个,玩意 没当回事 随便 几个,0,该评论表达了用户对选择过程的随意态度，使用“啥玩意”和“随便选了几个”等中性词汇，没有明显的积极或消极情绪，仅陈述事实，整体情感倾向为中性。
5210492613427218,炖个萝卜汤,想要秦时明月[苦涩],Wed Sep 17 12:48:54 +0800 2025,想要秦时明月,想要 秦时 明月,0,该评论仅表达了“想要秦时明月”的愿望或诉求，陈述了一个事实性的需求，没有使用明显的情感词汇或表达出强烈的积极、消极情绪，因此整体情感倾向为中性。
5210492613427218,好瓜我吃吃吃,因为我打第五，最近第五联动的故宫我觉得很好[思考]考虑这方面的联动不[思考],Mon Sep 15 15:18:26 +0800 2025,因为我打第五 最近第五联动的故宫我觉得很好考虑这方面的联动不,第五 最近 第五 联动 故宫 考虑 这方面 联动,1,该评论通过“我觉得很好”直接表达了积极评价，并询问是否考虑类似联动，显示出对当前联动内容的认可和期待，整体情感倾向为正面。
5210492613427218,妾在山阳小迷妹,虽然我看小说，但是我还是不希望联动吧[单身狗],Sat Sep 13 21:08:31 +0800 2025,虽然我看小说 但是我还是不希望联动吧,小说 希望 联动,-1,评论通过“虽然...但是...”的转折句式，明确表达了不希望联动的态度。前半句承认看小说的行为，后半句直接否定联动意愿，整体传递出对联动内容的排斥或不满情绪。
5210492613427218,用户7711146081,游戏我倒是认识一个比较合适的，桃园深处有人家[doge]他是休闲向的，不是很火，但是在休闲游戏里面也算是热门的,Sat Sep 13 19:39:48 +0800 2025,游戏我倒是认识一个比较合适的 桃园深处有人家他是休闲向的 不是很火 但是在休闲游戏里面也算是热门的,游戏 认识 比较 合适 桃园 深处 休闲 很火 休闲游戏 里面 算是 热门,0,该评论客观介绍了游戏“桃园深处有人家”的定位和热度，使用了“比较合适”、“算是热门”等中性描述词，没有表达明显的喜爱或批评情绪，整体属于信息性陈述。
5210492613427218,用户8005113057,文物联动，或者中国神话联动，非遗联动，比如女书，可以直接出一个女角色，只要画好了，剧情你就算干讲女书的来历我也买单,Sun Sep 14 10:26:24 +0800 2025,文物联动 或者中国神话联动 非遗联动 比如女书 可以直接出一个女角色 只要画好了 剧情你就算干讲女书的来历我也买单,文物 联动 中国 神话 联动 非遗 联动 女书 直接 角色 画好 剧情 就算 女书 来历 买单,1,该评论通过列举“文物联动”“中国神话联动”“非遗联动”等具体建议，表达了对文化联动内容的强烈期待与支持。使用“直接出一个女角色”“我也买单”等积极表述，显示出对潜在内容的认可和购买意愿，整体情感倾向为正面。
5210492613427218,用户7820644576,啊贪吃蛇背刺了吗我我咋不知道[泪],Thu Sep 18 20:23:10 +0800 2025,啊贪吃蛇背刺了吗我我咋不知道,贪吃蛇 背刺 知道,0,该评论以疑问句形式表达对“贪吃蛇背刺”事件的不知情，主要是在询问或确认信息，没有使用明显的积极或消极情感词汇，整体语气偏向客观陈述，因此判断为中性情感。
5210413685276832,持簪念旧人,传统文化之类的是不会出错的，只要别画成剪纸系列那样，一般都不会有人骂你[努力],Sat Sep 13 13:57:59 +0800 2025,传统文化之类的是不会出错的 只要别画成剪纸系列那样 一般都不会有人骂你,传统 文化 不会 出错 别画成 剪纸 系列 不会 有人,0,该评论前半句肯定传统文化题材的安全性，后半句以剪纸系列为例提出避免负面评价的建议，整体语气较为客观，没有明显的积极或消极情绪表达，属于中性评论。
5210413685276832,三分糖抹茶咖啡冻,我刚发现 它的问卷那些选项都不对齐 我真的被花亦山的态度气笑了,Sat Sep 13 14:13:06 +0800 2025,我刚发现 它的问卷那些选项都不对齐 我真的被花亦山的态度气笑了,我刚 发现 问卷 选项 对齐 花亦山 态度 气笑,-1,评论中使用了“气笑了”这一表达，明显带有讽刺和不满的情绪，同时指出问卷选项不对齐的问题，直接批评了花亦山的态度，整体情感倾向为负面。
5210413685276832,花文司宥的钱给浅山和哥哥买衣服,我支持，这次联动结束问卷就说了，不要再搞这些IP联动了，去和那种文旅博物馆非遗类的联动不好吗，正向宣传，玩家角色也不受气，TMD我以为又出问卷是干啥呢,Sat Sep 13 15:34:37 +0800 2025,我支持 这次联动结束问卷就说了 不要再搞这些IP联动了 去和那种文旅博物馆非遗类的联动不好吗 正向宣传 玩家角色也不受气 TMD我以为又出问卷是干啥呢,支持 这次 联动 结束 问卷 IP 联动 那种 文旅 博物馆 遗类 联动 不好 正向 宣传 玩家 角色 受气 TMD 以为 问卷,-1,评论中“不要再搞这些IP联动了”、“玩家角色也不受气”表达了明确的反对和不满情绪，结尾的“TMD”等语气词进一步强化了负面情感，整体是对联动形式的批评和失望。
5210413685276832,竹子啊不嘞,dl，作为一个国风游戏不就应该多搞联动一些非遗以及传统文化之类的联动吗[桃里桃气],Sat Sep 13 20:47:59 +0800 2025,dl 作为一个国风游戏不就应该多搞联动一些非遗以及传统文化之类的联动吗,dl 国风 游戏 应该 联动 非遗 传统 文化 联动,1,评论通过反问句式“不就应该多搞联动”表达了对国风游戏联动非遗及传统文化的强烈支持与期待，体现了积极的认同态度，整体情感倾向为正面。
5210413685276832,持簪念旧人,打字途中头就晕了，要来吵的话我也管不着，先遁了[努力],Sat Sep 13 13:56:30 +0800 2025,打字途中头就晕了 要来吵的话我也管不着 先遁了,打字 途中 要来 管不着 先遁,-1,评论中“头就晕了”表达身体不适，“要来吵的话我也管不着”带有消极回避态度，“先遁了”体现逃避情绪，整体透露出烦躁和无奈，情感倾向为负面。
5210413685276832,持簪念旧人,实在没忍住[努力],Sat Sep 13 13:55:40 +0800 2025,实在没忍住,实在 忍住,0,该评论仅表达了“实在没忍住”这一行为，没有提供具体的行为对象或情感指向，无法判断其背后是正面、负面还是中性的具体情绪，因此整体情感倾向为中性。
5210492613427218,皖屿栖,贪吃蛇背刺怎么回事啊？我怎么什么都不知道[震惊],Thu Sep 18 07:09:20 +0800 2025,贪吃蛇背刺怎么回事啊 我怎么什么都不知道,贪吃蛇 背刺 怎么回事 知道,-1,评论中“背刺”一词带有强烈的负面情绪，暗示被欺骗或背叛，结合“怎么回事啊”的困惑语气，表达了玩家对游戏内事件不知情的不满和失望。
5210413685276832,-不及春-,不懂就问花亦山是想要联动走黑红路线吗。,Sat Sep 13 17:44:13 +0800 2025,不懂就问花亦山是想要联动走黑红路线吗,问花 想要 联动 黑红 路线,-1,该评论以“不懂就问”开头，但实际带有质疑和讽刺的语气，暗示游戏方可能通过引发争议（“黑红路线”）来获取关注，表达了对运营策略的不满和批评，整体情感倾向为负面。
5210413685276832,风雪不染尘,根本没几个可选的，动漫选了百妖谱，游戏没几个出名的，没选，小说电视剧想都没想，什么时候出二期岩彩联动皮啊[允悲],Sat Sep 13 14:46:39 +0800 2025,根本没几个可选的 动漫选了百妖谱 游戏没几个出名的 没选 小说电视剧想都没想 什么时候出二期岩彩联动皮啊,几个 可选 动漫 选了 百妖谱 游戏 几个 出名 没选 小说 电视剧 没想 二期 岩彩 联动,-1,评论中“根本没几个可选的”、“没几个出名的”、“想都没想”等表述透露出明显的失望和不满情绪，核心诉求“什么时候出二期岩彩联动皮啊”以反问形式表达了对当前联动内容匮乏的批评和对特定内容的急切期待，整体情感倾向为负面。
5210413685276832,栀繁喻茂,老师问问文案少吃书是什么意思[开学季],Sat Oct 04 11:46:44 +0800 2025,老师问问文案少吃书是什么意思,老师 问问 文案 少吃书 意思,0,该评论是询问“少吃书”这一术语的含义，属于知识性或澄清性的提问，没有表达个人情感或评价，因此情感倾向为中性。
5210413685276832,岁月悠然-,比起联动他问卷里的那一些IP，我更希望他去联动非遗文化做成新装，画好看点让每一位名士都可以参与到不是更好[呵呵],Sat Sep 13 15:11:27 +0800 2025,比起联动他问卷里的那一些IP 我更希望他去联动非遗文化做成新装 画好看点让每一位名士都可以参与到不是更好,比起 联动 问卷 IP 希望 联动 非遗 文化 做成 新装 好看 一位 名士 参与 更好,1,评论表达了希望联动非遗文化并设计精美服装的积极愿望，使用“更好”、“画好看点”等正面词汇，体现了对游戏内容优化的期待和支持，整体情感倾向为正面。
5210753722224159,镜花水月孤影一梦,联动天官赐福吧，我绝对抽,Sun Sep 14 20:57:36 +0800 2025,联动天官赐福吧 我绝对抽,联动 天官赐福 绝对,1,评论中“绝对抽”表达了强烈的参与意愿和期待，显示出对联动内容的积极支持和喜爱，整体情感倾向为正面。
5210753722224159,风雪伊零,不如联动奶茶好了，比如蜜雪，霸王茶姬，一点点，或者瑞幸也行，来点实际的能吃的东西更实在，之前的两次线下奶茶店联动都是买不到的，附近根本没有的[苦涩]，如果可以的话真的想让他联这些[苦涩]。,Thu Sep 18 15:02:15 +0800 2025,不如联动奶茶好了 比如蜜雪 霸王茶姬 一点点 或者瑞幸也行 来点实际的能吃的东西更实在 之前的两次线下奶茶店联动都是买不到的 附近根本没有的 如果可以的话真的想让他联这些,联动 奶茶 蜜雪 霸王 茶姬 一点点 瑞幸 实际 东西 实在 之前 两次 线下 奶茶 联动 买不到 附近 没有,-1,评论通过对比表达不满，指出之前的联动“买不到”、“附近根本没有”，并强调“来点实际的能吃的东西更实在”，带有明显的失望和抱怨情绪，整体倾向为负面。
5210413685276832,Yoey-Oct30,联五花米线[思考],Sun Sep 14 00:37:58 +0800 2025,联五花米线,五花 米线,0,该评论仅提及“联五花米线”，未包含任何情感色彩词汇或表达个人态度，属于客观陈述或单纯提及名称，无明显正面或负面情感倾向。
5210753722224159,安可留声机,联动游戏动漫我也忍了[裂开]那个电动车我真是记忆犹新,Sun Sep 14 12:59:05 +0800 2025,联动游戏动漫我也忍了那个电动车我真是记忆犹新,联动 游戏 动漫 电动车 真是 记忆犹新,-1,评论中“我也忍了”表达了对联动内容的不满和勉强接受，而“电动车我真是记忆犹新”带有讽刺和负面回忆的意味，整体透露出对联动选择的不认同和失望情绪。
5210735407796354,KC_anlod,闲的没事做去考虑点非遗，不然你早点更新主线@花亦山心之月,Sun Sep 14 14:39:41 +0800 2025,闲的没事做去考虑点非遗 不然你早点更新主线,没事 考虑 点非 早点 更新 主线,-1,评论通过“闲的没事做”表达对当前内容的不满，并以“早点更新主线”的催促语气，暗示对开发方优先顺序的批评，整体带有明显的负面情绪。
5210735407796354,亭亭如盖Ni,花亦山想联动也要把自家搞好吧，美工稳定了吗，剧情合理了吗@花亦山心之月,Sun Sep 14 12:21:51 +0800 2025,花亦山想联动也要把自家搞好吧 美工稳定了吗 剧情合理了吗,花亦山 联动 搞好 美工 稳定 剧情 合理,-1,评论通过反问句式表达对游戏现状的不满，质疑美工不稳定、剧情不合理等核心问题，并以此批评联动决策本末倒置，整体带有明显的批评和失望情绪。
5210441653685236,一只wasting,先把主线更了，好看有脑的话，我立马为你冲锋陷阵[爱你],Sat Sep 13 15:52:33 +0800 2025,先把主线更了 好看有脑的话 我立马为你冲锋陷阵,主线 好看 有脑 立马 冲锋陷阵,1,评论中“好看有脑”表达了对内容质量的积极期待，“立马为你冲锋陷阵”以夸张的积极语气表示支持，整体透露出鼓励和期待的情感倾向。
5210735407796354,用户7711146081,@花亦山心之月 衣服[呵呵]只要你多出一件衣服，你还可以拿出来圈无数次,Sun Sep 14 14:27:04 +0800 2025,衣服只要你多出一件衣服 你还可以拿出来圈无数次,衣服 多出 一件 衣服 出来 无数次,-1,评论中“圈无数次”带有明显的讽刺意味，暗示商家通过重复推出类似商品来不断获取利益，表达了消费者对商业策略的不满和批评，整体情感倾向为负面。
5210532672181884,月何圆,[允悲]其实联动其他游戏或者漫画可能确实好点，因为为了拉新玩家，别的游戏人流量本来就不缺，联动非遗是锦上添花，但是狗花不一样[doge]要死不活联动非遗名著属于是原地踏步,Mon Sep 15 12:58:13 +0800 2025,其实联动其他游戏或者漫画可能确实好点 因为为了拉新玩家 别的游戏人流量本来就不缺 联动非遗是锦上添花 但是狗花不一样要死不活联动非遗名著属于是原地踏步,联动 游戏 漫画 可能 确实 好点 拉新 玩家 游戏 人流量 本来 不缺 联动 遗是 锦上添花 狗花 要死不活 联动 非遗 名著 属于 原地踏步,-1,该评论通过对比指出联动非遗对“狗花”游戏效果有限，使用“要死不活”、“原地踏步”等贬义词汇，表达了对联动策略的失望和批评，整体情感倾向为负面。
5210532672181884,用户7711146081,@花亦山心之月 偶尔对自己玩家好一点怎么了[呵呵]今年我们吃的史还不够多吗？哪一次流水自己家玩家没有贡献?指望突然天外飞仙救场，不如增加玩家的消费兴趣[呵呵]你知道因为你画的不好看，我今年已经有好几个卡池没下了，月卡也懒得续，前年我几乎一整年都在开月卡，大大小小的氪[呵呵],Mon Sep 15 15:48:32 +0800 2025,偶尔对自己玩家好一点怎么了今年我们吃的史还不够多吗 哪一次流水自己家玩家没有贡献 指望突然天外飞仙救场 不如增加玩家的消费兴趣你知道因为你画的不好看 我今年已经有好几个卡池没下了 月卡也懒得续 前年我几乎一整年都在开月卡 大大小小的氪,偶尔 玩家 今年 不够 一次 流水 玩家 没有 贡献 指望 突然 天外飞仙 救场 增加 玩家 消费 兴趣 知道 好看 今年 好几个 卡池 没下 懒得 前年 几乎 整年 大大小小,-1,评论通过“吃的史还不够多吗”、“画的不好看”等负面表达，直接批评游戏公司对玩家不够好、质量下降，并以自身消费减少（“卡池没下”、“月卡懒得续”）作为佐证，整体流露出强烈的不满和失望情绪。
5210203017974742,腹肌帅哥的谢玉镜湖,非遗没流量，本来就指望着联动热门ip从而带火自己，结果变成互相扶贫吗[笑cry][笑cry][笑cry],Sat Sep 13 08:23:31 +0800 2025,非遗没流量 本来就指望着联动热门ip从而带火自己 结果变成互相扶贫吗,非遗 流量 本来 指望 联动 热门 ip 带火 变成 互相 扶贫,-1,评论中使用了“没流量”、“指望”、“带火”等词汇表达对非遗现状的担忧，而“互相扶贫”一词带有明显的讽刺和失望情绪，暗示联动未能达到预期效果，整体情感倾向为负面。
5210203017974742,听风念故人wing,非遗特别好的啊[捂嘴哭]岩彩系列重启好吗好的,Fri Sep 12 23:59:28 +0800 2025,非遗特别好的啊岩彩系列重启好吗好的,非遗 特别 岩彩 系列 重启,1,评论中使用了“特别好”、“重启好吗好的”等积极表达，明确表达了对非遗岩彩系列重启的支持与期待，整体情感倾向为正面。
5210203017974742,圈圈鱼栀,岩彩此生难忘……就是说风评最好、最上档次、最适合花亦山也最不容易有争议的明明就是非遗民俗，它现在真的是把自己搞得好low，本家内容没做好，又想到处蹭联动……,Sat Sep 13 00:59:18 +0800 2025,岩彩此生难忘 就是说风评最好 最上档次 最适合花亦山也最不容易有争议的明明就是非遗民俗 它现在真的是把自己搞得好low 本家内容没做好 又想到处蹭联动,岩彩 此生 难忘 风评 最好 上档次 适合 花亦山 容易 争议 明明 是非 民俗 现在 low 本家 内容 做好 到处 联动,-1,"评论使用""此生难忘""表达强烈不满，批评联动选择""好low""，指责本家内容没做好却""到处蹭联动""，整体带有明显的失望和贬低情绪。"
5210203017974742,也寻宵,对啊对啊，我一直期待他和传统文化联动，或者敦煌壁画[抓狂][抓狂],Sat Sep 13 02:31:18 +0800 2025,对啊对啊 我一直期待他和传统文化联动 或者敦煌壁画,期待 传统 文化 联动 敦煌 壁画,1,"评论中使用了""对啊对啊""表示强烈赞同，并明确表达""一直期待""与传统文化或敦煌壁画联动的愿望，体现了积极的支持态度和热切期盼，整体情感倾向为正面。"
5210203017974742,皎皎云间月逝,非遗就是叫好不叫座，要是能爆，五华米线早就现象级神游了,Mon Sep 15 01:43:56 +0800 2025,非遗就是叫好不叫座 要是能爆 五华米线早就现象级神游了,非遗 叫好 叫座 五华 米线 早就 现象 神游,-1,该评论以“叫好不叫座”直接点出非遗项目虽有口碑但缺乏市场成功的现状，并用“五华米线”作为假设案例，以“早就现象级神游了”的反讽语气表达对现状的不满和失望，整体情感倾向为负面。
5210203017974742,叶幕失忆,支持[淡淡的],Sat Sep 13 01:09:25 +0800 2025,支持,支持,1,评论仅包含“支持”一词，这是一个明确的积极表态，表达了对某人或某事的赞同与鼓励，情感倾向清晰且正面。
5210160930753589,寒江处千秋雪,是啊，非遗很适合狗花的,Fri Sep 12 23:58:14 +0800 2025,是啊 非遗很适合狗花的,非遗 适合 狗花,1,评论中使用了“很适合”这一积极表达，明确表示了对非遗与狗花结合的认可与支持，整体语气肯定且带有赞赏意味，情感倾向为正面。
5210160930753589,暮林忆,支持！,Sat Sep 13 01:32:29 +0800 2025,支持,支持,1,评论仅包含“支持”一词，这是一个明确的积极表态，表达了对某事物的认可和赞同态度，整体情感倾向为正面。
5204912004662476,子渝lzy,很有意思的,Fri Aug 29 22:20:29 +0800 2025,很有意思的,有意思,1,评论中使用了“很有意思”这一积极表达，直接传达了对内容的兴趣和肯定态度，整体情感倾向明确为正面。
5210160930753589,微红了脸,联动绒花出花神系列的新装我将为三个号买全套……,Fri Sep 12 22:48:10 +0800 2025,联动绒花出花神系列的新装我将为三个号买全套,联动 绒花 花神 系列 新装 三个 全套,1,评论中明确表达了购买意愿（“为三个号买全套”），并提及联动内容（“绒花出花神系列的新装”），显示出对联动产品的强烈兴趣和支持，整体情感积极且充满期待。
5204912004662476,麦田蓑笠翁,晚安安[月亮],Fri Aug 29 23:50:46 +0800 2025,晚安安,晚安,0,该评论仅为日常问候语“晚安安”，没有表达对特定事物的评价或情感态度，属于中性表达，无明显的正面或负面情感倾向。
5210160930753589,Xx小雨宝,点了[淡淡的],Fri Sep 12 23:26:24 +0800 2025,点了,,0,该评论仅包含“点了”这一简短表述，通常表示对某内容的认可或赞同，但缺乏具体情感词汇和上下文信息，无法明确判断其积极或消极倾向，因此归类为中性。
5209997533252688,愿前路一片光明,@花亦山心之月 听见同砚说话了没[跪了],Fri Sep 12 17:23:13 +0800 2025,听见同砚说话了没,听见 同砚 说话,0,该评论仅询问是否听见同砚说话，属于客观询问或陈述事实，未使用明显的情感词汇，也未表达个人喜好或批评，因此情感倾向为中性。
5204912004662476,塞外纪录,《牡丹亭》中牡丹花[嘻嘻][鼓掌],Fri Aug 29 19:08:03 +0800 2025,牡丹亭 中牡丹花,牡丹亭 牡丹花,0,该评论仅提及“牡丹亭”和“牡丹花”两个名词，未使用任何带有情感色彩的词汇或表达个人态度，仅作客观描述，因此情感倾向为中性。
5204912004662476,金华小陈说事,午安,Sat Aug 30 10:56:43 +0800 2025,午安,午安,0,该评论仅为日常问候用语“午安”，没有表达任何情感倾向或评价性内容，属于中性表达。
5204912004662476,沈翊·日常版,沉浸式体验让非遗文化更鲜活，值得推广。,Fri Aug 29 09:35:47 +0800 2025,沉浸式体验让非遗文化更鲜活 值得推广,沉浸 体验 文化 鲜活 值得 推广,1,该评论使用了“沉浸式体验”、“更鲜活”、“值得推广”等积极词汇，表达了对非遗文化展示方式的肯定和赞赏，并明确支持其推广，整体情感倾向为正面。
5204912004662476,湘潭刘艺波醒醒,转发微博,Fri Aug 29 23:43:31 +0800 2025,转发微博,转发 微博,0,该评论仅表示转发微博的行为，没有表达任何个人情感或态度，属于中性陈述，无明确情感倾向。
5204912004662476,羽衣之蓝,[哈哈]周末互动，下午快乐！[微风][鲜花][微风],Sun Aug 31 17:21:12 +0800 2025,周末互动 下午快乐,周末 互动 快乐,0,该评论仅表达对周末互动的问候和祝福，使用“下午快乐”等中性礼貌用语，没有明显的积极或消极情感色彩，属于日常社交性表达，情感倾向为中性。
5204912004662476,道听DaoTing,来看看[鲜花],Sat Aug 30 00:10:51 +0800 2025,来看看,看看,0,该评论仅表达了“来看看”的意图，没有使用任何情感倾向明显的词汇，也没有表达出对内容的喜爱、批评或期待，属于中性陈述。
5204912004662476,珍石部落,很不错,Sat Aug 30 10:10:19 +0800 2025,很不错,不错,1,评论中使用了“很不错”这一明确表示赞许的积极词汇，直接表达了对事物或内容的肯定与满意，没有包含任何负面或中性的修饰，因此整体情感倾向为正面。
5204912004662476,疯狂大象,传承非遗，人人有责[赞],Fri Aug 29 23:34:19 +0800 2025,传承非遗 人人有责,传承 非遗 人人有责,1,该评论使用“传承非遗 人人有责”这一具有号召性和责任感的表述，强调了对非物质文化遗产保护的积极态度和参与意识，体现了正面的社会价值观和倡导精神。
5204912004662476,金华小陈说事,七夕快乐,Fri Aug 29 23:18:18 +0800 2025,七夕快乐,七夕 快乐,1,"该评论直接表达了节日祝福，""七夕快乐""是积极正面的祝福语，传达了喜悦和美好的情感倾向，整体情感明显为正面。"
5204912004662476,聚一路散一路,[太开心]友友晚上好啊！七夕快乐！,Fri Aug 29 21:21:37 +0800 2025,友友晚上好啊 七夕快乐,友友 七夕 快乐,1,"该评论使用了""晚上好""、""七夕快乐""等礼貌和祝福性词汇，表达了对接收者的友好问候和节日祝福，整体情感倾向为正面。"
5204912004662476,皖美山河,转发微博,Fri Aug 29 21:23:47 +0800 2025,转发微博,转发 微博,0,该评论仅表示转发微博的行为，没有表达任何情感色彩或主观评价，属于中性陈述，无法判断正面或负面倾向。
5204912004662476,李星允,现场好热闹,Fri Aug 29 22:00:16 +0800 2025,现场好热闹,现场 热闹,1,该评论使用了“好热闹”这一积极词汇，直接表达了现场氛围热烈、令人愉悦的感受，传递出兴奋和满意的情绪，整体情感倾向为正面。
5204912004662476,云南旅游忆旧喜新,谢谢分享！[给力][给力][给力][good][good][good][鲜花][鲜花][鲜花],Fri Aug 29 19:13:55 +0800 2025,谢谢分享,谢谢 分享,1,该评论使用了“谢谢分享”这一礼貌用语，表达了对分享者的感谢和认可，体现了积极的互动态度，整体情感倾向为正面。
5204912004662476,空中先锋,感谢分享感谢分享,Fri Aug 29 19:38:21 +0800 2025,感谢分享感谢分享,感谢 分享 感谢 分享,1,"该评论通过重复""感谢分享""表达了对分享内容的感激之情，体现了积极的互动态度和认可，整体情感倾向为正面。"
5205047111846119,怜菇,好漂亮[开学季],Sat Aug 30 01:52:42 +0800 2025,好漂亮,漂亮,1,评论中使用了“好漂亮”这一积极词汇，直接表达了对事物的赞美和喜爱，情感倾向明确为正面。
5204912004662476,快乐的60后小胖子,来看了啊,Fri Aug 29 19:06:02 +0800 2025,来看了啊,来看,0,该评论仅表达了“来看了啊”这一事实陈述，没有使用任何情感色彩明显的词汇，也没有表达出明显的喜好或厌恶情绪，属于中性表达。
5205050982926584,手河,原来是蛆婆 看我乳他开心吗,Tue Sep 16 10:22:25 +0800 2025,原来是蛆婆 看我乳他开心吗,原来 蛆婆 开心,-1,"该评论使用了""蛆婆""这一侮辱性词汇，并带有""乳他""等攻击性表达，整体语气充满敌意和贬低，明显体现出对特定对象的强烈不满和负面情绪。"
5204910134265940,三井茶浓,年轻人最爱[good],Fri Aug 29 10:37:33 +0800 2025,年轻人最爱,年轻人,1,该评论使用了“最爱”这一积极词汇，表达了对年轻人的喜爱和认可，整体情感倾向为正面。
5204924062764376,三井茶浓,好有创意,Fri Aug 29 10:29:32 +0800 2025,好有创意,创意,1,该评论使用了“好有创意”这一明确的积极评价词汇，直接表达了对内容或作品的欣赏和肯定，体现了明显的赞赏态度，整体情感倾向为正面。
5204924062764376,夸夸妙妙屋,哇塞！这个游园会听起来好棒呀！你一定是在现场感受到了满满的非遗魅力和汤显祖文化的熏陶吧！🎉 这种沉浸式体验真的是太棒了，让人仿佛穿越时空，与历史对话！👍🏻 你真是个有眼光的人，能参加这样的活动，羡慕死我了！😉🌟,Fri Aug 29 10:21:17 +0800 2025,哇塞 这个游园会听起来好棒呀 你一定是在现场感受到了满满的非遗魅力和汤显祖文化的熏陶吧 这种沉浸式体验真的是太棒了 让人仿佛穿越时空 与历史对话 你真是个有眼光的人 能参加这样的活动 羡慕死我了,哇塞 游园会 起来 现场感 受到 满满的 非遗 魅力 汤显祖 文化 熏陶 沉浸 体验 太棒了 仿佛 穿越时空 历史 对话 真是 眼光 参加 活动 羡慕,1,评论中使用了“好棒”、“太棒了”、“有眼光”、“羡慕死了”等大量积极词汇和感叹语气，表达了对游园会活动的高度赞赏和对参与者的羡慕之情，整体情感非常积极正面。
5204910134265940,小八的摄影,感觉你也很适合cos一下[不愧是你],Fri Aug 29 10:42:40 +0800 2025,感觉你也很适合cos一下,适合 cos,1,评论中使用了“很适合”这一积极评价词汇，表达了对对方cosplay潜力的认可和鼓励，带有善意和欣赏的意味，整体情感倾向为正面。
5204910134265940,十星岁,现场氛围看着好好，[憧憬],Fri Aug 29 09:49:12 +0800 2025,现场氛围看着好好,现场 氛围 看着 好好,1,评论中使用了“好好”这一积极词汇，表达了对现场氛围的赞赏和喜爱，整体情感倾向明显为正面。
5204910134265940,遂昌县融媒体中心,传统文化需要这样有趣的创新表达,Fri Aug 29 09:29:57 +0800 2025,传统文化需要这样有趣的创新表达,传统 文化 需要 有趣 创新 表达,1,评论中使用了“需要”、“有趣”、“创新表达”等积极词汇，表达了对传统文化创新形式的肯定与支持，整体情感倾向为正面。
5201497316658458,让我独享鞠婧祎,爆点线上能做的行不行，你是手游还是旅游企划，哦旅游企划也不够格人家好歹不会溜人,Tue Aug 19 23:26:10 +0800 2025,爆点线上能做的行不行 你是手游还是旅游企划 哦旅游企划也不够格人家好歹不会溜人,爆点线 行不行 手游 旅游 企划 旅游 企划 不够格 好歹 不会,-1,评论通过反问和讽刺表达强烈不满，批评游戏运营方线上活动执行不力，质疑其专业性，并用“溜人”指责其失信行为，整体情绪明显负面。
5201497316658458,硬撑罢啦,针对最近的游戏bug发wb道个歉行不，要你一个态度这么难吗[吃惊],Tue Aug 19 23:28:19 +0800 2025,针对最近的游戏bug发wb道个歉行不 要你一个态度这么难吗,针对 最近 游戏 bug wb 道个 歉行 态度,-1,该评论使用了“道个歉行不”、“要你一个态度这么难吗”等带有质问和不满情绪的措辞，表达了对游戏bug处理不及时、官方态度消极的批评和失望，整体情感倾向为负面。
5201497316658458,生命如尘埃粉末,联动周边除了汤显祖照影立绘之外都很难看，我真懒得喷了不通贩反正也买不到㊗️和hn99吧,Tue Aug 19 23:33:28 +0800 2025,联动周边除了汤显祖照影立绘之外都很难看 我真懒得喷了不通贩反正也买不到 和hn99吧,联动 周边 汤显祖 照影立 之外 难看 懒得 不通 反正 买不到 hn99,-1,评论中使用了“很难看”、“懒得喷了”等负面表达，明确表达了对联动周边设计的不满和失望，整体情感倾向为负面。
5201497316658458,云梦无喧嚣,能不能就这段时间以来发生的包括但不限于运营失误、游戏活动结算在内的所有问题发个道歉声明？@忘川风华录手游 @忘川_廿陆,Tue Aug 19 23:34:18 +0800 2025,能不能就这段时间以来发生的包括但不限于运营失误 游戏活动结算在内的所有问题发个道歉声明,段时间 以来 发生 包括 限于 运营 失误 游戏 活动 结算 在内 所有 问题 发个 道歉 声明,-1,该评论直接要求官方就“运营失误”、“游戏活动结算”等问题发布道歉声明，语气中透露出对近期问题积累的不满和问责情绪，隐含批评与失望，整体情感倾向为负面。
5201497316658458,初听风雨-,又限定又限定你游什么时候限定死,Tue Aug 19 23:30:00 +0800 2025,又限定又限定你游什么时候限定死,限定 限定 你游 限定,-1,评论中使用了“限定死”等带有诅咒和强烈不满的词汇，表达了玩家对游戏频繁推出限定内容的不满和愤怒情绪，整体情感倾向明显为负面。
5201497316658458,春山放月,你游柄这么美能不能请个好一点的美工做设计图，某些名士的谷做得连盗印都不如[疑问],Tue Aug 19 23:29:01 +0800 2025,你游柄这么美能不能请个好一点的美工做设计图 某些名士的谷做得连盗印都不如,美能 请个 美工 设计图 名士 盗印,-1,"评论通过对比批评游戏周边设计质量，使用""连盗印都不如""的强烈贬义表达，并带有讽刺性建议（""请个好一点的美工""），整体流露出对官方设计水平的不满和失望情绪。"
5201497316658458,不如品茗赏杏花,你游目前没有任何谷子的美工好看你知道吗，土得要死，你要不去找pdd商家要美工吧人家做的都比你好看,Tue Aug 19 23:47:29 +0800 2025,你游目前没有任何谷子的美工好看你知道吗 土得要死 你要不去找pdd商家要美工吧人家做的都比你好看,你游 目前 没有 谷子 美工 好看 知道 土得 要死 pdd 商家 美工 好看,-1,"评论中使用了""土得要死""等贬义词汇，并建议游戏方找拼多多商家要美工，带有明显的讽刺和不满情绪，表达了对游戏美工质量的强烈批评。"
5201497316658458,一串糖葫芦不要山楂,我真不明白你们是听不懂玩家在说什么还是懒得听，多少次线下限定了每次都在喊通贩但下次还是限定，你游除了黄牛哪有那么多有时间可以去线下的玩家，失误是不会道歉的，烂事是一件接着一件的，你这样让玩家怎么接着坚持玩游戏，还是说其实你们根本就不在乎有没有人玩游戏？,Tue Aug 19 23:43:14 +0800 2025,我真不明白你们是听不懂玩家在说什么还是懒得听 多少次线下限定了每次都在喊通贩但下次还是限定 你游除了黄牛哪有那么多有时间可以去线下的玩家 失误是不会道歉的 烂事是一件接着一件的 你这样让玩家怎么接着坚持玩游戏 还是说其实你们根本就不在乎有没有人玩游戏,明白 听不懂 玩家 懒得 线下 限定 每次 通贩 下次 限定 你游 黄牛 哪有 多有 时间 线下 玩家 失误 不会 道歉 烂事 一件 一件 让玩家 坚持 玩游戏 不在乎 有没有 玩游戏,-1,该评论使用了“懒得听”、“失误是不会道歉的”、“烂事”等强烈负面词汇，并连续质问官方对玩家诉求的漠视和运营失误，表达出强烈的失望、愤怒和不满情绪，整体情感倾向为负面。
5201497316658458,晴丝吹来闲庭院___,你和你的黄牛过一辈子吧,Wed Aug 20 09:07:11 +0800 2025,你和你的黄牛过一辈子吧,黄牛 一辈子,-1,该评论使用了“黄牛”这一贬义词汇，并带有讽刺和攻击性语气，表达了对对方行为的不满和愤怒，整体情感倾向明显为负面。
5201497316658458,也青之女,可以把色纸那个换了不，jrs画的是谁啊，一点不像汤薏仁,Wed Aug 20 00:05:31 +0800 2025,可以把色纸那个换了不 jrs画的是谁啊 一点不像汤薏仁,色纸 jrs 不像 薏仁,-1,评论中“一点不像汤薏仁”直接表达了不满和批评，认为色纸上的画像与原角色不符，带有明显的负面情绪和失望感。
5201497316658458,涉江不是蛇酱,第一次见到把人丑到笑出来的谷子我真的笑得停不下来啊有无人懂[允悲][来][来],Wed Aug 20 00:00:14 +0800 2025,第一次见到把人丑到笑出来的谷子我真的笑得停不下来啊有无人懂,第一次 见到 出来 谷子 停不下来 无人,-1,评论中“丑到笑出来”和“笑得停不下来”表面看似幽默，实则通过夸张的讽刺表达对“谷子”外观的强烈不满，核心情感是负面评价。
5201497316658458,夜飞白狐,限定限定又限定，你真是瘋了，不通販的還是不通販，這個照影還要抽，26你副業不會是hn吧，有錢不賺給hn賺，你還知道能靠湯賺錢啊，那你照影、美工不用點心？,Wed Aug 20 00:44:57 +0800 2025,限定限定又限定 你真是瘋了 不通販的還是不通販 這個照影還要抽 26你副業不會是hn吧 有錢不賺給hn賺 你還知道能靠湯賺錢啊 那你照影 美工不用點心,限定 限定 限定 真是 不通 販的 還是 不通 這個 照影 還要 26 副業 不會 hn 賺給 hn 你還 知道 能靠湯 照影 美工 不用 點心,-1,评论中使用了“你真是疯了”、“有錢不賺給hn賺”等带有强烈指责和讽刺意味的词汇，表达了对限定策略、不通贩以及需要抽取照影等商业行为的不满和愤怒，整体情感倾向为负面。
5201497316658458,挚友为何无端冷暴力原来是死了,线上照影什么时候卖能不能别藏了就靠这口气还吊着玩你游[泪奔],Tue Aug 19 23:25:16 +0800 2025,线上照影什么时候卖能不能别藏了就靠这口气还吊着玩你游,线上 照影 卖能 别藏 口气,-1,评论中“能不能别藏了”表达了对官方拖延行为的不满，“就靠这口气还吊着玩你游”带有明显的讽刺和抱怨情绪，暗示玩家耐心即将耗尽，整体情感倾向为负面。
5201497316658458,_游星梦落花_,能不能对因为你的沉默而被网暴的同人作者们全平台公开道歉[微笑][微笑][微笑],Wed Aug 20 01:01:40 +0800 2025,能不能对因为你的沉默而被网暴的同人作者们全平台公开道歉,沉默 网暴 同人 作者 平台 公开 道歉,-1,评论使用了“网暴”、“公开道歉”等带有强烈指责意味的词汇，直接要求对方为同人作者遭受的伤害负责，语气严厉且充满不满，整体情感倾向明显为负面。
5201497316658458,巍峨西山古,jrs画的真的很丑很丑,Tue Aug 19 23:38:16 +0800 2025,jrs画的真的很丑很丑,jrs 很丑 很丑,-1,该评论使用了“很丑很丑”这样强烈的贬义词汇，直接表达了作者对作品外观的极度不满和批评，情感倾向明显为负面。
5201497316658458,小草五花又,那四周年快闪呢。。[泪奔],Tue Aug 19 23:32:40 +0800 2025,那四周年快闪呢,四周,0,该评论仅提及“四周年快闪”这一事件，未使用任何带有明显情感色彩的词汇，也没有表达出明确的喜好或批评态度，只是单纯询问或提及相关信息，因此情感倾向为中性。
5201675738156156,日照网,关注,Wed Aug 20 15:38:51 +0800 2025,关注,关注,0,该评论仅包含“关注”一词，未表达明确的情感倾向或评价，属于中性陈述，没有积极或消极的情感色彩。
5201675738156156,了了好难,传承非遗,Wed Aug 20 11:28:18 +0800 2025,传承非遗,传承 非遗,1,该评论直接表达了对非遗传承的肯定和支持，使用“传承”这一积极词汇体现了对文化保护的重视和赞赏，整体情感倾向明确为正面。
5201497316658458,悠悠悠深,愁哭我了这个大长脸，汤显祖好像不长这样吧？,Tue Aug 19 23:42:40 +0800 2025,愁哭我了这个大长脸 汤显祖好像不长这样吧,长脸 汤显祖 好像,-1,评论中“愁哭我了”表达了强烈的负面情绪，“大长脸”带有贬义和调侃意味，质疑汤显祖形象不符合预期，整体透露出失望和不满。
5201675738156156,四川省总工会,关注@抚州发布,Wed Aug 20 16:42:14 +0800 2025,关注,关注,0,该评论仅包含“关注”这一行为描述，未表达明确的情感倾向或评价性内容，属于中性陈述，既无积极也无消极情感色彩。
5201497316658458,不如品茗赏杏花,你想炒谷直接说呗别老整线下限定这套，你们想炒到什么地步以后直接标黄牛价得了，去不了线下的就活该买高价呗,Tue Aug 19 23:53:07 +0800 2025,你想炒谷直接说呗别老整线下限定这套 你们想炒到什么地步以后直接标黄牛价得了 去不了线下的就活该买高价呗,炒谷 直接 整线 限定 这套 地步 以后 直接 黄牛 价得 不了 线下 活该 高价,-1,评论中使用了“炒谷”、“黄牛价”、“活该”等带有强烈指责和不满情绪的词汇，直接批评商家通过线下限定方式抬高价格的行为，表达了对这种营销策略的愤怒和讽刺，整体情感倾向明显为负面。
5201497316658458,让十七上An,尽人事画的图现在闲鱼上打八折出都没人要，我现在买谷的钱日后能不能作为她的oc小游戏原始股份啊？,Wed Aug 20 17:19:47 +0800 2025,尽人事画的图现在闲鱼上打八折出都没人要 我现在买谷的钱日后能不能作为她的oc小游戏原始股份啊,尽人事 现在 闲鱼 八折 没人要 现在 买谷 日后 oc 小游戏 原始 股份,-1,评论中“打八折出都没人要”表达了失望和无奈，而“日后能不能作为原始股份”带有讽刺和自嘲的意味，整体透露出对购买物品价值贬损的负面情绪。
5201675738156156,傅傅栎栎璇璇,转发微博,Wed Aug 20 11:51:26 +0800 2025,转发微博,转发 微博,0,该评论仅表示“转发微博”这一行为，没有表达任何情感倾向或主观评价，属于中性陈述。
5199272018708212,往事随风飘去_,在哪里?我要去打卡,Wed Aug 13 21:58:45 +0800 2025,在哪里 我要去打卡,我要 打卡,1,"该评论表达了强烈的参与意愿和兴趣，""我要去打卡""体现了积极行动的态度，整体情感倾向为正面。"
5201675738156156,西南铁路,关注,Wed Aug 20 16:45:43 +0800 2025,关注,关注,0,该评论仅包含“关注”一词，属于简单的行为表达，没有明显的积极或消极情感色彩，也未体现具体态度或评价，因此判断为中性情感。
5199272018708212,笑蹦起来,眼熟,Wed Aug 13 20:01:53 +0800 2025,眼熟,眼熟,0,该评论仅包含“眼熟”一词，表达了对内容的熟悉感或似曾相识的印象，没有明显的积极或消极情感色彩，属于中性表达。
5199272018708212,苏打水的奶茶人生,好看[赢牛奶],Wed Aug 13 20:15:43 +0800 2025,好看,好看,1,该评论使用了“好看”这一明确表达欣赏和喜爱的积极词汇，直接传达了对内容或事物的肯定与满意，整体情感倾向清晰为正面。
5199272018708212,夏翡,📍浙江省杭州市拱宸桥桥西历史文化街区,Fri Aug 15 00:50:37 +0800 2025,浙江省杭州市拱宸桥桥西历史文化街区,浙江省 杭州市 拱宸 桥西 历史 文化 街区,0,该评论仅陈述了一个具体地点“浙江省杭州市拱宸桥桥西历史文化街区”，未包含任何表达个人情感或评价的词汇，属于客观事实描述，因此情感倾向为中性。
5199272018708212,一泓溪语君,中国伞博物馆独特的风格！,Fri Aug 15 08:30:55 +0800 2025,中国伞博物馆独特的风格,中国 博物馆 独特 风格,1,评论中使用了“独特”这一积极词汇，表达了对中国伞博物馆风格的肯定和欣赏，整体情感倾向为正面。
5199272018708212,芯妈妈美食,在哪,Fri Aug 15 00:07:43 +0800 2025,在哪,,0,"该评论仅包含询问地点的简单疑问词""在哪""，没有表达任何积极或消极的情绪，也没有涉及对事物的评价或态度，属于纯粹的信息询问，因此情感倾向为中性。"
5199272018708212,Anan_5959,运河边上很多博物馆，这个我以前好像去过,Thu Aug 14 02:20:50 +0800 2025,运河边上很多博物馆 这个我以前好像去过,运河 边上 很多 博物馆 以前 好像 去过,0,该评论仅陈述了运河边有很多博物馆的事实，并提及自己可能去过，属于客观描述个人经历，没有表达明显的情感倾向，因此判断为中性。
5199272018708212,fefe喆妈,喜欢伞吗？[流汗]谐音不太好,Fri Aug 15 05:37:54 +0800 2025,喜欢伞吗 谐音不太好,喜欢 谐音 不太好,0,该评论前半句“喜欢伞吗”是中性询问，后半句“谐音不太好”略带负面评价但语气平缓，整体未表达强烈情感倾向，属于客观陈述。
5199272018708212,胡恩泰_7,很特别啊,Fri Aug 15 21:47:35 +0800 2025,很特别啊,特别,1,评论中使用了“很特别”这一积极词汇，表达了对事物的独特性和新颖性的赞赏，整体情感倾向为正面。
5199272018708212,蓝若相夕,伞乡,Fri Aug 15 18:10:05 +0800 2025,伞乡,伞乡,0,该评论仅提及“伞乡”这一地点或名称，未表达任何情感倾向或主观评价，属于中性陈述。
5199272018708212,米兰de微博,国风破次元，非遗焕新生,Fri Aug 15 13:30:28 +0800 2025,国风破次元 非遗焕新生,国风 破次 遗焕 新生,1,该评论使用了“破次元”、“焕新生”等积极词汇，表达了对国风与非文化元素结合的创新与活力的赞赏，整体情感倾向为正面。
5199272018708212,魏无心的昕生活,这里还有这样一座博物馆呀,Fri Aug 15 20:49:15 +0800 2025,这里还有这样一座博物馆呀,一座 博物馆,0,该评论仅表达了对博物馆存在的发现或确认，使用了中性陈述语气，没有明显的积极或消极情感词汇，属于客观观察性表述。
5199272018708212,凌子看世界,各种伞都有吧,Fri Aug 15 13:22:55 +0800 2025,各种伞都有吧,,0,该评论仅陈述“各种伞都有”这一事实，未使用明显的情感词汇或表达个人态度，缺乏积极或消极的情感倾向，属于中性描述。
5199272018708212,娱事小神仙,哇真不错啊，这里,Fri Aug 15 11:12:12 +0800 2025,哇真不错啊 这里,真不错,1,"评论中使用了""哇真不错啊""等积极感叹词，表达了明显的赞赏和喜悦情绪，整体情感倾向为正面。"
5199272018708212,新疆马南,拍的真好呀,Fri Aug 15 01:08:50 +0800 2025,拍的真好呀,,1,"该评论使用了""真好""这一积极词汇，直接表达了对拍摄内容的赞赏和喜爱，整体情感倾向明显为正面。"
5199272018708212,程诗然,又到周五了～ 周末去哪里玩[桃里桃气][桃里桃气][桃里桃气],Fri Aug 15 12:34:14 +0800 2025,又到周五了 周末去哪里玩,周五 周末,0,该评论仅陈述了时间节点（周五）并询问周末计划，没有表达明显的情感倾向或使用带有情感色彩的词汇，属于日常交流性质的中性表达。
5199272018708212,小城测评,喜欢收藏那种缩小的油纸伞,Fri Aug 15 11:27:56 +0800 2025,喜欢收藏那种缩小的油纸伞,喜欢 收藏 那种 缩小 油纸伞,1,评论中使用了“喜欢”这一明确表达个人偏好的积极词汇，表明用户对“缩小的油纸伞”这一物品持有欣赏和收藏的兴趣，整体情感倾向为正面。
5199272018708212,Fit_小小雪仙子,奔赴烟雨之旅,Fri Aug 15 12:08:32 +0800 2025,奔赴烟雨之旅,奔赴 烟雨 之旅,0,该评论“奔赴烟雨之旅”仅描述了一个行动或场景，未使用明显的情感词汇，也没有表达出喜爱、批评或期待等具体态度，整体情感倾向较为模糊，属于中性表达。
5197080989534029,夕阳醉了198212,一纸风华传古今 “年画+”绘就新画卷,Thu Aug 07 20:44:54 +0800 2025,一纸风华传古今 年画 绘就新画卷,一纸 风华 古今 年画 画卷,1,评论中使用了“传古今”、“绘就新画卷”等积极词汇，表达了对年画文化传承与创新的赞美，整体情感倾向为正面。
5199272018708212,路途行之路,跟游中国伞博物馆,Fri Aug 15 10:17:09 +0800 2025,跟游中国伞博物馆,跟游 中国 博物馆,0,该评论仅陈述了“跟游中国伞博物馆”这一行为，没有使用任何情感色彩强烈的词汇，也没有表达个人喜好或评价。这种纯粹的事实陈述通常被视为中性表达，不带有明显的情感倾向。
5199272018708212,鹿大仁DarenLu,太漂亮了吧,Fri Aug 15 10:48:40 +0800 2025,太漂亮了吧,太漂亮,1,该评论使用了“太漂亮了吧”这一感叹句式，其中“太漂亮”是强烈的积极形容词，表达了对事物的高度赞美和喜爱之情，整体情感倾向明显为正面。
5196722607232086,甜兔教主,这个游戏怎么样啊,Wed Aug 06 23:50:16 +0800 2025,这个游戏怎么样啊,游戏,0,该评论是一个询问性质的句子，没有表达任何个人情感或评价，只是单纯询问游戏情况，因此属于中性评论。
5196722607232086,今天不想当香什么香,三周年快乐啊，真是不错,Wed Aug 06 23:42:28 +0800 2025,三周年快乐啊 真是不错,三周年 快乐 真是 不错,1,评论中使用了“快乐”、“不错”等积极词汇，表达了对三周年的祝贺和肯定，整体情感倾向为正面。
5196722607232086,薄蓝雨季,期待三周年池子,Wed Aug 06 23:44:03 +0800 2025,期待三周年池子,期待 三周年 池子,1,评论中使用了“期待”这一积极词汇，表达了对游戏三周年活动的盼望和正面态度，整体情感倾向为正面。
5196722607232086,反正我是宝宝奴,新卡真的不错呀,Wed Aug 06 23:47:36 +0800 2025,新卡真的不错呀,新卡 不错呀,1,评论中使用了“真的不错呀”这样的积极表达，直接表达了对新卡的认可和喜爱，整体情感倾向明显为正面。
5196722607232086,-五悠厨-,原来已经三周年了啊,Wed Aug 06 23:45:49 +0800 2025,原来已经三周年了啊,原来 三周年,0,"该评论仅陈述了""原来已经三周年了啊""这一事实性信息，没有使用明显的积极或消极词汇，也没有表达个人情感倾向，属于客观陈述的中性评论。"
5196722607232086,丁敛Tieny,三周年了啊，感觉不错啊。,Wed Aug 06 23:41:12 +0800 2025,三周年了啊 感觉不错啊,三周年 不错,1,评论中“感觉不错啊”直接表达了积极的评价态度，结合“三周年了啊”的感慨，整体传递出对周年纪念的认可与满意，情感倾向明确为正面。
5196722607232086,那一天我会去见你,有点期待这次活动了,Wed Aug 06 23:34:47 +0800 2025,有点期待这次活动了,期待 这次 活动,1,"评论中使用了""期待""这一积极词汇，表达了对即将到来的活动抱有希望和兴趣，整体情感倾向为正面。"
5196722607232086,番茄炸薯条-,这游戏好玩吗,Wed Aug 06 23:34:13 +0800 2025,这游戏好玩吗,游戏 好玩,0,该评论仅询问游戏是否好玩，没有表达个人喜好或评价，属于客观询问性质，没有明显的情感倾向。
5196722607232086,星星别眨眼睛啦,这个游戏很好玩呀,Wed Aug 06 23:31:51 +0800 2025,这个游戏很好玩呀,游戏 好玩,1,评论中使用了“很好玩”这一明确积极的评价词汇，直接表达了对游戏的喜爱和肯定，整体情感倾向明显为正面。
5196722607232086,月折枝Seraph,没有玩过这个游戏[羞嗒嗒],Wed Aug 06 23:37:28 +0800 2025,没有玩过这个游戏,没有 玩过 游戏,0,该评论仅陈述了“没有玩过这个游戏”这一事实，没有表达任何对该游戏的喜好、期待或批评等情感色彩，属于客观陈述，因此情感倾向为中性。
5196722607232086,希伊耶呀,期待光与夜之恋,Wed Aug 06 23:32:47 +0800 2025,期待光与夜之恋,期待 之恋,1,评论中使用了“期待”这一积极词汇，明确表达了对《光与夜之恋》的盼望和正面态度，整体情感倾向为正面。
5196722607232086,覅覅嫑嫑,期待光与夜之恋,Wed Aug 06 23:46:18 +0800 2025,期待光与夜之恋,期待 之恋,1,评论中使用了“期待”这一积极词汇，表达了对《光与夜之恋》的盼望和正面态度，整体情感倾向为正面。
5196722607232086,沈鱼七-sanmu,三周年快乐呀！,Wed Aug 06 23:42:46 +0800 2025,三周年快乐呀,三周年 快乐,1,该评论使用了“快乐呀”等积极词汇，表达了对三周年的祝福和喜悦之情，整体情感倾向明显为正面。
5196722607232086,齐司小狐狸,非遗与婚卡结合，倒是别具匠心。期待美术与玩法的平衡之作。,Wed Aug 06 19:36:05 +0800 2025,非遗与婚卡结合 倒是别具匠心 期待美术与玩法的平衡之作,非遗 婚卡 结合 别具匠心 期待 美术 玩法 平衡 之作,1,评论中“别具匠心”表达了对非遗与婚卡结合的创意赞赏，“期待”一词体现了对后续内容的积极展望，整体情感倾向为正面。
5195196797028229,时光已散了,来啦，下午好[送花花],Sat Aug 02 16:28:40 +0800 2025,来啦 下午好,,0,该评论仅包含日常问候语“来啦 下午好”，属于礼貌性社交表达，没有涉及具体评价或情感倾向，因此情感倾向为中性。
5195196797028229,楚人头帝,他们跨界联动也太有意思了,Sat Aug 02 14:56:15 +0800 2025,他们跨界联动也太有意思了,跨界 联动 有意思,1,"评论中使用了""太有意思了""这一积极表达，直接传递出对跨界联动活动的赞赏和喜爱，整体情感倾向明显为正面。"
5195196797028229,奔跑的-KX,有创意，有意思[打call],Sat Aug 02 15:11:51 +0800 2025,有创意 有意思,创意 有意思,1,评论中使用了“有创意”、“有意思”等积极词汇，直接表达了对内容的认可和喜爱，整体情感倾向明确为正面。
5195196797028229,康泰里的幸福呀,太有创意了,Sat Aug 02 15:11:58 +0800 2025,太有创意了,太有 创意,1,该评论使用了“太有创意了”这一明确表达赞赏的积极词汇，直接表达了对内容或作品的肯定和喜爱，整体情感倾向明显为正面。
5195196797028229,是喜欢夏天的夏天呀,很有创意啊，可不能让我儿子看见[笑cry],Sat Aug 02 15:00:44 +0800 2025,很有创意啊 可不能让我儿子看见,创意 儿子 看见,1,评论中“很有创意啊”直接表达了赞赏和肯定，体现了积极的评价态度。后半句“可不能让我儿子看见”虽带有调侃意味，但整体仍以认可为主，情感倾向为正面。
5195196797028229,娱乐浅水猿,还挺好看的,Sat Aug 02 14:47:14 +0800 2025,还挺好看的,好看,1,评论中使用了“还挺好看”这一表达，其中“好看”是明显的积极评价词汇，带有欣赏和肯定的意味。整体语气轻松，表达了用户对内容的基本认可和喜爱，因此情感倾向为正面。
5195196797028229,菜椒啊88,哈哈，黄金cos起来了,Sat Aug 02 14:41:15 +0800 2025,哈哈 黄金cos起来了,黄金 cos 起来,1,评论中使用了“哈哈”表达愉悦情绪，“黄金cos起来了”带有赞赏和趣味性，整体语气轻松积极，体现了对cosplay内容的喜爱和认可。
5195196797028229,米之盲盒,这个点子真不错呢,Sat Aug 02 14:36:53 +0800 2025,这个点子真不错呢,点子 真不错,1,该评论使用了“真不错”这一积极评价词汇，表达了对点子的认可和赞赏，整体情感倾向为正面。
5195196797028229,Eva金灿灿,值得收藏啊,Sat Aug 02 14:38:46 +0800 2025,值得收藏啊,值得 收藏,1,该评论使用了“值得收藏”这一积极表达，直接表达了对内容价值的认可和喜爱，体现出明显的赞赏态度，整体情感倾向为正面。
5195196797028229,财夏夏呀,哎呦，不错，我去看看,Sat Aug 02 14:43:01 +0800 2025,哎呦 不错 我去看看,不错 看看,1,该评论使用了“哎呦 不错”这一口语化的积极表达，表示对内容的认可和兴趣，随后“我去看看”表明有进一步了解的意愿，整体传递出积极、好奇的情感倾向。
5195196797028229,俞夏夏x,传统与潮流碰撞又一波联动,Sat Aug 02 14:38:19 +0800 2025,传统与潮流碰撞又一波联动,传统 潮流 碰撞 一波 联动,1,该评论使用了“传统与潮流碰撞”这一积极表述，暗示联动内容具有创新性和吸引力，整体语气带有期待和赞赏的意味，情感倾向为正面。
5195196797028229,酷酷的视野,又是一波联动。,Sat Aug 02 14:36:37 +0800 2025,又是一波联动,一波 联动,0,该评论仅陈述了“又是一波联动”这一事实，没有使用明显的情感词汇，也没有表达出对联动内容的喜爱、期待或批评，属于客观陈述，情感倾向为中性。
5195196797028229,金鸣记,来了来了来了[打call][打call][打call],Sun Aug 03 01:56:00 +0800 2025,来了来了来了,,0,该评论仅重复“来了来了来了”表达对事件发生的关注或期待，没有使用明显的情感词汇，也未表达明确的态度倾向，属于中性表达。
5195196797028229,评论罗伯特,这次联动确实让人眼前一亮！老凤祥用传统工艺诠释现代IP，不仅激活了品牌活力，也让更多年轻人领略到非遗文化的魅力。这种跨次元的创意合作，无疑是传统文化传承与创新的典范。,Sat Aug 02 14:12:41 +0800 2025,这次联动确实让人眼前一亮 老凤祥用传统工艺诠释现代IP 不仅激活了品牌活力 也让更多年轻人领略到非遗文化的魅力 这种跨次元的创意合作 无疑是传统文化传承与创新的典范,这次 联动 确实 眼前一亮 老凤祥 传统工艺 诠释 现代 IP 激活 品牌 活力 年轻人 领略到 非遗 文化 魅力 跨次 创意 合作 无疑 传统 文化 传承 创新 典范,1,该评论使用了“眼前一亮”、“激活了品牌活力”、“领略到非遗文化的魅力”、“典范”等积极词汇，高度评价了联动在传统文化传承与创新方面的价值，整体情感倾向为正面。
5195196797028229,米有7斗,要是谁能送我一个黄金圣斗士就好了,Sat Aug 02 14:46:50 +0800 2025,要是谁能送我一个黄金圣斗士就好了,黄金 圣斗士,1,该评论表达了希望获得“黄金圣斗士”的愿望，使用了“就好了”这样带有期待和向往的词语，整体语气积极，体现了对目标事物的喜爱和渴望，情感倾向为正面。
5195196797028229,拣麦穗xz,我也想要黄金,Sat Aug 02 21:45:08 +0800 2025,我也想要黄金,想要 黄金,0,该评论仅表达了个人愿望“想要黄金”，没有使用明显的情感词汇，也未涉及对他人或事物的评价，属于陈述个人想法的中性表达。
5195196797028229,CC是小嘀呱,这个联动好好看,Sat Aug 02 20:50:55 +0800 2025,这个联动好好看,联动 好好看,1,评论中使用了“好好看”这一积极词汇，直接表达了对联动内容的喜爱和赞赏，整体情感倾向明显为正面。
5195196797028229,心爱的滋味,不错，这种联动,Sat Aug 02 20:33:55 +0800 2025,不错 这种联动,不错 联动,1,评论中使用了“不错”这一明确表示认可的积极词汇，表达了对联动内容的肯定和满意态度，整体情感倾向为正面。
5195196797028229,月海巡游兔兔,这个联动挺不错,Sat Aug 02 19:51:17 +0800 2025,这个联动挺不错,联动 挺不错,1,评论中使用了“挺不错”这一积极评价词汇，直接表达了对联动内容的认可和满意，整体情感倾向明确为正面。
5195189800928401,Seeuul,2,Sat Aug 02 13:40:39 +0800 2025,2,,0,该评论仅包含数字“2”，没有明确的语义内容和情感表达，无法判断其情感倾向，因此归类为中性。
5195189800928401,萧逸Osborn1,古风婚恋，创意满满，期待更多惊喜，加油！,Sat Aug 02 14:04:52 +0800 2025,古风婚恋 创意满满 期待更多惊喜 加油,古风 婚恋 创意 满满 期待 惊喜 加油,1,评论中使用了“创意满满”、“期待更多惊喜”、“加油”等积极词汇，表达了对古风婚恋主题的认可和对未来内容的乐观期待，整体情感倾向明显为正面。
5195189800928401,Seeuul,3,Sat Aug 02 13:40:41 +0800 2025,3,,0,该评论仅包含数字“3”，没有明确的语义表达或情感词汇，无法判断其情感倾向。在缺乏上下文的情况下，这种简短内容通常被视为中性或无实际情感指向。
5195189800928401,Seeuul,1,Sat Aug 02 13:40:37 +0800 2025,1,,0,该评论仅包含数字“1”，没有表达任何具体观点或情感色彩，无法判断其情感倾向，因此归类为中性。
5189837197939717,是莫忘呀,哇[给你小心心][给你小心心][给你小心心],Tue Jul 22 01:33:30 +0800 2025,哇,,1,"该评论使用感叹词""哇""，通常表达惊喜、赞叹或兴奋的情绪，属于积极的情感表达，整体情感倾向为正面。"
5189837197939717,菠萝派拿破,这是什么外观呀[污],Tue Jul 22 09:31:42 +0800 2025,这是什么外观呀,这是 外观,0,该评论仅询问外观的具体信息，没有使用任何带有情感色彩的词汇，也没有表达出明显的喜好或厌恶，属于客观询问性质，因此情感倾向为中性。
5189837197939717,正版煜倾天下,姐妹你要说这个我就不困了,Sat Jul 19 21:43:05 +0800 2025,姐妹你要说这个我就不困了,姐妹 要说 不困,1,评论中“不困了”是网络用语，表示对话题产生强烈兴趣和兴奋感，带有积极、期待的情绪。整体表达了对提及内容的喜爱和参与热情，情感倾向为正面。
5189837197939717,最近五行缺钱,哇塞，好专业,Mon Jul 21 21:56:50 +0800 2025,哇塞 好专业,哇塞 专业,1,"评论中使用了""哇塞""和""好专业""等积极词汇，表达了对内容或人物的专业性的赞赏和惊喜，整体情感倾向明显为正面。"
5186832951676984,猫绒鑫耳_,5,Thu Jul 10 12:14:41 +0800 2025,5,,0,该评论仅包含数字“5”，没有明确的语义表达或情感词汇，无法判断其情感倾向，因此属于中性评论。
5186832951676984,猫绒鑫耳_,4,Thu Jul 10 12:14:36 +0800 2025,4,,0,该评论仅包含数字“4”，没有明确的积极或消极词汇，无法推断具体情感倾向，属于中性表达。
5189837197939717,妙手照无心,这衣服前面这个浮动的巨大一片真是看笑了。。什么鬼,Thu Jul 24 13:59:56 +0800 2025,这衣服前面这个浮动的巨大一片真是看笑了 什么鬼,衣服 前面 浮动 巨大 一片 真是 看笑,-1,评论中使用了“看笑了”、“什么鬼”等带有讽刺和不满情绪的词语，表达了对衣服设计的批评和困惑，整体情感倾向为负面。
5189837197939717,无言煮酒,老师，老师。请问这个码怎么用？,Fri Jul 25 13:05:21 +0800 2025,老师 老师 请问这个码怎么用,老师 老师 请问,0,该评论是用户向老师询问如何使用某个代码，属于纯粹的咨询或求助，没有表达任何积极或消极的情感色彩，因此情感倾向为中性。
5186832951676984,猫绒鑫耳_,3,Thu Jul 10 12:14:34 +0800 2025,3,,0,"该评论仅包含数字""3""，没有明确的语义内容和情感词汇，无法判断具体情感倾向，属于中性或无情感表达。"
5189837197939717,云蔚冉,码上,Sun Jul 20 16:44:03 +0800 2025,码上,码上,0,该评论仅包含“码上”这一简短表述，通常表示“马上”或“立刻”的意思，但缺乏具体语境和情感色彩，没有表达明显的积极或消极情绪，因此整体情感倾向为中性。
5186832951676984,猫绒鑫耳_,2,Thu Jul 10 12:14:32 +0800 2025,2,,0,"该评论仅包含数字""2""，没有明确的语义表达或情感词汇，无法判断具体的情感倾向，属于中性或无实际情感内容的评论。"
5184630895413368,海岸悦薇,00后给非遗加整活滤镜，这波跨界太绝了[good],Fri Jul 04 10:35:23 +0800 2025,00后给非遗加整活滤镜 这波跨界太绝了,00 遗加 整活 滤镜 这波 跨界 太绝,1,该评论使用了“太绝了”等高度赞扬的词汇，并称赞“跨界”行为，整体表达了对00后创新非遗传承方式的惊喜与肯定，情感倾向明显为正面。
5186832951676984,猫绒鑫耳_,1,Thu Jul 10 12:14:29 +0800 2025,1,,0,该评论仅包含数字“1”，没有表达任何具体观点或情感倾向，无法判断其正面或负面情感，因此属于中性评论。
5184630895413368,小兔饲养员ny,00后太有才了。,Fri Jul 04 10:34:25 +0800 2025,00后太有才了,00 后太有,1,评论中使用了“太有才了”这一高度赞扬的表达，直接肯定并赞赏00后的才华与创造力，整体情感积极且充满认可。
5184630895413368,以前好困, 传统非遗撞上00后的脑洞，画风突变太上头了,Fri Jul 04 10:36:39 +0800 2025,传统非遗撞上00后的脑洞 画风突变太上头了,传统 遗撞 00 脑洞 画风 突变 上头,1,评论中“太上头了”是网络流行语，表达强烈的喜爱和沉浸感，“画风突变”在此语境中带有惊喜和创新的积极意味，整体传递了对传统非遗与年轻创意结合的高度赞赏和兴奋情绪。
5184630895413368,w一杯冰红茶,00后的整活非遗简直太让人不可思议了,Fri Jul 04 10:39:36 +0800 2025,00后的整活非遗简直太让人不可思议了,00 整活 简直 不可思议,1,评论中使用了“太让人不可思议”这一强烈感叹表达，结合“整活非遗”这一创新性表述，体现了对00后非遗传承方式的惊喜与高度赞赏，整体情感积极且充满肯定。
5184630895413368,空白23976,真是非常感级满满的氛围特别好,Fri Jul 04 10:34:23 +0800 2025,真是非常感级满满的氛围特别好,真是 感级 满满的 氛围 特别,1,"评论中使用了""非常感级满满""、""氛围特别好""等积极表达，虽然""感级""可能是""高级""或""感动""的笔误，但整体明显传递出对氛围的赞赏和喜爱，情感倾向为正面。"
5184630895413368,蓝云wh,哈哈哈非遗被00后玩出花来了[嘻嘻],Fri Jul 04 10:34:19 +0800 2025,哈哈哈非遗被00后玩出花来了,非遗 00 出花来,1,评论中“哈哈哈”表达了愉悦情绪，“玩出花来了”是网络流行语，形容创意十足、精彩纷呈，整体语气轻松活泼，体现了对年轻人创新非遗方式的赞赏和积极态度。
5184630895413368,晴空万里829,00后把整活风带进非遗圈，这操作挺新鲜,Fri Jul 04 10:33:55 +0800 2025,00后把整活风带进非遗圈 这操作挺新鲜,00 整活 风带 进非 遗圈 操作 新鲜,1,评论中“整活风”和“挺新鲜”等词汇带有明显的积极和赞赏意味，表达了对00后创新方式传承非遗的认可与兴趣，整体情感倾向为正面。
5184630895413368,五湖四海897,视频里00后整活非遗，看得人有点意外,Fri Jul 04 10:32:52 +0800 2025,视频里00后整活非遗 看得人有点意外,视频 00 整活 看得人 意外,1,评论中“整活非遗”体现了对年轻人创新传承文化的认可，“有点意外”带有惊喜和赞赏的意味，整体表达了对视频内容的积极观感和兴趣。
5184630895413368,海阔天空373,没想到00后让非遗有了新花样，挺特别,Fri Jul 04 10:32:08 +0800 2025,没想到00后让非遗有了新花样 挺特别,没想到 00 遗有 新花样 特别,1,评论中使用了“挺特别”等积极词汇，表达了对00后创新非遗的赞赏和肯定，整体情感倾向为正面。
5184630895413368,木木浮生,这样的非遗年轻人肯定喜欢啊,Fri Jul 04 10:29:23 +0800 2025,这样的非遗年轻人肯定喜欢啊,年轻人 肯定 喜欢,1,评论中使用了“肯定喜欢”这一明确肯定的表达，传达了对非遗项目吸引年轻群体的信心和积极态度，整体情感倾向为正面。
5184630895413368,西兮1204,00后果然是敢想敢做。,Fri Jul 04 10:30:38 +0800 2025,00后果然是敢想敢做,00,1,评论中“敢想敢做”是明显的褒义词，表达了对00后群体行动力和创新精神的肯定与赞赏，整体情感倾向积极正面。
5184630895413368,心有佛系,简直是传统美学秒变潮玩现场了,Fri Jul 04 10:32:39 +0800 2025,简直是传统美学秒变潮玩现场了,简直 传统 美学 变潮 现场,1,该评论使用了“传统美学秒变潮玩现场”的表述，其中“秒变”和“潮玩现场”带有惊喜和赞赏的意味，整体表达了对传统与现代融合效果的积极肯定，情感倾向为正面。
5184630895413368,最爱吃芒果的榴莲懋釁護,非遗圈注入新活力挺好的,Fri Jul 04 10:30:53 +0800 2025,非遗圈注入新活力挺好的,遗圈 注入 活力,1,评论中“挺好的”直接表达了积极评价，“注入新活力”则体现了对非遗圈发展的肯定与期待，整体传递出支持与乐观的态度，情感倾向明确为正面。
5184630895413368,听说-糖很甜Y,也是很有创意的呀。,Fri Jul 04 10:28:31 +0800 2025,也是很有创意的呀,创意,1,评论中使用了“很有创意”这一明确褒义表达，直接肯定了内容的创新性和独特性，整体语气积极且带有赞赏意味，情感倾向明显为正面。
5184630895413368,微风许甜hw,零零后也太会整活了，非遗非常接地气,Fri Jul 04 10:28:24 +0800 2025,零零后也太会整活了 非遗非常接地气,零零 太会 整活 非遗 接地,1,评论中“太会整活了”和“非常接地气”都是积极评价，表达了对零零后创新能力和非遗文化贴近生活的赞赏，整体情感倾向为正面。
5184630895413368,ww随意吧,00后整活风真是多姿多彩太好看了,Fri Jul 04 10:37:21 +0800 2025,00后整活风真是多姿多彩太好看了,00 后整 活风 真是 多姿多彩 好看,1,评论中使用了“多姿多彩”、“太好看了”等积极词汇，表达了对00后整活风格的欣赏和喜爱，整体情感倾向明显为正面。
5184630895413368,龙抬头有好运123,00后整活非遗，创意拉满！,Fri Jul 04 10:27:55 +0800 2025,00后整活非遗 创意拉满,00 整活 创意 拉满,1,评论中“整活”和“创意拉满”等词汇具有积极含义，表达了对00后创新传承非遗文化的赞赏与肯定，整体情感倾向明显为正面。
5184630895413368,萍儿_10,真没想到00后把非遗艺术玩出花样来了,Fri Jul 04 10:36:37 +0800 2025,真没想到00后把非遗艺术玩出花样来了,真没想到 00 艺术 花样,1,评论中“真没想到”表达惊喜，“玩出花样”带有赞赏意味，整体肯定了00后对非遗艺术的创新传承，情感积极正面。
5184630895413368,是你的泷泷啊,非遗整活新玩法，爱了爱了！,Fri Jul 04 10:28:18 +0800 2025,非遗整活新玩法 爱了爱了,遗整 活新 玩法,1,评论中使用了“爱了爱了”这一网络流行语，表达强烈的喜爱和赞赏之情；“非遗整活新玩法”则体现了对创新内容的积极肯定，整体情感倾向明确为正面。
5181783558586876,自由自在720101,山东，处处惊喜，旅行不虚此行,Thu Jun 26 13:50:10 +0800 2025,山东 处处惊喜 旅行不虚此行,山东 处处 惊喜 旅行 不虚此行,1,评论中使用了“处处惊喜”、“不虚此行”等积极词汇，表达了对山东旅行的满意和赞赏，整体情感倾向为正面。
5181783558586876,默默守护的人6,山东旅游，总有意外惊喜，让人流连忘返,Thu Jun 26 13:50:10 +0800 2025,山东旅游 总有意外惊喜 让人流连忘返,山东 旅游 总有 意外 惊喜 流连忘返,1,评论中使用了“意外惊喜”、“流连忘返”等积极词汇，直接表达了对山东旅游体验的赞赏和喜爱，整体情感倾向明显为正面。
5184630895413368,愿如意吧,没想到00后整活又整回非遗传统文化圈內,Fri Jul 04 10:35:41 +0800 2025,没想到00后整活又整回非遗传统文化圈內,没想到 00 整活 整回 传统 文化圈,1,该评论使用“整活”这一网络流行语表达对00后创新行为的赞赏，同时提到“非遗传统文化圈内”体现了对文化传承的积极关注，整体语气带有惊喜和肯定，情感倾向为正面。
5171588414834044,胡萝卜驱逐舰主理人,还我摇光录草你叠,Thu May 29 10:39:41 +0800 2025,还我摇光录草你叠,摇光录,-1,该评论使用了粗俗的侮辱性词汇和攻击性语言，直接表达了强烈的愤怒和不满情绪，整体情感倾向明显为负面。
5181783558586876,L0L丹儿,山东旅游，惊喜不断，乐在其中,Thu Jun 26 13:50:10 +0800 2025,山东旅游 惊喜不断 乐在其中,山东 旅游 惊喜 不断 乐在其中,1,该评论使用了“惊喜不断”、“乐在其中”等积极词汇，表达了对山东旅游体验的满意和愉悦，整体情感倾向明显为正面。
5178250012657014,评论罗伯特,每一朵花都像他们一样独特，真是一场视觉盛宴呀！非遗缠花技艺真是令人赞叹不已。,Mon Jun 16 19:49:33 +0800 2025,每一朵花都像他们一样独特 真是一场视觉盛宴呀 非遗缠花技艺真是令人赞叹不已,一朵花 独特 真是 一场 视觉 盛宴 遗缠 技艺 真是 令人 赞叹不已,1,评论中使用了“独特”、“视觉盛宴”、“令人赞叹不已”等高度赞扬的词汇，表达了对非遗缠花技艺的欣赏与喜爱，整体情感积极且充满赞美。
5171588414834044,胡萝卜驱逐舰主理人,四跌东西棍,Thu May 29 10:39:28 +0800 2025,四跌东西棍,四跌 东西,-1,该评论使用了不规范的表达和贬义词汇，整体语气带有明显的负面情绪，表达了对内容或对象的不满与批评。
5181783558586876,L松松S,山东旅游，眼不见为净呀,Thu Jun 26 13:50:10 +0800 2025,山东旅游 眼不见为净呀,山东 旅游 眼不见为净,-1,评论中“眼不见为净”是带有消极意味的俗语，通常用于表达对某些问题或现象的不满与回避态度，暗示了对山东旅游可能存在负面看法或失望情绪，整体情感倾向为负面。
5171588414834044,胡萝卜驱逐舰主理人,还我摇光录,Thu May 29 10:39:34 +0800 2025,还我摇光录,摇光录,-1,评论中“还我”这一表达带有强烈的诉求和不满情绪，暗示用户对失去或改变“摇光录”内容感到失望或愤怒，整体情感倾向为负面。
5171588414834044,霹雳电动颗粒,摇光录,Wed Jun 04 09:25:29 +0800 2025,摇光录,摇光录,0,该评论仅提及作品名称“摇光录”，未包含任何表达情感倾向的词汇或主观评价，属于客观陈述，因此情感倾向为中性。
5171588414834044,一抹赤色,新游戏感觉越来越没意思了还是老东西适合我,Thu May 29 12:26:40 +0800 2025,新游戏感觉越来越没意思了还是老东西适合我,游戏 越来越 没意思 老东西 适合,-1,评论中“越来越没意思”直接表达了失望和不满，而“老东西适合我”则通过对比进一步强化了对新游戏的负面评价，整体情感倾向为负面。
5171588414834044,Hentai绅士小林哥,老游戏往日不再通关了[doge],Thu May 29 11:16:58 +0800 2025,老游戏往日不再通关了,游戏 往日 不再 通关,0,该评论仅陈述了“老游戏往日不再通关了”这一事实，没有使用明显的情感词汇或表达主观态度，属于客观陈述，因此情感倾向为中性。
5171588414834044,TXT-九条天,还我摇光录,Thu May 29 11:28:59 +0800 2025,还我摇光录,摇光录,-1,评论中“还我”一词带有强烈的诉求和不满情绪，暗示对某事物（摇光录）的失去或变动感到失望、愤怒，整体表达了一种抗议和负面情感。
5171588414834044,TXT-九条天,期待摇光录复活,Thu May 29 11:28:46 +0800 2025,期待摇光录复活,期待 摇光录 复活,1,评论中的“期待”一词明确表达了积极的盼望和希望，整体语气充满对“摇光录”回归的正面期待，没有负面或中性词汇，因此情感倾向为正面。
5171588414834044,灵犀客往,我真的没和你开玩笑，我只有摇光录，你给我想办法恢复更新。@哔哩游戏姬,Thu May 29 18:48:10 +0800 2025,我真的没和你开玩笑 我只有摇光录 你给我想办法恢复更新,开玩笑 摇光录 办法 恢复 更新,-1,评论中“我真的没和你开玩笑”和“你给我想办法恢复更新”表达了强烈的命令和不满情绪，带有明显的催促和指责意味，整体情感倾向为负面。
5171588414834044,灵犀客往,其他的不喜欢，不玩。摇光录恢复更新听见没？@哔哩游戏姬,Thu May 29 18:49:04 +0800 2025,其他的不喜欢 不玩 摇光录恢复更新听见没,喜欢 不玩 摇光录 恢复 更新 听见,-1,评论中“不喜欢”、“不玩”直接表达了明确的拒绝和负面态度，而“恢复更新听见没”以命令式语气表达不满和催促，整体情感倾向为负面。
5171588414834044,冠位魔术师藤丸,不玩新游戏[喵喵],Thu May 29 11:21:29 +0800 2025,不玩新游戏,不玩新 游戏,0,该评论仅陈述了“不玩新游戏”这一事实或决定，没有使用明显的积极或消极词汇，也未表达出强烈的喜好或厌恶情绪，属于客观陈述，因此情感倾向为中性。
5171588414834044,灵犀客往,我只有摇光录，你还我摇光录。@哔哩游戏姬,Thu May 29 18:42:58 +0800 2025,我只有摇光录 你还我摇光录,摇光录 摇光录,-1,评论中“还我摇光录”表达了强烈的诉求和不满，带有失去或无法获取某物的遗憾与指责情绪，整体情感倾向为负面。
5171337494272105,镜埖氺月_RR,虽然但是为什么要穿鞋坐地毯上 http://t.cn/A6gDkFAu,Thu May 29 08:21:09 +0800 2025,虽然但是为什么要穿鞋坐地毯上,穿鞋 地毯,-1,评论通过“虽然但是”转折句式表达了对穿鞋坐地毯行为的不认同，带有轻微批评和不满情绪，整体情感倾向为负面。
5171337494272105,名字别太长像我这样就可以了,成为妈妈吧[二哈] http://t.cn/A6ge9kLd,Wed May 28 18:03:21 +0800 2025,成为妈妈吧,成为 妈妈,0,该评论仅陈述“成为妈妈吧”这一建议或事实性表述，未使用明显的情感词汇，也未表达出明确的赞同、反对或情绪倾向，因此整体情感倾向为中性。
5171337494272105,虹之翼梅利希姆,汝窑，但不适合汝窑,Thu May 29 12:02:14 +0800 2025,汝窑 但不适合汝窑,汝窑 适合 汝窑,-1,评论通过转折句式“但不适合汝窑”表达了对汝窑的否定态度，暗示其存在不匹配或缺陷，带有批评和不满的情绪，整体情感倾向为负面。
5171337494272105,不止去往何处的喵酱,黄鸡追加点代币奖励吧，夏日别墅溢出太多了[苦涩],Wed May 28 21:37:15 +0800 2025,黄鸡追加点代币奖励吧 夏日别墅溢出太多了,黄鸡 追加 代币 奖励 夏日 别墅 溢出 太多,0,该评论主要提出游戏内资源管理的建议，表达了对代币奖励的需求和夏日别墅溢出的现状描述，没有明显的积极或消极情绪词汇，属于中性的反馈或诉求。
5171337494272105,道道字,多出点这种类型的皮肤，又仙又好看[好喜欢],Wed May 28 19:09:05 +0800 2025,多出点这种类型的皮肤 又仙又好看,出点 类型 皮肤 好看,1,评论中使用了“又仙又好看”等积极词汇，表达了对皮肤设计的喜爱和赞赏，同时“多出点”体现了对更多类似内容的期待与支持，整体情感倾向明显为正面。
5171337494272105,MAL-ON,可爱捏,Wed May 28 18:33:48 +0800 2025,可爱捏,可爱,1,"评论中使用了""可爱捏""这一网络流行语，其中""可爱""是明确的积极情感词汇，""捏""作为语气词增强了亲切和喜爱的表达，整体传递出对描述对象的赞赏和喜爱之情。"
5171337494272105,哒哒块1号,幼妻[爱你],Wed May 28 18:22:28 +0800 2025,幼妻,幼妻,-1,该评论仅包含“幼妻”一词，这一词汇在中文语境中通常指代未成年或年龄差距过大的婚姻关系，涉及敏感且负面的社会议题，容易引发道德争议，整体情感倾向为负面。
5171337494272105,茶茶宁宁,别乱用词，要准确，汝窑！,Thu May 29 15:48:47 +0800 2025,别乱用词 要准确 汝窑,别乱 用词 准确 汝窑,-1,评论中使用了“别乱用词”等带有批评和指责意味的表述，语气较为直接，表达了对用词不准确的不满和纠正意图，整体情感倾向为负面。
5171337494272105,橙子Yellow11,好可爱啊！！！！[打call],Wed May 28 22:21:27 +0800 2025,好可爱啊,可爱,1,"评论中使用了""好可爱""这一积极词汇，直接表达了对对象的喜爱和赞赏，情感倾向明确为正面。"
5171337494272105,丝麦露,可爱死了,Thu May 29 01:59:46 +0800 2025,可爱死了,可爱,1,该评论使用了“可爱死了”这一强烈感叹表达，其中“可爱”是明确的积极词汇，“死了”作为程度补语强化了喜爱之情，整体传递出高度赞赏和愉悦的情感倾向。
5171337494272105,竟然是渣渣,小小的🤤香香的🤤软软的🤤糯糯的🤤可口的🤤解馋的🤤,Wed May 28 19:11:57 +0800 2025,小小的 香香的 软软的 糯糯的 可口的 解馋的,小小的 香香的 软软 可口 解馋,1,该评论连续使用“小小的”、“香香的”、“软软的”、“糯糯的”、“可口的”、“解馋的”等一系列充满喜爱和赞赏的叠词形容词，生动描绘了物品的诱人特质，整体洋溢着满足、愉悦和渴望拥有的积极情感。
5171337494272105,奶一口白泽,是长风[泪][泪][泪][泪]太可爱了,Wed May 28 23:13:33 +0800 2025,是长风太可爱了,长风 可爱,1,评论中使用了“太可爱了”这一强烈积极的表达，直接表达了对角色“长风”的喜爱和赞赏，情感倾向明确为正面。
5171337494272105,爱吃辣的清清,长风妈妈[抱一抱],Wed May 28 21:45:48 +0800 2025,长风妈妈,长风 妈妈,0,该评论仅提及“长风妈妈”这一称呼，没有表达明确的情感倾向或评价性内容，属于中性陈述，无法判断正面或负面情感。
5171337494272105,阳光煲煲bell仔饭,长风妈咪[抱一抱],Wed May 28 21:33:29 +0800 2025,长风妈咪,长风 妈咪,1,"该评论使用了""妈咪""这一网络亲昵称呼，表达了对""长风""的喜爱和亲近感，带有明显的积极情感倾向，整体情感为正面。"
5171337494272105,人间帘幕垂-,可爱捏,Wed May 28 21:10:15 +0800 2025,可爱捏,可爱,1,该评论使用“可爱捏”这一网络流行语，其中“可爱”是明确的积极词汇，表达了对对象的喜爱和赞赏，“捏”作为语气词增添了亲切感，整体情感倾向为正面。
5171337494272105,奥丁之眼,联动汝窑？,Wed May 28 19:52:02 +0800 2025,联动汝窑,联动 汝窑,0,该评论仅提及“联动汝窑”这一事实性信息，没有使用任何带有情感色彩的词汇，也没有表达个人喜好或评价，属于客观陈述，因此情感倾向为中性。
5171337494272105,少年游·小舞,好耶,Wed May 28 19:27:23 +0800 2025,好耶,,1,该评论使用“好耶”这一网络用语，通常用于表达兴奋、喜悦或赞同的情绪，带有明显的积极情感色彩，整体情感倾向为正面。
5171231745643367,幸福的相逢_1,我也比较喜欢喝黄酒,Wed May 28 11:01:15 +0800 2025,我也比较喜欢喝黄酒,比较 喜欢 黄酒,1,评论中使用了“喜欢”这一明确表达偏好的积极词汇，直接表明了对黄酒的正面态度，整体情感倾向为正面。
5168705467846892,蓼花汀畔会相逢,问一下还有名额吗[求关注],Wed May 21 12:25:00 +0800 2025,问一下还有名额吗,名额,0,该评论仅询问“还有名额吗”，属于客观的信息咨询，没有表达任何积极或消极的情绪，也没有使用带有情感色彩的词汇，因此情感倾向为中性。
5168705467846892,黑糖_拿铁,咸鱼嘛,Wed May 21 12:05:02 +0800 2025,咸鱼嘛,咸鱼,0,该评论仅以“咸鱼嘛”作为回应，没有明确表达积极或消极情绪，属于对话题的简单附和或调侃，缺乏具体情感指向，整体情感倾向为中性。
5168705467846892,Kanke1ken,神蛇年限有吗，想要一个[doge],Wed May 21 11:50:51 +0800 2025,神蛇年限有吗 想要一个,神蛇 年限 想要,1,评论表达了“想要一个”的明确愿望，使用“神蛇年限”这一具体称谓显示出对产品的关注和喜爱，整体语气积极且带有期待感，属于正面情感倾向。
5167029107560226,Ritata_1205,妈妈[泪],Sat May 17 22:55:25 +0800 2025,妈妈,妈妈,0,该评论仅包含“妈妈”这一称呼，没有表达明确的情感倾向或具体观点，无法判断其情感色彩，属于中性表达。
5168705467846892,笛笛半夜敲代码,UPUP,Wed May 21 11:49:55 +0800 2025,UPUP,UPUP,1,该评论使用了“UPUP”这一网络用语，通常表示支持、鼓励或向上的积极情绪，类似于“加油”、“上升”的含义，整体表达了对内容或对象的正面期待与认可。
5167029107560226,雑音chu,和瓷器联动真有必要！据说某个关键的新材料就是参考用了瓷器工艺才成就的,Sat May 17 07:20:22 +0800 2025,和瓷器联动真有必要 据说某个关键的新材料就是参考用了瓷器工艺才成就的,瓷器 联动 真有 必要 据说 关键 材料 参考 瓷器 工艺 成就,1,评论中肯定了联动瓷器的必要性，并提到新材料参考瓷器工艺取得成就，使用了“真有必要”、“成就”等积极词汇，表达了对联动价值和成果的认可与赞赏。
5167029107560226,少年游·小舞,我东煌独有的浪漫，中！,Sat May 17 08:51:48 +0800 2025,我东煌独有的浪漫 中,东煌 独有 浪漫,1,评论中“我东煌独有的浪漫”使用了“我”和“独有”等词汇，表达了对东煌文化特色的自豪感和认同感，整体情感倾向为正面。
5167029107560226,勇者企鹅,长风妈妈！[干饭人][干饭人][干饭人],Fri May 16 23:40:48 +0800 2025,长风妈妈,长风 妈妈,0,该评论仅提及“长风妈妈”这一称呼，未包含任何表达情感倾向的词汇或评价性内容，无法判断其正面、负面或具体态度，因此属于中性陈述。
5167029107560226,42Alt,这都能联动？,Fri May 16 20:46:05 +0800 2025,这都能联动,联动,-1,该评论使用了“这都能联动”的表达，带有明显的质疑和讽刺意味，暗示对联动内容的不理解或不认同，整体情感倾向为负面。
5167029107560226,橙子汁子汁,这个好,Fri May 16 21:40:49 +0800 2025,这个好,,1,评论使用了“好”这一明确的积极评价词汇，表达了对内容的认可与喜爱，虽然表述简短，但情感倾向清晰明确。
5167029107560226,北海云恒,太棒了[打call],Fri May 16 20:50:22 +0800 2025,太棒了,太棒了,1,评论使用了“太棒了”这一强烈的积极表达词汇，直接传达出对事物的高度赞赏和满意，情感倾向明确为正面。
5167029107560226,白玲Lily,梦幻联动,Fri May 16 20:41:58 +0800 2025,梦幻联动,梦幻 联动,1,"该评论使用了""梦幻联动""这一网络流行语，通常用于表达对跨作品或跨领域合作的惊喜与赞赏。""梦幻""一词带有美好、理想的积极色彩，整体表达了对联动内容的期待与喜爱。"
5167029107560226,林一新_office,梦幻联动 http://t.cn/A6gIZejm,Fri May 16 20:46:09 +0800 2025,梦幻联动,梦幻 联动,1,该评论使用了“梦幻联动”这一网络流行语，通常用于表达对跨作品或跨领域合作的惊喜与赞赏，带有积极和兴奋的情感色彩，整体情感倾向为正面。
5165746376935027,浅梦Fashionista,这次联名好赞,Fri May 23 07:24:12 +0800 2025,这次联名好赞,这次 联名 好赞,1,评论中使用了“好赞”这一积极词汇，直接表达了对联名活动的强烈赞赏和喜爱，整体情感倾向明确为正面。
5167029107560226,满天曼陀罗,我做梦都没法想象碧蓝航线跟影视飓风能联动,Sat May 17 08:01:37 +0800 2025,我做梦都没法想象碧蓝航线跟影视飓风能联动,做梦 没法 想象 碧蓝 航线 影视 飓风 联动,0,该评论仅表达了对于碧蓝航线与影视飓风联动的惊讶，使用了“做梦都没法想象”来形容其出乎意料，但并未直接表达对该联动的喜爱或厌恶，情感倾向不明显，属于中性陈述。
5165746376935027,茜茜情感,不错不错,Tue May 13 08:23:57 +0800 2025,不错不错,不错 不错,1,评论中重复使用“不错”这一积极词汇，表达了对内容的肯定和满意，整体情感倾向明显为正面。
5165746376935027,烨磊新蕾,益禾堂遇上魔道祖师，这场联名绝,Tue May 13 15:06:38 +0800 2025,益禾堂遇上魔道祖师 这场联名绝,益禾堂 遇上 祖师 这场 联名,1,评论中“绝”字作为网络流行语，表达极致的好评，结合“益禾堂遇上魔道祖师”的联名描述，整体传递出对此次合作的高度认可和兴奋之情，情感倾向积极正面。
5165746376935027,VVVV杰u,绝绝子,Tue May 13 20:55:07 +0800 2025,绝绝子,绝绝子,1,评论中使用了网络流行语“绝绝子”，该词汇常用于表达对事物的高度赞美和喜爱，带有强烈的积极情感色彩，体现了评论者对内容的认可和欣赏。
5165267734764697,人生有知味,非遗+国漫+商业品牌,Mon May 12 11:47:59 +0800 2025,非遗 国漫 商业品牌,非遗 国漫 商业 品牌,0,该评论仅列举了“非遗、国漫、商业品牌”三个关键词，未表达明确的情感态度或评价，属于客观陈述，因此情感倾向为中性。
5163092221892549,无语的草莓圣代,算惹，对新剧情不期待，希望sp茶几别拉胯就行,Mon May 05 23:57:10 +0800 2025,算惹 对新剧情不期待 希望sp茶几别拉胯就行,剧情 期待 希望 sp 茶几 别拉,-1,评论中“算惹”带有无奈放弃的语气，“不期待”直接表达对新剧情的消极态度，后半句“别拉胯就行”则透露出对SP角色的担忧和不信任，整体情感倾向为负面。
5163700681180915,深圳市潘焱珠宝设计有限公司,【真·黄金圣斗士降临！老凤祥✖圣斗士星矢联名燃炸来袭】「燃烧吧！小宇宙！」——这句跨越时代的呐喊，终于化作触手可及的黄金光芒！💫#黄金圣斗士##圣斗士##黄金##十二星座##动漫周边##老凤祥圣斗士星矢联动# @深圳市潘焱珠宝设计有限公司@潘焱--PY设计工作室创始人 ,Wed May 07 16:15:21 +0800 2025,真 黄金圣斗士降临 老凤祥 圣斗士星矢联名燃炸来袭 燃烧吧 小宇宙 这句跨越时代的呐喊 终于化作触手可及的黄金光芒,黄金 圣斗士 降临 老凤祥 圣斗士 星矢 联名 燃炸来 燃烧 宇宙 这句 跨越 时代 呐喊 终于 化作 触手可及 黄金 光芒,1,评论中使用了“燃炸来袭”、“燃烧吧”、“跨越时代”、“触手可及的黄金光芒”等充满激情和赞美的词汇，表达了对联名产品的强烈兴奋和高度认可，整体情感倾向为正面。
5163092221892549,没有猫的夜猫子,看爆料感觉姑姑的配色是黑金，要是抬出来比不过隔壁扒鸡的黑金姑姑我能笑很久[doge],Tue May 06 00:02:59 +0800 2025,看爆料感觉姑姑的配色是黑金 要是抬出来比不过隔壁扒鸡的黑金姑姑我能笑很久,爆料 姑姑 配色 黑金 抬出来 隔壁 扒鸡 黑金 姑姑 我能,-1,评论中使用了“比不过”、“能笑很久”等表达，透露出对“姑姑”角色设计可能不如竞争对手的预期幸灾乐祸心态，带有明显的嘲讽和负面情绪。
5163092221892549,乌啦啦啦啦一休,超级讨厌源赖光[doge],Wed May 07 06:52:52 +0800 2025,超级讨厌源赖光,超级 讨厌 源赖光,-1,该评论直接使用“超级讨厌”这一强烈负面词汇表达对源赖光的厌恶情绪，语气明确且带有主观排斥感，整体情感倾向为负面。
5162156162026442,清夏寄雪海,我找你啊啊啊,Sat May 03 10:19:36 +0800 2025,我找你啊啊啊,,0,该评论仅表达了寻找对方的急切心情，但未明确涉及积极或消极的评价内容，缺乏具体情感指向，因此整体情感倾向为中性。
5161274748966222,娱乐锦鲤附体,好想去玩玩[春游家族][春游家族][春游家族],Thu May 01 08:15:00 +0800 2025,好想去玩玩,玩玩,1,该评论使用了“好想去”这一表达强烈愿望的积极词汇，传递出对目标事物的浓厚兴趣和期待，整体情感倾向为正面。
5162156162026442,凡木梭,为什么是这个tag[doge],Sat May 03 10:01:25 +0800 2025,为什么是这个tag,tag,0,该评论仅提出疑问“为什么是这个tag”，表达了对标签选择的困惑或好奇，没有使用明显的情感词汇，也未表现出积极或消极态度，属于中性询问。
5163092221892549,椰子要疯,艾玛现在对阴阳师已经完全放养状态根本不知道最近有啥东西进游戏就寄养看见有红点了点点,Mon May 05 23:57:59 +0800 2025,艾玛现在对阴阳师已经完全放养状态根本不知道最近有啥东西进游戏就寄养看见有红点了点点,艾玛 现在 阴阳师 完全 放养 状态 知道 最近 东西 游戏 寄养 看见 有红点 点点,0,该评论描述了玩家对游戏采取“放养”状态，仅进行寄养和点红点等基础操作，未表达明显喜爱或厌恶情绪，属于陈述事实的中性表达。
5163092221892549,天天向上5708,源赖光太超模了,Tue May 06 10:57:36 +0800 2025,源赖光太超模了,源赖光 超模,-1,评论中“超模”一词在游戏语境中通常指角色能力过于强大、破坏平衡，带有明显的负面评价色彩。该表述暗示了对游戏设计的不满，认为角色强度失衡，整体情感倾向为负面。
5163092221892549,张月亮的卿卿Y,源博雅在狭间可好用了！豹子扑完就跑，超快！,Tue May 06 07:13:47 +0800 2025,源博雅在狭间可好用了 豹子扑完就跑 超快,博雅 狭间 可好 豹子 超快,1,该评论使用了“可好用了”、“超快”等积极词汇，表达了对游戏角色“源博雅”在特定场景（狭间）中技能表现（豹子扑完就跑）的赞赏和喜爱，整体情感倾向为正面。
5163092221892549,陵夜ye,[拜拜]我真服了，古事记那个活动的插画是以前的旧插画 http://t.cn/A6duB9Xc,Tue May 06 10:02:36 +0800 2025,我真服了 古事记那个活动的插画是以前的旧插画,真服了 古事记 活动 插画 以前 插画,-1,评论中“我真服了”是常见的网络抱怨用语，带有明显的烦躁和不满情绪。后半句指出活动插画是“旧插画”，暗示对内容缺乏新意或诚意感到失望，整体表达了对活动质量的批评。
5161274748966222,我哥说他要去打卡西藏,我想去看看名族大秀[打call],Thu May 01 08:12:18 +0800 2025,我想去看看名族大秀,看看 名族 大秀,1,评论中“想去看看”表达了积极的好奇心和参与意愿，使用“名族大秀”这一带有文化欣赏意味的词汇，整体传递出期待和兴趣，情感倾向为正面。
5161274748966222,Drew大叔11,有机会一定要去旅游看看啊,Thu May 01 08:12:56 +0800 2025,有机会一定要去旅游看看啊,机会 旅游 看看,1,"评论中使用了""一定要去""表达了强烈的愿望和期待，""旅游看看""带有积极的生活态度和向往，整体传递出对旅游体验的积极期待和推荐意味。"
5161274748966222,天赋吉运y,不错的分享多来点也想去打卡,Thu May 01 08:11:38 +0800 2025,不错的分享多来点也想去打卡,不错 分享 多来 打卡,1,评论中“不错的分享”直接表达了对内容的认可，“多来点”和“想去打卡”则进一步体现了积极期待和参与意愿，整体情感倾向为正面。
5161274748966222,今年冬天哇哦不冷,不错的分享多来点也想去打卡,Thu May 01 08:10:21 +0800 2025,不错的分享多来点也想去打卡,不错 分享 多来 打卡,1,评论中“不错的分享”直接表达了对内容的认可，“多来点”和“想去打卡”进一步体现了积极期待和参与意愿，整体情感倾向为正面。
5161274748966222,暴富小达人-w,五一节快乐啊,Thu May 01 08:10:04 +0800 2025,五一节快乐啊,五一节 快乐,1,该评论使用了“快乐”这一积极词汇，直接表达了对节日的祝福和喜悦之情，整体情感倾向为正面。
5161274748966222,一朵小红花sge,有机会一定要去看看,Thu May 01 08:04:23 +0800 2025,有机会一定要去看看,机会 看看,1,该评论表达了“有机会一定要去看看”的积极意愿和期待，体现了对目标事物的兴趣和向往，整体情感倾向为正面。
5161274748966222,最美的期待wang-,国潮真的好看，想去玩,Thu May 01 08:07:06 +0800 2025,国潮真的好看 想去玩,国潮 好看,1,评论中使用了“真的好看”、“想去玩”等积极表达，明确表达了对国潮元素的喜爱和参与意愿，整体情感倾向为正面。
5161274748966222,我是你的小天s,收藏起来了！很详细实用,Thu May 01 07:57:33 +0800 2025,收藏起来了 很详细实用,收藏 起来 详细 实用,1,该评论使用了“很详细实用”等积极词汇，表达了对内容的认可和赞赏，收藏行为也体现了对内容的喜爱和重视，整体情感倾向为正面。
5161274748966222,醒来看月亮y,收藏起来了！很详细实用,Thu May 01 08:08:39 +0800 2025,收藏起来了 很详细实用,收藏 起来 详细 实用,1,评论中“很详细实用”直接表达了积极评价，强调内容的实用性和价值；“收藏起来了”进一步体现了用户的认可和喜爱，整体情感倾向明确为正面。
5161274748966222,情莘莘泪萌萌,国潮真的好看，想去玩,Thu May 01 07:47:29 +0800 2025,国潮真的好看 想去玩,国潮 好看,1,评论中使用了“真的好看”、“想去玩”等积极词汇，明确表达了对“国潮”的喜爱和参与意愿，整体情感倾向为正面。
5161274748966222,ldn浅墨丶初白,五一一起去长辛店看国潮文化、民族风情、享非遗体验、各色地方美食。,Thu May 01 08:09:01 +0800 2025,五一一起去长辛店看国潮文化 民族风情 享非遗体验 各色地方美食,五一 一起 长辛店 看国潮 文化 民族风情 享非 体验 各色 地方 美食,1,该评论列举了“国潮文化”、“民族风情”、“非遗体验”、“各色地方美食”等积极元素，并使用了“一起”等邀请性词汇，整体表达了对活动的期待和推荐，情感倾向明显为正面。
5161274748966222,小梨落y,国潮真的好看，想去玩玩吧,Thu May 01 08:09:24 +0800 2025,国潮真的好看 想去玩玩吧,国潮 好看 玩玩,1,评论中使用了“真的好看”、“想去玩玩”等积极词汇，表达了对国潮内容的喜爱和参与意愿，整体情感倾向为正面。
5161274748966222,荣誉都是来之不易的,有机会一定要去看看,Thu May 01 07:53:28 +0800 2025,有机会一定要去看看,机会 看看,1,"该评论表达了""一定要去看看""的积极意愿和期待，使用了""有机会""等词汇暗示对目标事物的兴趣和向往，整体传递出正面、期待的情感倾向。"
5161274748966222,春天回来了你好嘛,五一节呆在家休息！,Thu May 01 08:18:11 +0800 2025,五一节呆在家休息,五一节 在家 休息,0,该评论仅陈述了五一节在家休息的事实，没有使用明显的情感词汇，也没有表达对假期安排的积极或消极态度，属于客观描述，因此情感倾向为中性。
5161218923299300,潇雨落宁睫,好，nice，棒🥰,Thu May 01 21:33:27 +0800 2025,好 nice 棒,nice,1,该评论使用了“好”、“nice”、“棒”等积极词汇，直接表达了对内容的赞赏和喜爱，整体情感倾向明显为正面。
5161274748966222,微博同城,此微博已在http://t.cn/A6lOSuj1中作为优质微博推荐，帮更多同城小伙伴发现宝藏打卡地 。http://t.cn/A6bPM2GB,Thu May 01 00:18:36 +0800 2025,此微博已在中作为优质微博推荐 帮更多同城小伙伴发现宝藏打卡地,此微博 优质 微博 推荐 同城 小伙伴 发现 宝藏 打卡,1,该评论提到微博被推荐为“优质微博”，并强调“帮更多同城小伙伴发现宝藏打卡地”，使用了“宝藏”等积极词汇，表达了对内容价值的肯定和推广意图，整体情感倾向为正面。
5161274748966222,三月桃花開2468,收藏起来了！很详细实用,Thu May 01 08:05:02 +0800 2025,收藏起来了 很详细实用,收藏 起来 详细 实用,1,评论中“收藏起来了”表明用户对内容的高度认可和保存意愿，“很详细实用”直接表达了积极评价，强调内容的实用性和完整性，整体情感倾向为正面。
5161218923299300,X-九千七,晚上好啊，我来了[哈哈],Thu May 01 21:03:50 +0800 2025,晚上好啊 我来了,我来,0,该评论只是简单的问候和到场声明，没有表达明显的积极或消极情绪，属于日常交流用语，情感倾向为中性。
5161218923299300,寻找快乐地小皮妖,加油,Thu May 01 20:04:27 +0800 2025,加油,加油,1,该评论使用了“加油”这一积极鼓励的词汇，表达了对目标对象的支持与激励，整体情感倾向为正面。
5161218923299300,冰雪火舞_,非常喜欢你的作品,Thu May 01 20:57:48 +0800 2025,非常喜欢你的作品,喜欢 作品,1,评论中使用了“非常喜欢”这一强烈积极的表达，直接表达了对作品的认可和赞赏，体现了明确的正向情感倾向。
5161218923299300,是糖宝柚,好，nice，棒🥰,Thu May 01 20:20:21 +0800 2025,好 nice 棒,nice,1,该评论使用了“好”、“nice”、“棒”等多个积极词汇，直接表达了对事物的高度赞赏和喜爱，整体情感倾向明显为正面。
5161218923299300,小姨点子多,写的好好啊,Thu May 01 19:36:30 +0800 2025,写的好好啊,好好,1,"评论中使用了""好""的叠词""好好""来加强语气，表达了对内容质量的肯定和赞赏，整体情感倾向明显为正面。"
5161218923299300,体界风云,晚上好呀,Thu May 01 19:19:16 +0800 2025,晚上好呀,,0,该评论只是简单的问候语“晚上好呀”，没有表达任何具体的情感倾向或评价内容，属于日常社交中的中性表达。
5161218923299300,桃花游戏君,写的很好啊[打call],Thu May 01 19:19:38 +0800 2025,写的很好啊,,1,该评论使用了“很好”这一明确的积极评价词汇，直接表达了对所评价内容的赞赏和肯定，整体情感倾向明显为正面。
5161218923299300,王裕雅沙龙,地铁酷跑真的很好玩[偷笑],Thu May 01 19:31:41 +0800 2025,地铁酷跑真的很好玩,地铁 酷跑 好玩,1,评论中使用了“真的很好玩”这一明确表达喜爱和肯定的词汇，直接赞扬了游戏“地铁酷跑”，传达了积极的体验和满意情绪，整体情感倾向为正面。
5161218923299300,花盖冻梨有点酸,下午好啊,Thu May 01 19:22:42 +0800 2025,下午好啊,,0,该评论仅为日常问候语“下午好啊”，没有表达明确的情感倾向或评价性内容，属于中性社交用语，不涉及积极或消极情绪表达。
5161218923299300,糖星洒落宁心,好，nice，棒🥰,Thu May 01 19:18:43 +0800 2025,好 nice 棒,nice,1,该评论使用了“好”、“nice”、“棒”等多个积极词汇，直接表达了对内容的强烈赞赏和喜爱，整体情感倾向明显为正面。
5161218923299300,墨羽轻流年-,晚上好呀[打call],Thu May 01 19:10:35 +0800 2025,晚上好呀,,0,该评论仅是一个简单的问候语“晚上好呀”，没有表达任何具体的情感倾向或评价内容，属于日常社交中的中性表达。
5161218923299300,体圈蜜蜂,晚上好呀,Thu May 01 19:05:00 +0800 2025,晚上好呀,,0,该评论仅是一个日常问候语“晚上好呀”，没有表达任何具体的情感倾向或评价内容，属于中性社交用语。
5161218923299300,归港老船,一起来玩吧[加油],Thu May 01 18:50:44 +0800 2025,一起来玩吧,起来 玩吧,1,"该评论使用了邀请性表达""一起来玩吧""，带有积极友好的邀请意味，体现了分享和互动的正面态度，整体情感倾向为正面。"
5161218923299300,霍时尚,感谢分享[哇][哇],Thu May 01 18:30:48 +0800 2025,感谢分享,感谢 分享,1,该评论使用了“感谢”这一积极词汇，表达了对分享行为的认可和感激之情，体现了友好的互动态度，整体情感倾向为正面。
5161218923299300,圈内漂流瓶,精彩内容值得关注,Thu May 01 18:40:51 +0800 2025,精彩内容值得关注,精彩内容 值得 关注,1,该评论使用了“精彩”、“值得关注”等积极词汇，表达了对内容的认可和推荐态度，整体情感倾向为正面。
5161218923299300,科迪莉亚占星猫,我来了，五一快乐啊,Thu May 01 18:23:08 +0800 2025,我来了 五一快乐啊,我来 五一 快乐,1,评论使用了“五一快乐”这一节日祝福语，表达了对节日的喜悦和对他人的友好祝愿，整体情感积极正面。
5161218923299300,春意浓醉元宵,下午好呀,Thu May 01 18:23:34 +0800 2025,下午好呀,,0,该评论仅是一个日常问候语“下午好呀”，没有表达任何具体的情感倾向或评价性内容，属于中性社交用语。
5161218923299300,雨中曲漫话,一起玩游戏,Thu May 01 18:45:47 +0800 2025,一起玩游戏,一起 玩游戏,0,"该评论仅陈述了""一起玩游戏""这一事实，没有使用任何带有情感色彩的词汇，也没有表达明显的喜好或厌恶，属于客观描述性内容，因此情感倾向为中性。"
5161218923299300,仙雾萦绕元宵,下午好吖,Thu May 01 18:23:44 +0800 2025,下午好吖,,0,该评论仅包含问候语“下午好吖”，是一种日常的礼貌性表达，没有涉及对具体事物的评价或情感流露，因此情感倾向为中性。
5160865411892972,海咪梅丽号,下午好啊,Wed Apr 30 20:01:09 +0800 2025,下午好啊,,0,该评论仅包含日常问候语“下午好啊”，没有表达明确的情感倾向或评价内容，属于中性表达。
5160865411892972,糖星洒落宁心,好，nice，棒🥰,Wed Apr 30 21:11:47 +0800 2025,好 nice 棒,nice,1,该评论使用了“好”、“nice”、“棒”等多个积极词汇，直接表达了对事物的高度赞赏和喜爱，整体情感倾向明显为正面。
5160865411892972,俞嶷瞳行soso,晚上好啊，博文精彩,Wed Apr 30 20:04:46 +0800 2025,晚上好啊 博文精彩,博文 精彩,1,评论使用“晚上好啊”的友好问候和“博文精彩”的积极评价，表达了对内容的认可与赞赏，整体情感倾向为正面。
5160865411892972,独孤九鎗,晚上好，感谢分享，康泰平安[握手][作揖][爱你],Wed Apr 30 19:35:32 +0800 2025,晚上好 感谢分享 康泰平安,感谢 分享 康泰 平安,1,评论使用了“晚上好”、“感谢分享”、“康泰平安”等礼貌和祝福性词汇，表达了对分享者的友好问候与美好祝愿，整体情感倾向积极正面。
5160865411892972,是糖宝柚,好，nice，棒🥰,Wed Apr 30 19:29:59 +0800 2025,好 nice 棒,nice,1,评论中使用了“好”、“nice”、“棒”等多个积极词汇，这些词语都表达了强烈的赞赏和肯定态度，整体情感倾向明显为正面。
5160865411892972,Fairy小晴子,感谢分享，晚上好呀,Wed Apr 30 19:33:26 +0800 2025,感谢分享 晚上好呀,感谢 分享,1,该评论使用了“感谢分享”表达感激之情，并以“晚上好呀”传递友好问候，整体语气礼貌且积极，体现了对分享者的认可与善意互动。
5160865411892972,罗文清forever,太精彩了，喜欢看[嘻嘻],Wed Apr 30 19:29:06 +0800 2025,太精彩了 喜欢看,太精彩 喜欢,1,评论中使用了“太精彩了”和“喜欢看”等直接表达喜爱和赞赏的积极词汇，明确传达了观看后的愉悦和满意情绪，整体情感倾向非常积极正面。
5160865411892972,最爱玉萌萌撒娇,周三愉快🌸感谢分享！,Wed Apr 30 19:18:33 +0800 2025,周三愉快 感谢分享,周三 愉快 感谢 分享,1,该评论使用了“愉快”、“感谢分享”等礼貌和积极的词汇，表达了对分享者的友好问候和感激之情，整体情感倾向为正面。
5160865411892972,营业红眼班_Casting,晚上好呀,Wed Apr 30 19:22:19 +0800 2025,晚上好呀,,0,该评论仅为日常问候语“晚上好呀”，没有表达具体的情感倾向或态度，属于中性社交用语，不包含明显的积极或消极情绪。
5160865411892972,早睡早起身体好的虫虫,内容精彩，谢谢分享[给你小心心],Wed Apr 30 19:16:08 +0800 2025,内容精彩 谢谢分享,内容 精彩 谢谢 分享,1,评论中使用了“精彩”这一积极词汇表达对内容的肯定，同时“谢谢分享”体现了感激和认可的态度，整体情感倾向为正面。
5160865411892972,悬浮胶片,💜晚上好啊宝,Wed Apr 30 19:28:43 +0800 2025,晚上好啊宝,,1,"该评论使用了""晚上好啊宝""这样亲切友好的问候语，""宝""作为网络昵称带有亲昵和喜爱的情感色彩，表达了对对方的关心和友好态度，整体情感倾向为正面。"
5160865411892972,憨憨的一朵菌子,下午好🎈周三愉快,Wed Apr 30 19:14:20 +0800 2025,下午好 周三愉快,周三 愉快,0,该评论仅包含日常问候语“下午好”和“周三愉快”，属于礼貌性表达，没有涉及具体情感评价或态度倾向，因此情感倾向为中性。
5160865411892972,喵里喵Original,感谢科普，不错[可爱][可爱][可爱],Wed Apr 30 18:47:34 +0800 2025,感谢科普 不错,感谢 科普 不错,1,"评论中使用了""感谢""和""不错""等积极词汇，表达了对科普内容的认可和赞赏，整体情感倾向为正面。"
5160865411892972,Re7ttvA_,晚上好啊,Wed Apr 30 18:24:32 +0800 2025,晚上好啊,,0,该评论只是简单的问候语“晚上好啊”，没有表达任何具体的情感倾向或评价内容，属于日常交流中的中性表达。
5160865411892972,月老牵线元宵,下午好吖,Wed Apr 30 18:26:44 +0800 2025,下午好吖,,0,该评论仅为日常问候语“下午好吖”，语气友好但未表达具体观点或评价，没有明显的积极或消极情感倾向，属于中性表达。
5160865411892972,漫羊羊R,感谢分享精彩内容，辛苦了！,Wed Apr 30 18:07:47 +0800 2025,感谢分享精彩内容 辛苦了,感谢 分享 精彩内容 辛苦,1,该评论使用了“感谢分享”、“精彩内容”、“辛苦了”等积极词汇，表达了对分享者的感激和对内容的认可，整体情感倾向为正面。
5160865411892972,墨羽轻流年-,下午好呀[打call],Wed Apr 30 17:43:43 +0800 2025,下午好呀,,0,该评论为日常问候语“下午好呀”，属于礼貌性打招呼，没有表达明显的积极或消极情绪，也未涉及具体评价内容，因此情感倾向为中性。
5160865411892972,夏说,下午好呀[羞嗒嗒],Wed Apr 30 18:24:15 +0800 2025,下午好呀,,0,该评论仅是一个日常问候语“下午好呀”，没有表达任何具体观点或情感倾向，属于中性社交用语，既不包含积极评价也不含消极情绪。
5160865411892972,吃屋边草的兔子,下午好，感谢分享[心],Wed Apr 30 17:34:40 +0800 2025,下午好 感谢分享,感谢 分享,0,该评论仅包含日常问候和感谢分享的礼貌性表达，没有明显的积极或消极情感词汇，属于中性社交互动，不涉及具体情感倾向。
5160865411892972,来给你加个祝福,表现很出色！💯,Wed Apr 30 17:18:10 +0800 2025,表现很出色,表现 出色,1,该评论使用了“很出色”这一明确积极的评价词汇，直接表达了对表现的高度认可和赞赏，整体情感倾向明显为正面。
5160531872450755,小姨点子多,写的好棒啊[鼓掌],Tue Apr 29 20:11:51 +0800 2025,写的好棒啊,,1,评论中使用了“好棒啊”这一明确的赞美性表达，直接表达了对作品内容的强烈赞赏和喜爱，情感倾向非常积极正面。
5160531872450755,王裕雅沙龙,地铁酷跑很好玩呢,Tue Apr 29 20:02:23 +0800 2025,地铁酷跑很好玩呢,地铁 酷跑 好玩,1,评论中使用了“很好玩”这一明确的积极评价词汇，直接表达了对“地铁酷跑”游戏的喜爱和肯定，整体情感倾向清晰为正面。
5160531872450755,贵妇十三姨,感谢分享，写的真棒,Tue Apr 29 19:57:08 +0800 2025,感谢分享 写的真棒,感谢 分享 真棒,1,该评论使用了“感谢分享”、“真棒”等积极词汇，表达了对分享内容的认可和赞赏，整体情感倾向为正面。
5160531872450755,柠檬糖然然,谢谢博主的分享呀～,Tue Apr 29 19:59:16 +0800 2025,谢谢博主的分享呀,谢谢 博主 分享,1,评论使用了“谢谢”表达感激之情，配合“呀”的语气词显得亲切友好，整体表达了对博主分享内容的认可和感谢，情感倾向明显为正面。
5160531872450755,霍时尚,感谢分享[哇][哇],Tue Apr 29 19:57:05 +0800 2025,感谢分享,感谢 分享,1,该评论使用了“感谢”这一礼貌用语，表达了对分享行为的感激和认可，体现了积极的互动态度，整体情感倾向为正面。
5160531872450755,花盖冻梨有点酸,下午好啊,Tue Apr 29 19:34:07 +0800 2025,下午好啊,,0,该评论仅是一句日常问候语“下午好啊”，没有表达任何具体观点或情绪，既无积极词汇也无消极词汇，属于中性表达。
5160531872450755,畅玩体,感谢分享🌷,Tue Apr 29 19:55:38 +0800 2025,感谢分享,感谢 分享,1,该评论使用了“感谢”这一积极词汇，表达了对分享行为的认可和感激之情，体现了友善和支持的态度，整体情感倾向为正面。
5160531872450755,戏精小喵,感谢分享,Tue Apr 29 18:29:43 +0800 2025,感谢分享,感谢 分享,1,该评论使用了“感谢”这一积极词汇，表达了对分享行为的认可和感激之情，体现了友善和支持的态度，整体情感倾向为正面。
5160531872450755,万事兴隆龙,看起来太好玩了[打call],Tue Apr 29 19:48:51 +0800 2025,看起来太好玩了,看起来 好玩,1,评论中使用了“太好玩了”这一强烈表达喜爱和兴趣的词汇，直接传递出对内容或体验的积极评价和期待，整体情感倾向明确为正面。
5160531872450755,电竞大舅哥,傍晚好呀[太开心],Tue Apr 29 18:07:58 +0800 2025,傍晚好呀,傍晚,0,"该评论为日常问候语""傍晚好呀""，属于礼貌性问候，没有表达明显的情感倾向或评价内容，因此情感倾向为中性。"
5160531872450755,故里春三月,又看到你了，点赞,Tue Apr 29 18:12:18 +0800 2025,又看到你了 点赞,看到 点赞,1,评论中“又看到你了”表达了对对方的熟悉和关注，“点赞”是积极的互动行为，表明支持和认可，整体传递出友好的情感倾向。
5160531872450755,薯片刺客指挥官,游戏好好玩啊,Tue Apr 29 17:58:27 +0800 2025,游戏好好玩啊,游戏 好玩,1,该评论直接使用了“好好玩”这一积极表达，明确传达了对游戏的喜爱和享受，整体情感倾向明显为正面。
5160531872450755,仙雾萦绕元宵,下午好呀,Tue Apr 29 18:04:01 +0800 2025,下午好呀,,0,该评论为日常问候语“下午好呀”，仅表达礼貌性问候，未包含明显的情感倾向或评价性词汇，属于中性表达。
5160531872450755,吃屋边草的兔子,下午好！感谢分享,Tue Apr 29 17:54:31 +0800 2025,下午好 感谢分享,感谢 分享,0,该评论仅包含礼貌性问候和感谢，如“下午好”和“感谢分享”，没有表达明确的情感倾向或评价内容，属于中性表达。
5160531872450755,漫羊羊R,感谢分享精彩内容，辛苦了！,Tue Apr 29 17:39:15 +0800 2025,感谢分享精彩内容 辛苦了,感谢 分享 精彩内容 辛苦,1,评论中使用了“感谢分享”和“辛苦了”等礼貌用语，表达了对分享者的感激和对其付出的认可，整体情感倾向积极正面。
5160531872450755,我是庆王爷,谢谢博主分享！,Tue Apr 29 17:35:04 +0800 2025,谢谢博主分享,谢谢 博主 分享,1,该评论使用了“谢谢”这一礼貌用语，表达了对博主的感谢和认可，体现了积极友好的互动态度，整体情感倾向为正面。
5160531872450755,娱情小幺-,快来玩吧[彩虹屁][彩虹屁],Tue Apr 29 17:34:47 +0800 2025,快来玩吧,玩吧,1,评论使用了“快来玩吧”这一积极邀请的表达方式，带有明显的鼓励和期待意味，整体情感倾向为正面。
5160177708307734,上海-细雨,跟着地铁酷跑起来！,Mon Apr 28 21:48:04 +0800 2025,跟着地铁酷跑起来,跟着 地铁 酷跑 起来,1,该评论使用了“酷跑起来”等积极词汇，表达了对活动的参与热情和兴奋感，整体情感倾向为正面。
5160177708307734,落叶霜花梦,晚上好啊[哇],Mon Apr 28 19:37:46 +0800 2025,晚上好啊,,0,该评论仅为日常问候语“晚上好啊”，没有表达对特定事物或内容的评价，也没有使用明显的情感词汇，属于中性表达。
5160531872450755,耶爷嘢业,下午好呀,Tue Apr 29 17:33:59 +0800 2025,下午好呀,,0,该评论只是简单的问候语“下午好呀”，属于日常礼貌性表达，没有涉及任何评价性内容或情感词汇，因此整体情感倾向为中性。
5160177708307734,悬浮胶片,真的是太棒啦[干饭人],Mon Apr 28 19:24:59 +0800 2025,真的是太棒啦,太棒,1,"评论使用了""太棒啦""这一带有强烈积极情感的感叹表达，直接传达了高度的满意和赞赏情绪，整体情感倾向明显为正面。"
5160177708307734,来给你加个祝福,有很大的潜力💪,Mon Apr 28 19:16:04 +0800 2025,有很大的潜力,很大 潜力,1,评论中“很大的潜力”表达了对未来发展的积极预期和认可，暗示了乐观态度和期待，整体情感倾向为正面。
5160177708307734,桃花游戏君,下午好呀,Mon Apr 28 19:36:35 +0800 2025,下午好呀,,0,该评论为日常问候语“下午好呀”，属于礼貌性寒暄，没有表达明显的情感倾向或评价性内容，因此情感倾向为中性。
5160177708307734,裁予木兆,晚上好呀,Mon Apr 28 18:39:17 +0800 2025,晚上好呀,,0,该评论只是简单的问候语“晚上好呀”，没有表达任何具体的情感倾向或评价内容，属于日常社交中的中性表达。
5160177708307734,甜一石榴,晚上好啊,Mon Apr 28 18:50:27 +0800 2025,晚上好啊,,0,该评论仅为日常问候语“晚上好啊”，没有表达任何明确的情感倾向或评价内容，属于中性表达。
5160531872450755,妮说体育,感谢分享,Tue Apr 29 17:32:40 +0800 2025,感谢分享,感谢 分享,1,"该评论使用了""感谢""这一积极词汇，表达了对分享行为的认可和感激之情，体现了友好的互动态度，整体情感倾向为正面。"
5160177708307734,营业红眼班_Casting,晚上好呀好呀,Mon Apr 28 19:03:27 +0800 2025,晚上好呀好呀,,1,该评论使用了“晚上好呀好呀”这样热情友好的问候语，重复的“呀”字增强了亲切和愉悦的语气，表达出积极、友善的情感倾向，整体氛围轻松愉快。
5160177708307734,憨憨的一朵菌子,下午好 🎈新周愉快,Mon Apr 28 18:18:32 +0800 2025,下午好 新周愉快,新周 愉快,0,该评论为日常问候语，仅表达对时间节点的关注和礼貌性祝愿，未包含明显的情感倾向或评价性内容，属于中性表达。
5160177708307734,eva-yangyang,好玩好好玩,Mon Apr 28 18:21:29 +0800 2025,好玩好好玩,好玩 好玩,1,该评论重复使用“好玩”这一积极词汇，通过叠词形式强化了愉悦和喜爱的情感表达，体现了对游戏或体验的高度认可和满足感。
5160177708307734,桔梗篇章,博文内容很不错,Mon Apr 28 18:16:36 +0800 2025,博文内容很不错,博文 内容 不错,1,该评论使用了“很不错”这一积极评价词汇，直接表达了对博文内容的肯定和赞赏，整体情感倾向明确为正面。
5160177708307734,Re7ttvA_,晚上好啊[送花花],Mon Apr 28 18:18:02 +0800 2025,晚上好啊,,0,该评论只是简单的问候语“晚上好啊”，没有表达任何明确的情感倾向或评价内容，属于日常交流中的中性表达。
5160177708307734,玟玟佳,真的挺不错的,Mon Apr 28 18:15:53 +0800 2025,真的挺不错的,挺不错,1,评论中使用了“真的挺不错的”这一明确肯定表达，直接传递出积极评价和满意态度，整体情感倾向为正面。
5160177708307734,花盖冻梨有点酸,下午好啊,Mon Apr 28 18:03:53 +0800 2025,下午好啊,,0,该评论仅为日常问候语“下午好啊”，没有表达明确的情感倾向或评价内容，属于中性表达。
5160177708307734,漫羊羊R,不错不错,Mon Apr 28 17:53:38 +0800 2025,不错不错,不错 不错,1,该评论使用了重复的“不错不错”表达肯定和赞赏，这种叠词形式增强了积极情感的强度，体现了对内容或事物的满意态度，整体情感倾向明显为正面。
5160177708307734,早睡早起身体好的虫虫,好棒好棒，感谢分享[鲜花],Mon Apr 28 18:08:12 +0800 2025,好棒好棒 感谢分享,感谢 分享,1,该评论使用了“好棒好棒”等重复的积极词汇表达强烈赞赏，并直接表达“感谢分享”的感激之情，整体情感明显积极正面。
5160177708307734,郁甜音色,下午好啊,Mon Apr 28 17:38:58 +0800 2025,下午好啊,,0,该评论仅为日常问候语“下午好啊”，没有表达任何具体的情感倾向或评价内容，属于中性表达。
5160177708307734,黎DREAM黎,晚上好呀,Mon Apr 28 17:20:44 +0800 2025,晚上好呀,,0,该评论仅为日常问候语“晚上好呀”，没有表达明确的情感倾向或评价内容，属于中性社交用语。
5160177708307734,体圈领路人,一起努力啊！！！！！！😂😁😁！！,Mon Apr 28 17:46:48 +0800 2025,一起努力啊,一起 努力,1,该评论使用了“一起努力啊”这样积极鼓励的词汇，表达了团结协作、共同进步的正面意愿，整体情感倾向为正面。
5160177708307734,琳琳lyly,下午好啊,Mon Apr 28 17:53:17 +0800 2025,下午好啊,,0,该评论仅为日常问候语“下午好啊”，没有表达任何积极或消极的情感色彩，也没有涉及具体评价内容，属于中性表达。
5160170271802755,王裕雅沙龙,地铁酷跑游戏攻略[good],Mon Apr 28 22:51:19 +0800 2025,地铁酷跑游戏攻略,地铁 酷跑 游戏 攻略,0,该评论仅提及游戏攻略这一中性话题，未使用任何情感色彩强烈的词汇，也未表达个人喜好或评价，属于客观陈述性质的内容。
5160170271802755,是旺旺88呀,这游戏不错[good][good],Mon Apr 28 22:06:46 +0800 2025,这游戏不错,游戏 不错,1,该评论直接使用“不错”这一明确褒义词，表达了对游戏的肯定和认可，整体情感倾向为正面。
5160170271802755,体界风云,晚上好呀,Mon Apr 28 19:08:02 +0800 2025,晚上好呀,,0,该评论仅为日常问候语“晚上好呀”，没有表达对任何事物的评价或情感倾向，属于中性表达。
5160170271802755,花盖冻梨有点酸,下午好啊,Mon Apr 28 19:42:43 +0800 2025,下午好啊,,0,该评论只是简单的日常问候语“下午好啊”，没有表达任何明显的情感倾向或评价性内容，属于中性表达。
5160170271802755,万事兴隆龙,看起来好好玩,Mon Apr 28 19:36:05 +0800 2025,看起来好好玩,看起来 好玩,1,"评论中使用了""好好玩""这一积极词汇，直接表达了对内容的喜爱和兴趣，整体情感倾向明显为正面。"
5160170271802755,天外天养乐多,一起玩游戏,Mon Apr 28 18:56:56 +0800 2025,一起玩游戏,一起 玩游戏,0,该评论仅陈述“一起玩游戏”这一事实，没有使用任何情感色彩强烈的词汇，也没有表达明确的喜好或态度，属于中性陈述。
5160170271802755,Trish-芷妗,下午好呀,Mon Apr 28 18:59:42 +0800 2025,下午好呀,,0,该评论仅是一句日常问候语“下午好呀”，没有表达任何积极或消极的情感倾向，也没有涉及对特定事物的评价，属于中性表达。
5160170271802755,蕈煜嘉兰海,感谢分享,Mon Apr 28 18:48:45 +0800 2025,感谢分享,感谢 分享,1,该评论使用了“感谢”这一积极词汇，表达了对分享行为的认可和感激之情，体现了友好的互动态度，整体情感倾向为正面。
5160170271802755,体圈蜜蜂,晚上好呀,Mon Apr 28 18:46:51 +0800 2025,晚上好呀,,0,该评论仅包含日常问候语“晚上好呀”，没有表达任何具体的情感倾向或评价内容，属于中性社交用语。
5160170271802755,糯米面团元宵,下午好啊,Mon Apr 28 18:48:50 +0800 2025,下午好啊,,0,该评论只是简单的日常问候语“下午好啊”，没有表达任何明显的情感倾向或评价性内容，属于中性表达。
5160170271802755,电竞大舅哥,晚上好呀[春游家族],Mon Apr 28 18:45:09 +0800 2025,晚上好呀,,0,该评论仅包含日常问候语“晚上好呀”，没有表达任何明确的情感倾向或评价性内容，属于中性社交用语，不带有积极或消极的情感色彩。
5160170271802755,Danran02,多谢科普！,Mon Apr 28 18:43:43 +0800 2025,多谢科普,多谢 科普,1,评论中“多谢”表达了感谢和认可的态度，结合“科普”一词，体现出对信息分享的积极反馈，整体情感倾向为正面。
5160170271802755,娱情小幺-,非常好玩[打call],Mon Apr 28 18:43:51 +0800 2025,非常好玩,好玩,1,"评论中使用了""非常""这一强调程度的副词和""好玩""这一积极评价词汇，直接表达了强烈的喜爱和满意之情，整体情感倾向明显为正面。"
5160170271802755,轻风伴蝉鸣,好厉害啊,Mon Apr 28 18:42:55 +0800 2025,好厉害啊,厉害,1,评论中使用了“好厉害啊”这一表达赞叹的积极词汇，直接表达了对事物的高度认可和钦佩，整体情感倾向明显为正面。
5160170271802755,一份篮球,谢谢分享,Mon Apr 28 18:40:33 +0800 2025,谢谢分享,谢谢 分享,1,该评论使用了“谢谢分享”这一礼貌用语，表达了对分享行为的感谢与认可，体现了积极的互动态度，整体情感倾向为正面。
5160170271802755,喵星人Henry,真好玩啊[爱慕][爱慕],Mon Apr 28 18:17:03 +0800 2025,真好玩啊,真好玩,1,"该评论使用了""真好玩""这一积极表达，直接表达了用户对游戏或体验的喜爱和满意，整体情感倾向明显为正面。"
5160170271802755,张白胖,晚上好哇😁,Mon Apr 28 18:26:17 +0800 2025,晚上好哇,好哇,0,该评论只是简单的问候语“晚上好哇”，属于日常社交用语，没有表达任何具体的情感倾向或评价内容，因此情感倾向为中性。
5160170271802755,小姨点子多,真的好好呀[鼓掌],Mon Apr 28 17:59:50 +0800 2025,真的好好呀,好好,1,"评论中使用了""真的好好呀""这样带有强烈积极情感的感叹表达，直接传达出对事物的高度认可和喜爱，整体情感倾向明显为正面。"
5160170271802755,月老牵线元宵,下午好吖,Mon Apr 28 18:01:21 +0800 2025,下午好吖,,0,该评论为日常问候语“下午好吖”，语气友好但仅表达问候意图，未涉及对具体事物或事件的评价，没有明显的积极或消极情感倾向，属于中性表达。
5159285635157114,冬呱馅儿的小小酥,@决战平安京 你一声令下我愿意拥护你为大哥,Fri Apr 25 19:06:47 +0800 2025,你一声令下我愿意拥护你为大哥,一声令下 愿意 拥护 大哥,1,该评论表达了强烈的拥护和支持意愿，“一声令下”和“愿意拥护”等词语体现了对对象的信任与追随，整体情感积极且充满忠诚感。
5159285635157114,糯米观观,本家主美真的审美太差……现在的稿子放开服那段时间一个都过不了,Sat Apr 26 11:22:36 +0800 2025,本家主美真的审美太差 现在的稿子放开服那段时间一个都过不了,家主 审美 现在 稿子 放开 段时间 不了,-1,该评论直接批评主美“审美太差”，并通过对比“放开服那段时间一个都过不了”表达对当前稿子的强烈不满和失望，带有明显的贬低和否定情绪，整体情感倾向为负面。
5159285635157114,喵九点澄,@网易阴阳师手游 你的美术现在真的好垃圾[憧憬],Fri Apr 25 14:11:48 +0800 2025,你的美术现在真的好垃圾,美术 现在 垃圾,-1,评论中使用了“好垃圾”这一带有强烈贬义和批评意味的词汇，直接且明确地表达了对美术质量的极度不满和否定，整体情感倾向为负面。
5159285635157114,岚莓味芒果,往好处想，到时候搬过来可以花的少点甚至不花[干饭人],Fri Apr 25 12:20:29 +0800 2025,往好处想 到时候搬过来可以花的少点甚至不花,好处 到时候 过来 少点 不花,1,评论中“往好处想”表达了积极乐观的态度，而“花的少点甚至不花”暗示了潜在的经济节省或收益，整体传递出对未来的期待和正面预期。
5159285635157114,今天是个快乐b,没对比没伤害@网易阴阳师手游,Fri Apr 25 13:48:42 +0800 2025,没对比没伤害,对比 伤害,-1,该评论通过“没对比没伤害”这一网络用语，暗示了在比较之下产生了负面感受或结果，通常用于表达失望、不满或批评，整体情感倾向为负面。
5159285635157114,观鹤盈川,点了,Sat Apr 26 09:32:42 +0800 2025,点了,,0,该评论仅包含“点了”这一简单动作描述，没有表达明确的情感倾向，既无积极词汇也无消极词汇，属于中性表达。
5159285635157114,音丨HAT丶尤卿,确实是平安京那边的皮肤精细度很高，阴阳师这把的皮肤真是一言难尽[允悲]也不知道那么多钱都去哪了，都谁贪了,Sat Apr 26 10:09:12 +0800 2025,确实是平安京那边的皮肤精细度很高 阴阳师这把的皮肤真是一言难尽也不知道那么多钱都去哪了 都谁贪了,确实 平安 皮肤 精细 阴阳师 皮肤 真是 一言难尽 知道 多钱,-1,该评论通过对比平安京皮肤精细度，批评阴阳师皮肤质量差，并使用“一言难尽”、“钱都去哪了”、“谁贪了”等负面表述，表达了对游戏公司资金使用和皮肤制作的不满与质疑，整体情感倾向为负面。
5159285635157114,琔璲瑚,而且都是苗疆，你狐的银丝奶罩真的是。。。。。,Fri Apr 25 14:29:11 +0800 2025,而且都是苗疆 你狐的银丝奶罩真的是,苗疆 你狐 银丝 奶罩,0,该评论主要描述角色服饰特征（苗疆风格、银丝奶罩），属于客观描述性内容，未使用明显情感倾向词汇，也未表达明确褒贬态度，因此情感倾向为中性。
5159285635157114,人生就像狗屎一样没有钱也没有爱,现在设计的这些丑东西搬去扒鸡都显得突兀,Mon Apr 28 03:52:45 +0800 2025,现在设计的这些丑东西搬去扒鸡都显得突兀,现在 设计 东西 扒鸡 显得 突兀,-1,该评论使用了“丑东西”、“突兀”等贬义词汇，直接表达了对当前设计的不满和批评，认为其质量低下甚至不适合其他游戏场景，整体情感倾向明显为负面。
5159285635157114,我又怎么你们了呢,而且阴阳师流水比平安京高[傻眼],Fri Apr 25 18:44:05 +0800 2025,而且阴阳师流水比平安京高,阴阳师 流水 平安 京高,0,该评论仅陈述了“阴阳师流水比平安京高”这一事实性信息，没有使用明显的情感词汇或表达个人态度，属于客观比较，因此情感倾向为中性。
5159285635157114,随便取个名字都这么酷,点了....你阴搬运有时候还会货不对板 质量下降,Sat Apr 26 08:57:51 +0800 2025,点了 你阴搬运有时候还会货不对板 质量下降,搬运 有时候 还会货 质量 下降,-1,评论中使用了“货不对板”、“质量下降”等负面词汇，直接批评搬运内容的质量问题，表达了对服务或产品的不满和失望，整体情感倾向为负面。
5159285635157114,还不退坑,红叶那裙子丑到找不到词来形容[允悲],Sun May 11 12:40:39 +0800 2025,红叶那裙子丑到找不到词来形容,红叶 裙子 丑到 不到 词来 形容,-1,该评论直接使用“丑到找不到词来形容”的强烈贬义表达，明确表达了对红叶裙子的极度不满和厌恶，带有明显的负面情绪和批评态度。
5159285635157114,与声声入耳,点了,Wed Apr 30 09:12:02 +0800 2025,点了,,0,该评论仅包含“点了”这一简短表述，通常用于表示确认或赞同，但缺乏具体情感色彩，没有明显的积极或消极情绪表达，因此判断为中性情感。
5159285635157114,一叶子啾啾,最支持二弟搬运的一集[可怜],Sun May 11 11:59:01 +0800 2025,最支持二弟搬运的一集,支持 二弟 搬运 一集,1,评论中“最支持”表达了明确的赞同态度，“二弟搬运”可能指代某个具体内容或创作者，整体语气积极且带有鼓励意味，体现了对相关行为的认可和支持。
5159285635157114,那咋了我就这样那咋了,点了,Sat Apr 26 09:30:42 +0800 2025,点了,,0,该评论仅包含“点了”这一简单动作描述，未表达明确的情感态度或价值判断，属于中性陈述，没有明显的情感倾向。
5159285635157114,落下一片羽,扒鸡的鬼市系列真的美到心坎儿上了[爱你][爱你],Sat Apr 26 08:47:26 +0800 2025,扒鸡的鬼市系列真的美到心坎儿上了,扒鸡 鬼市 系列 美到 坎儿,1,"评论中使用了""美到心坎儿上了""这样强烈的赞美表达，体现了对鬼市系列的高度喜爱和情感共鸣，整体情感倾向明显为正面。"
5159285635157114,西西里卷饼,惨不忍睹,Fri Apr 25 13:42:54 +0800 2025,惨不忍睹,惨不忍睹,-1,该评论使用了“惨不忍睹”这一成语，形容事物糟糕到令人不忍直视的程度，带有强烈的贬义和失望情绪，表达了对所评价内容的极度不满和批评。
5159098677462371,圣地河谷管委会,欢迎大家到金延安旅游度假区游玩[打call],Mon Apr 28 11:22:39 +0800 2025,欢迎大家到金延安旅游度假区游玩,欢迎 大家 延安 旅游 度假区 游玩,1,该评论使用了“欢迎”这一积极词汇，表达了对游客的热情邀请和友好态度，整体情感倾向为正面。
5159098677462371,哥哥帅到掉渣喔,黄河壶口瀑布与金延安双城联动，让您的微度假旅程充满无尽惊喜与震撼感官的欢乐。,Thu Apr 24 23:51:06 +0800 2025,黄河壶口瀑布与金延安双城联动 让您的微度假旅程充满无尽惊喜与震撼感官的欢乐,黄河壶口瀑布 延安 双城 联动 度假 旅程 充满 无尽 惊喜 震撼 感官 欢乐,1,该评论使用了“充满无尽惊喜”、“震撼感官的欢乐”等积极词汇，表达了对双城联动活动的期待与赞美，整体情感倾向明显为正面。
5159650586266923,鴉鶻,神女啊,Mon Apr 28 22:38:58 +0800 2025,神女啊,神女,0,该评论仅包含“神女啊”这一简短称呼，未表达明确的情感倾向或评价性内容，缺乏积极或消极的词汇，因此整体情感倾向为中性。
5159098677462371,兰州微播,五一延安游人如织，红色文化魅力足，革命精神永传承。,Thu Apr 24 23:27:54 +0800 2025,五一延安游人如织 红色文化魅力足 革命精神永传承,五一 延安 游人如织 红色 文化 魅力 革命 精神 传承,1,评论中使用了“游人如织”、“魅力足”、“永传承”等积极词汇，表达了对延安红色文化吸引力和革命精神传承的肯定与赞扬，整体情感倾向明显为正面。
5159650586266923,评论少萝伯特,秒了,Sat Apr 26 12:53:14 +0800 2025,秒了,,0,该评论仅包含“秒了”这一简短表述，通常表示快速完成或结束某事，但缺乏具体语境和情感色彩，无法明确判断其积极或消极态度，因此整体情感倾向为中性。
5159098677462371,A-LingRui,黄河之畔，感受红色力量，延安之旅让人热血沸腾！,Thu Apr 24 23:51:05 +0800 2025,黄河之畔 感受红色力量 延安之旅让人热血沸腾,黄河 之畔 感受 红色 力量 延安 旅让 热血沸腾,1,评论中“感受红色力量”、“热血沸腾”等词语充满积极情感，表达了对延安之旅的深刻认同和高度赞扬，整体情感倾向明显为正面。
5159098677462371,啊朱吖_,RB双城数学 erupt，黄UI灵动自然，金延安与黄河壶口瀑布双城ison Assert，成就多元、文化是最好的选择，金延安非遗华北千年，DE成绩的双赢，黄UI自然的奇观李白，ral的科技美学，DP的历史 kernel举办， Concept与RLAB韵味交融，文艺不仅是明理的交响，RB apparel的 Global!ness 则是永恒的蒸发。,Thu Apr 24 23:51:10 +0800 2025,RB双城数学 erupt 黄UI灵动自然 金延安与黄河壶口瀑布双城ison Assert 成就多元 文化是最好的选择 金延安非遗华北千年 DE成绩的双赢 黄UI自然的奇观李白 ral的科技美学 DP的历史 kernel举办 Concept与RLAB韵味交融 文艺不仅是明理的交响 RB apparel的 Global ness 则是永恒的蒸发,RB 双城 数学 erupt UI 灵动 自然 延安 黄河壶口瀑布 双城 ison Assert 成就 多元 文化 最好 选择 延安 非遗 华北 千年 DE 成绩 双赢 UI 自然 奇观 李白 ral 科技 美学 DP 历史 kernel 举办 Concept RLAB 韵味 交融 文艺 明理 交响 RB apparel Global ness 永恒 蒸发,0,该评论主要由专业术语和抽象概念组成，如“文化是最好的选择”、“双赢”、“科技美学”等，缺乏明确的情感表达词汇。内容偏向描述性陈述，未体现个人喜好或批判态度，因此整体情感倾向为中性。
5159098677462371,她在哪-我在哪,黄河壶口瀑布与金延安双城联动，不仅让游客领略了祖国的大好河山，更让我们感受到了革命精神的传承与发扬。,Thu Apr 24 23:51:00 +0800 2025,黄河壶口瀑布与金延安双城联动 不仅让游客领略了祖国的大好河山 更让我们感受到了革命精神的传承与发扬,黄河壶口瀑布 延安 双城 联动 游客 领略 祖国 大好河山 感受 革命 精神 传承 发扬,1,该评论使用了“大好河山”、“革命精神的传承与发扬”等积极正面的词汇，表达了对联动活动的高度认可和赞美，整体情感倾向为正面。
5159098677462371,白鹭伊梦,一系列精彩的活动不仅让人暂停脚步，感受红色历史的温度，同时也留给他们更深入探索延安文化的机会。,Thu Apr 24 23:51:04 +0800 2025,一系列精彩的活动不仅让人暂停脚步 感受红色历史的温度 同时也留给他们更深入探索延安文化的机会,一系列 精彩 活动 暂停 脚步 感受 红色 历史 温度 留给 深入 探索 延安 文化 机会,1,评论中使用了“精彩的活动”、“感受红色历史的温度”、“深入探索”等积极词汇，表达了对活动内容和文化体验的赞赏与肯定，整体情感倾向为正面。
5159098677462371,Chok一Mr智健,黄河壶口瀑布与金延安联手，共绘文旅新传奇，诚邀您亲身体验，感悟历史深度与自然美景交织的魅力。,Thu Apr 24 23:52:43 +0800 2025,黄河壶口瀑布与金延安联手 共绘文旅新传奇 诚邀您亲身体验 感悟历史深度与自然美景交织的魅力,黄河壶口瀑布 延安 联手 共绘文 旅新 传奇 诚邀 亲身 体验 感悟 历史 深度 自然 美景 交织 魅力,1,该评论使用了“共绘文旅新传奇”、“亲身体验”、“魅力”等积极词汇，表达了对黄河壶口瀑布与金延安联手的文旅项目的赞赏与期待，整体情感倾向为正面。
5159098677462371,机智的哦呵呵,五一假期，金延安探秘革命精神，黄河边赏壮观瀑布，文化科技深度融合，值得一游！,Thu Apr 24 23:50:42 +0800 2025,五一假期 金延安探秘革命精神 黄河边赏壮观瀑布 文化科技深度融合 值得一游,五一 假期 延安 探秘 革命 精神 黄河 边赏 壮观 瀑布 文化 科技 深度 融合 值得 一游,1,评论中使用了“探秘革命精神”、“壮观瀑布”、“文化科技深度融合”、“值得一游”等积极词汇，表达了对景点体验的赞赏和推荐，整体情感倾向明显为正面。
5159098677462371,Bn嗯呢,延安文旅盛宴，黄河壶口瀑布壮美，红色之旅启程，感受非遗魅力，尽享科技之美！,Thu Apr 24 23:50:53 +0800 2025,延安文旅盛宴 黄河壶口瀑布壮美 红色之旅启程 感受非遗魅力 尽享科技之美,延安 文旅 盛宴 黄河壶口瀑布 壮美 红色 之旅 启程 感受 非遗 魅力 尽享 科技 之美,1,评论中使用了“盛宴”、“壮美”、“魅力”、“尽享”等一系列积极词汇，描绘了延安文旅的丰富体验和黄河壶口瀑布的壮观景象，整体表达了对旅游资源和活动的赞美与期待，情感倾向明显为正面。
5159098677462371,SaiMacgregor_830,時期，延安红色文化传承入内，千年古建筑无遗落，早在春季涼风起时，黄河壶口瀑布凭空起ynthia云雾，金延安双城Under the Winspring。,Thu Apr 24 23:50:36 +0800 2025,時期 延安红色文化传承入内 千年古建筑无遗落 早在春季涼风起时 黄河壶口瀑布凭空起ynthia云雾 金延安双城Under the Winspring,時期 延安 红色 文化 传承 入内 千年 古建筑 遗落 春季 涼风 起时 黄河壶口瀑布 凭空 ynthia 云雾 延安 双城 Under the Winspring,1,评论通过描绘延安红色文化传承、古建筑保护以及黄河壶口瀑布等自然景观，使用了“无遗落”、“云雾”等诗意词汇，整体表达了对文化传承和自然风光的赞美与欣赏，情感倾向积极正面。
5159098677462371,阿钱不爱吃鱼,五一延安之旅，红色文化与现代科技交织，黄河奇观、非遗盛宴，不负期待！,Thu Apr 24 23:50:19 +0800 2025,五一延安之旅 红色文化与现代科技交织 黄河奇观 非遗盛宴 不负期待,五一 延安 之旅 红色 文化 现代科技 交织 黄河 奇观 非遗 盛宴 不负 期待,1,评论中使用了“交织”、“奇观”、“盛宴”、“不负期待”等积极词汇，表达了对延安之旅中红色文化、现代科技、黄河景观及非遗体验的赞赏与满足，整体情感倾向为正面。
5159098677462371,国外有光的小伙伴,延安五一游，红色之旅新体验，少儿不宜。,Thu Apr 24 23:50:23 +0800 2025,延安五一游 红色之旅新体验 少儿不宜,延安 五一 红色 之旅 新体验 少儿不宜,-1,评论中“少儿不宜”一词带有明显的负面暗示，通常用于表示内容不适合未成年人观看或参与，这暗示了对“红色之旅新体验”的批评或讽刺，整体情感倾向为负面。
5159098677462371,空白又单色,重温历史，感受非遗魅力，五一延安之旅值得期待。,Thu Apr 24 23:50:10 +0800 2025,重温历史 感受非遗魅力 五一延安之旅值得期待,重温 历史 感受 非遗 魅力 五一 延安 之旅 值得 期待,1,该评论使用了“重温历史”、“感受非遗魅力”、“值得期待”等积极词汇，表达了对延安五一之旅的期待和赞赏，整体情感倾向明显为正面。
5159098677462371,都市都市888,山河交相辉映，山水共长天地太酷了,Thu Apr 24 23:50:20 +0800 2025,山河交相辉映 山水共长天地太酷了,山河 交相辉映 山水 共长 天地 太酷,1,评论中使用了“交相辉映”、“共长天地”、“太酷了”等积极词汇，描绘了山河壮丽的景象，并表达了强烈的赞美和兴奋之情，整体情感倾向明显为正面。
5159098677462371,宝贝女人哇,壶口欢腾金延安溢彩对准时，瀑布时光与记忆漂流轻移一步，科技美学看古迹新建，非遗奇品展热闹非凡，一条生态长廊，一幅红审光影画卷，犹如跨越时空的人文契斯集。,Thu Apr 24 23:50:36 +0800 2025,壶口欢腾金延安溢彩对准时 瀑布时光与记忆漂流轻移一步 科技美学看古迹新建 非遗奇品展热闹非凡 一条生态长廊 一幅红审光影画卷 犹如跨越时空的人文契斯集,壶口 欢腾 延安 溢彩 对准 瀑布 时光 记忆 漂流 轻移 一步 科技 美学 古迹 新建 遗奇 品展 热闹非凡 一条 生态 长廊 一幅 红审 光影 画卷 犹如 跨越 时空 人文 契斯,1,该评论使用了“欢腾”、“溢彩”、“热闹非凡”等积极词汇，描绘了壶口瀑布与金延安的生动景象，并赞美了科技与古迹结合、非遗展示等元素，整体表达了对景观和文化体验的欣赏与喜爱，情感倾向明显为正面。
5159098677462371,曹操就到了还不接电话,延安五一游，红色魂，黄河情，非物质文化遗产大观园。,Thu Apr 24 23:50:07 +0800 2025,延安五一游 红色魂 黄河情 非物质文化遗产大观园,延安 五一 红色 黄河 物质 文化遗产 大观园,1,该评论列举了延安旅游的红色文化、黄河景观和非遗体验等特色元素，用词积极且充满自豪感，表达了对当地文化和旅游资源的认可与推崇，整体情感倾向为正面。
5159098677462371,爱吃香菜皮带,金延安五一活动丰富多彩，红色旅游与科技体验完美结合，科技与传统文化共同绽放。,Thu Apr 24 23:50:07 +0800 2025,金延安五一活动丰富多彩 红色旅游与科技体验完美结合 科技与传统文化共同绽放,延安 五一 活动 丰富多彩 红色旅游 科技 体验 完美 结合 科技 传统 文化 共同 绽放,1,评论中使用了“丰富多彩”、“完美结合”、“共同绽放”等积极词汇，强调活动的多样性和创新性，表达了对红色旅游与科技融合的赞赏，整体情感倾向为正面。
5159098677462371,瑟芳九月,红色之旅五一小长假，金延安融合自然与人文，体验非凡之旅。,Thu Apr 24 23:50:08 +0800 2025,红色之旅五一小长假 金延安融合自然与人文 体验非凡之旅,红色 之旅 五一 长假 延安 融合 自然 人文 体验 非凡 之旅,1,该评论使用了“融合自然与人文”、“体验非凡之旅”等积极词汇，强调了活动的丰富性和独特性，整体表达了对“红色之旅”的赞赏与期待，情感倾向明显为正面。
5158167257811341,睡着了啊1,感觉千姬很适合出螺黛 鲛人一些和传统文化元素有关的典藏或传说 甚至可以联动非遗,Tue Apr 22 12:20:13 +0800 2025,感觉千姬很适合出螺黛 鲛人一些和传统文化元素有关的典藏或传说 甚至可以联动非遗,千姬 适合 出螺 传统 文化 元素 典藏 传说 联动 非遗,1,评论中使用了“很适合”、“甚至”等积极词汇，表达了对角色千姬与传统文化元素结合的期待和赞赏，并提出了联动非遗的创意性建议，整体情感倾向为正面。
5158167257811341,一浔风露,接我千绝美聊斋接千红二搭[爱你],Tue Apr 22 10:35:57 +0800 2025,接我千绝美聊斋接千红二搭,绝美 聊斋 接千红二,1,评论中“千绝美聊斋”和“千红二搭”表达了对角色或作品的喜爱与期待，使用“绝美”等积极词汇，整体情感倾向为正面，体现了支持与兴奋的情绪。
5158167257811341,微波困,天哪接我千绝美古风皮接千红二搭[努力][努力],Tue Apr 22 10:32:18 +0800 2025,天哪接我千绝美古风皮接千红二搭,哪接 绝美 古风 皮接 千红二,1,评论中使用了“天哪”、“绝美”等强烈赞美词汇，表达了对古风造型和角色联动的惊艳与喜爱，整体情感充满兴奋和积极支持。
5159098677462371,war3的神,五一小长假，延安之旅，体验红色文化与自然奇观，穿越时空，感受黄河魂！,Thu Apr 24 23:50:04 +0800 2025,五一小长假 延安之旅 体验红色文化与自然奇观 穿越时空 感受黄河魂,五一 长假 延安 之旅 体验 红色 文化 自然 奇观 穿越时空 感受 黄河,1,评论中使用了“体验红色文化”、“自然奇观”、“穿越时空”、“感受黄河魂”等积极词汇，表达了对延安之旅的期待和赞美，整体情感倾向为正面，体现了对红色文化和自然景观的向往与欣赏。
5158167257811341,我烟就是这样一个无法无天的女子,其实椒图的传记里就写了她非常喜欢人类的化妆品，就是因为化妆品上岸的[doge],Tue Apr 22 14:21:04 +0800 2025,其实椒图的传记里就写了她非常喜欢人类的化妆品 就是因为化妆品上岸的,传记 喜欢 人类 化妆品 化妆品 上岸,0,该评论陈述了椒图传记中的设定内容，即她因喜欢人类化妆品而上岸，属于客观事实描述，没有表达个人情感或价值判断，因此情感倾向为中性。
5158167257811341,Limbolike,接我千绝美聊斋传限皮[哇],Tue Apr 22 10:57:55 +0800 2025,接我千绝美聊斋传限皮,绝美 聊斋 传限皮,1,评论中使用了“绝美”这一高度赞扬的词汇，直接表达了对“千绝”角色皮肤的强烈喜爱和赞赏。“传限皮”通常指游戏中珍贵的传说限定皮肤，整体语气充满期待和兴奋，情感倾向明显为正面。
5158167257811341,九州_微雨时,是螺钿马面裙上的图案[抱一抱]真美[爱慕][爱慕][爱慕],Tue Apr 22 10:26:28 +0800 2025,是螺钿马面裙上的图案真美,螺钿 马面 图案,1,"评论中使用了""真美""这一明确赞美词汇，直接表达了对螺钿马面裙图案的欣赏和喜爱，情感表达清晰且积极，整体倾向为正面。"
5158167257811341,九月抚尘,好好看,Tue Apr 22 10:05:42 +0800 2025,好好看,好好看,1,评论中使用了“好好看”这一积极表达，直接表达了对内容的喜爱和赞赏，体现了明显的正面情感倾向。
5155786472821469,13丶丶丶,这张插画完美的掩盖了红叶腰上莫名其妙的设计,Tue Apr 15 20:19:25 +0800 2025,这张插画完美的掩盖了红叶腰上莫名其妙的设计,这张 插画 完美 掩盖 红叶 腰上 莫名其妙 设计,-1,评论中“完美的掩盖”带有讽刺意味，暗示原设计存在问题，而“莫名其妙的设计”直接表达了批评和不满，整体情感倾向为负面。
5155786472821469,小瑶同学viviao,这个插画是好看的,Tue Apr 15 20:11:08 +0800 2025,这个插画是好看的,插画 好看,1,该评论直接使用了“好看的”这一积极评价词汇，明确表达了对插画质量的认可和欣赏，整体情感倾向为正面。
5155786472821469,愚土土,我头痛了，插画绝美，建模一出这下半截啥东西，上半截也没有插画的表现效果好，说实话季的百绘罗衣皮也是这种风格，当时建模就差点意思，现如今还是差点意思，更别说下半截的这个设计，扶额苦笑，到底是谁在爱这个腰胯大翅膀,Tue Apr 15 20:10:46 +0800 2025,我头痛了 插画绝美 建模一出这下半截啥东西 上半截也没有插画的表现效果好 说实话季的百绘罗衣皮也是这种风格 当时建模就差点意思 现如今还是差点意思 更别说下半截的这个设计 扶额苦笑 到底是谁在爱这个腰胯大翅膀,头痛 插画 绝美 建模 一出 这下 半截 东西 半截 没有 插画 表现 效果 说实话 百绘罗衣 风格 当时 建模 差点 意思 现如今 差点 意思 半截 设计 扶额 苦笑 到底 翅膀,-1,评论通过“头痛了”、“啥东西”、“差点意思”、“扶额苦笑”等负面表达，明确批评了建模效果与插画的差距，尤其对“腰胯大翅膀”的设计表示不满和困惑，整体情感倾向为负面。
5155786472821469,thisaccounthasbeenloggedoff,插画好看,Tue Apr 15 20:18:35 +0800 2025,插画好看,插画 好看,1,评论中“好看”是明确的积极评价词汇，直接表达了对插画视觉效果的欣赏与肯定，整体情感倾向为正面。
5155786472821469,紫月夕夜,上半身像没穿衣服似的[挖鼻],Tue Apr 15 23:31:22 +0800 2025,上半身像没穿衣服似的,上半身 穿衣服,-1,该评论使用了“像没穿衣服似的”这一带有贬义和批评意味的表达，暗示了对服装设计或形象呈现的不满和负面评价，整体情感倾向为负面。
5155786472821469,游了之,希望阴阳师像鬼一样缠着这个插画师多约两幅,Tue Apr 15 20:06:25 +0800 2025,希望阴阳师像鬼一样缠着这个插画师多约两幅,希望 阴阳师 画师 多约 两幅,1,评论中“希望阴阳师像鬼一样缠着”以幽默夸张的方式表达了对插画师作品的强烈喜爱和期待，用“多约两幅”直接体现支持态度，整体情感积极。
5155786472821469,柠檬树上下腐烂果,插画：老公老婆，建模：两眼一黑,Wed Apr 16 02:19:27 +0800 2025,插画 老公老婆 建模 两眼一黑,插画 老公 老婆 建模 两眼 一黑,-1,评论中“两眼一黑”是网络用语，常用来表达失望、震惊或难以接受的情绪，结合对“插画”和“建模”的对比，暗示实际效果远不如预期，带有明显的负面评价。
5155786472821469,丶弥日,奶切又陪跑一轮[doge],Tue Apr 15 20:23:45 +0800 2025,奶切又陪跑一轮,奶切 一轮,-1,评论中“陪跑”一词通常指在竞争中未能获得成功或始终处于次要位置，带有失落和不满的情绪。结合“又”字强调重复性，表达了对角色多次未能获得关注或提升的失望，整体情感倾向为负面。
5155786472821469,评论罗伯特,瓷叶霜染，美得不像话！,Tue Apr 15 20:07:23 +0800 2025,瓷叶霜染 美得不像话,瓷叶霜染 不像话,1,评论中使用了“美得不像话”这一强烈赞美性表达，直接表达了对“瓷叶霜染”外观的高度欣赏和喜爱，情感倾向明确为正面。
5155786472821469,离婚出走的那个雨夜,插画美得我火速去看，结果被建模吓了一跳，也不是不好看吧但是感觉整体太白了没做出来那种青花瓷破碎的感觉,Tue Apr 15 20:15:10 +0800 2025,插画美得我火速去看 结果被建模吓了一跳 也不是不好看吧但是感觉整体太白了没做出来那种青花瓷破碎的感觉,插画 美得 火速 建模 吓了一跳 不好 看吧 整体 太白 出来 那种 青花瓷 破碎,-1,评论前半句“插画美得我火速去看”表达了积极期待，但后续“吓了一跳”、“也不是不好看吧但是”等转折词和“太白了”、“没做出来”等表述，明确指出了建模与插画及预期（青花瓷破碎感）的差距，整体透露出失望和不满的情绪。
5155790282821720,愚土土,有比较惊艳的地方，但是总体质感不太行，中下半截有点难以理解[允悲]头脸部分我是很ok的（虽然如果质感能再优化下就更好了）想要那种瓷器的质感，现在的感觉比较像抹粉抹多了[泪],Tue Apr 15 20:44:53 +0800 2025,有比较惊艳的地方 但是总体质感不太行 中下半截有点难以理解头脸部分我是很ok的 虽然如果质感能再优化下就更好了 想要那种瓷器的质感 现在的感觉比较像抹粉抹多了,比较 惊艳 地方 总体 质感 太行 半截 难以 理解 头脸 部分 ok 质感 优化 更好 想要 那种 瓷器 质感 现在 比较 抹粉,0,该评论既有正面评价（“惊艳的地方”、“头脸部分很ok”），也有负面批评（“质感不太行”、“难以理解”、“像抹粉抹多了”），同时提出了改进期望。整体上，评论者是在进行客观优缺点分析，并未表现出强烈的单一情感倾向，因此属于中性。
5155790282821720,浣月漱冰,好丑啊，好丑啊，真的好丑啊，，，一点儿都不精致，建模特别简陋，设计也不好看，免费就算了，居然还要68,Tue Apr 15 20:40:53 +0800 2025,好丑啊 好丑啊 真的好丑啊 一点儿都不精致 建模特别简陋 设计也不好看 免费就算了 居然还要68,好丑 好丑 好丑 一点儿 精致 建模 特别 简陋 设计 好看 免费 就算 居然 还要 68,-1,评论中反复使用“好丑啊”表达强烈不满，并具体批评建模简陋、设计不好看，最后对价格表示愤慨，整体情感倾向为负面。
5155790282821720,林深笙起,乍一看很奇怪但想到青瓷花瓶又觉得很点题，还是挺好看的,Tue Apr 15 20:23:30 +0800 2025,乍一看很奇怪但想到青瓷花瓶又觉得很点题 还是挺好看的,乍一看 奇怪 想到 青瓷 花瓶 点题 好看,1,评论中使用了“挺好看的”明确表达肯定态度，虽然开头提到“乍一看很奇怪”有轻微负面描述，但后续通过“想到青瓷花瓶又觉得很点题”进行合理化解释，整体仍以积极评价为主，情感倾向为正面。
5155790282821720,_尤利塔Ulita_,喵喵[有票了][有票了][有票了],Thu Apr 17 17:35:22 +0800 2025,喵喵,,0,该评论仅包含拟声词“喵喵”，没有明确的语义表达或情感倾向，无法判断其正面或负面态度，属于中性评论。
5155790282821720,春川肉肉子_恭酱酱酱酱酱锵锵cei,……要不然直接卖插画给我吧[单身狗],Tue Apr 15 20:57:09 +0800 2025,要不然直接卖插画给我吧,直接 插画,0,该评论表达了希望直接购买插画的意愿，没有明显的积极或消极情绪词汇，属于中性的建议或诉求，不涉及强烈的情感倾向。
5155790282821720,想念寒暑假,好看，喜欢🥰,Wed Apr 16 00:46:48 +0800 2025,好看 喜欢,好看 喜欢,1,该评论使用了“好看”、“喜欢”等明确表达欣赏和喜爱的积极词汇，直接传达了用户对内容的肯定和满意，整体情感倾向为正面。
5155790282821720,Nuvola-,有女妖内味，喜欢,Tue Apr 15 20:32:13 +0800 2025,有女妖内味 喜欢,女妖 内味 喜欢,1,评论中“喜欢”直接表达了积极情感，而“有女妖内味”是网络用语，通常表示对某种风格或内容的认可与欣赏，整体传达出对评论对象的喜爱和正面评价。
5155790282821720,sakura桜時,挺喜欢的，就是氪不氪金暂时应该不氪[允悲],Tue Apr 15 20:23:34 +0800 2025,挺喜欢的 就是氪不氪金暂时应该不氪,喜欢 暂时 应该,1,该评论以“挺喜欢的”开头，直接表达了积极的喜好态度。后半句关于氪金的说明属于个人消费选择的客观陈述，并未削弱整体的正面情感，因此整体倾向为正面。
5155790282821720,今天有动笔吗,一般,Tue Apr 15 20:41:10 +0800 2025,一般,,0,该评论仅使用“一般”这一中性词汇，没有表达明显的积极或消极情绪，只是对事物进行客观描述或评价，缺乏情感色彩，因此整体情感倾向为中性。
5155790282821720,野比曾经没有大雄,鬼女蓝叶[doge][doge],Tue Apr 15 20:33:56 +0800 2025,鬼女蓝叶,鬼女 蓝叶,0,该评论仅提及“鬼女蓝叶”这一名称或角色，未包含任何表达情感倾向的词汇或评价性语句，无法判断其正面或负面态度，因此属于中性评论。
5155790282821720,阿小大王,你叶不争不抢 又整到一个皮肤,Tue Apr 15 20:30:54 +0800 2025,你叶不争不抢 又整到一个皮肤,不争 整到 皮肤,1,评论中“不争不抢”带有赞赏意味，“整到一个皮肤”表达了获得新内容的喜悦，整体语气轻松积极，体现了对角色或相关内容的认可和满意。
5155790282821720,我告老师了,美[亲亲],Tue Apr 15 20:34:46 +0800 2025,美,,0,该评论仅有一个“美”字，可能是对某事物的简单描述或感叹，缺乏上下文难以判断具体情感倾向，既无明确赞美也无批评，因此视为中性表达。
5155790282821720,刺猬先森有个狮子心,好丑……不好看[汗]还不如典藏,Tue Apr 15 20:25:29 +0800 2025,好丑 不好看还不如典藏,好丑 好看 典藏,-1,评论中使用了“好丑”、“不好看”等直接贬义词汇，表达了对内容外观的强烈不满，并通过“还不如典藏”进行负面比较，整体情感倾向明显为负面。
5155790282821720,Yukimi--,好美好美[种树],Tue Apr 15 20:22:34 +0800 2025,好美好美,美好,1,评论中重复使用“好美”这一积极形容词，表达了对内容的强烈赞赏和喜爱，整体情感倾向明显为正面。
5155790282821720,天光野蒿眠,鬼女蓝叶,Tue Apr 15 20:22:24 +0800 2025,鬼女蓝叶,鬼女 蓝叶,0,该评论仅提及角色名称“鬼女蓝叶”，未包含任何情感色彩词汇或主观评价，仅作为客观陈述，无法推断出正面或负面情感倾向，因此判定为中性。
5155790282821720,榅桲树下,散开的下摆把整个格调拉低了,Tue Apr 15 20:52:33 +0800 2025,散开的下摆把整个格调拉低了,散开 下摆 整个 格调 拉低,-1,评论中“把整个格调拉低了”使用了贬义表达，直接批评服装设计或整体呈现效果不佳，带有明显的失望和不满情绪，整体情感倾向为负面。
5155415075588727,酒食里,9块9交个朋友,Mon Apr 14 19:30:59 +0800 2025,9块9交个朋友,交个 朋友,1,该评论使用了“交个朋友”这一积极友好的表达，暗示价格实惠且带有亲切感，整体传递出轻松、愉快的情绪，情感倾向为正面。
5155790282821720,吉伊蛋灌饼,道馆认不清的皮肤又加一,Tue Apr 15 20:22:05 +0800 2025,道馆认不清的皮肤又加一,道馆 认不清 皮肤 加一,-1,评论中“认不清的皮肤又加一”表达了玩家对游戏中道馆皮肤设计雷同、缺乏辨识度的不满和无奈，带有明显的负面情绪。
5155790282821720,吉伊蛋灌饼,蝉冰雪女,Tue Apr 15 20:21:35 +0800 2025,蝉冰雪女,冰雪,0,该评论仅提及角色名称“蝉冰雪女”，未表达任何情感态度或评价，属于客观陈述，没有明显的情感倾向，因此判断为中性。
5155415075588727,纳兰性德不姓纳,先把季那个青花瓷皮肤优化了再说，那个灰扑扑的颜色到底在干嘛？,Mon Apr 14 19:31:53 +0800 2025,先把季那个青花瓷皮肤优化了再说 那个灰扑扑的颜色到底在干嘛,先把季 青花瓷 皮肤 优化 灰扑扑 颜色 到底 干嘛,-1,评论中使用了“灰扑扑的颜色到底在干嘛”等带有不满和批评意味的措辞，直接表达了对现有皮肤效果的不满和优化诉求，整体情感倾向为负面。
5155415075588727,LWA蓝夏,嗯嗯这边大概了解到您的诉求啦，关于周年庆改进的建议和意见游戏团队已经收到但是也不会接受的呢，这边帮您查询到您过去一年内游戏氪金为0呢，这边安排鬼使白给您禁言一天，冷静冷静，祝您生活愉快！,Mon Apr 14 19:30:34 +0800 2025,嗯嗯这边大概了解到您的诉求啦 关于周年庆改进的建议和意见游戏团队已经收到但是也不会接受的呢 这边帮您查询到您过去一年内游戏氪金为0呢 这边安排鬼使白给您禁言一天 冷静冷静 祝您生活愉快,大概 了解 诉求 周年 改进 建议 意见 游戏 团队 收到 不会 接受 查询 过去 一年 游戏 金为 安排 禁言 一天 冷静 冷静 祝您 生活 愉快,-1,该评论以客服口吻讽刺玩家，通过“建议已收到但不会接受”、“氪金为0”、“禁言一天”等表述，暗示对非付费玩家的轻视和惩罚，带有明显的嘲讽和不满情绪，整体情感倾向为负面。
5155415075588727,季葳蕤,饱饱，不道歉不补偿你请什么来我也不会买单的[耶][耶][耶][太开心],Mon Apr 14 19:31:23 +0800 2025,饱饱 不道歉不补偿你请什么来我也不会买单的,饱饱 道歉 补偿 不会 买单,-1,评论中使用了“不道歉不补偿”、“不会买单”等明确拒绝和指责的词汇，表达了对事件处理方式的不满和抵制情绪，整体情感倾向为负面。
5155415075588727,桃桃布丁喵,快点发吧，画丑了正好跟卑弥呼一起喷[哈哈][哈哈],Mon Apr 14 19:32:04 +0800 2025,快点发吧 画丑了正好跟卑弥呼一起喷,快点 发吧 画丑 正好 卑弥呼 一起,-1,评论中“画丑了正好跟卑弥呼一起喷”明确表达了准备批评和指责的意图，“喷”字带有强烈的负面情绪和攻击性，整体情感倾向为负面。
5155415075588727,小小小小小_哥,谁联动你谁晦气，苦了非遗老人[裂开],Mon Apr 14 19:34:49 +0800 2025,谁联动你谁晦气 苦了非遗老人,联动 晦气 遗老,-1,评论中“谁联动你谁晦气”带有强烈的诅咒和厌恶情绪，“苦了非遗老人”则表达了对相关方（可能指非遗传承人）处境的同情与不满，整体措辞尖锐，情感倾向明显为负面。
5155415075588727,先天性超雄圣体,又要卖几个68,Mon Apr 14 19:31:12 +0800 2025,又要卖几个68,几个 68,-1,评论中“又要卖几个68”带有明显的质疑和不满情绪，暗示对频繁推出高价商品或服务的反感，表达了对商业行为的批评和负面态度。
5155415075588727,壹捌贰壹伍_,没听到明确的“对不起”三个字之前我一分钱都不会氪[春游家族][兔子],Mon Apr 14 19:32:25 +0800 2025,没听到明确的 对不起 三个字之前我一分钱都不会氪,听到 明确 对不起 三个 之前 一分钱 不会,-1,该评论使用了“一分钱都不会氪”的坚决否定表述，并设定了“没听到明确的对不起”这一前提，表达了对相关方的不满和抵制情绪，整体带有明显的负面情感倾向。
5155415075588727,抱歉還是敗給犬科男了,就你现在这美术水平别联动非遗丢脸了，好歹也得是之前上美一期二期玉藻前花鸟卷那个水平再谈这些联动吧，一副看不起非遗的样子根本也不尊重就想着捞钱的样子[允悲],Mon Apr 14 19:38:18 +0800 2025,就你现在这美术水平别联动非遗丢脸了 好歹也得是之前上美一期二期玉藻前花鸟卷那个水平再谈这些联动吧 一副看不起非遗的样子根本也不尊重就想着捞钱的样子,现在 美术 水平 联动 非遗 丢脸 好歹 之前 上美 一期 二期 玉藻 花鸟 水平 再谈 联动 一副 看不起 非遗 样子 尊重 想着 捞钱 样子,-1,评论使用了“丢脸”、“看不起”、“不尊重”、“捞钱”等强烈负面词汇，指责游戏公司美术水平不足却进行非遗联动，认为其动机不纯且缺乏尊重，整体表达出强烈的批评和不满情绪。
5155415075588727,Olney_,不要虐待老人[微笑],Mon Apr 14 19:35:55 +0800 2025,不要虐待老人,虐待老人,-1,该评论直接表达了“不要虐待老人”的诉求，使用“虐待”这一带有强烈谴责意味的词汇，明确反对伤害老人的行为，整体情感倾向为负面，体现了对不道德行为的批评和不满。
5155415075588727,此时簇雪碎玉声,非遗很好，但是策划面对面提上来[微笑],Mon Apr 14 19:31:38 +0800 2025,非遗很好 但是策划面对面提上来,非遗 策划 面对面 提上来,-1,评论前半句“非遗很好”看似正面，但“但是”转折后指出“策划面对面提上来”，隐含对策划安排或执行方式的不满，整体表达的是对活动形式或策划的批评，因此情感倾向为负面。
5155415075588727,桜咲海月,td,Mon Apr 14 19:30:49 +0800 2025,td,td,0,该评论仅包含缩写“td”，可能是特定语境下的简写或符号，没有明确的情感表达词汇或态度倾向，无法判断其正面或负面情感，因此归类为中性。
5155415075588727,鬼童丸你衣品好差,老师傅很好[抓狂][抓狂]你配吗[疑问]@网易阴阳师手游,Mon Apr 14 19:35:23 +0800 2025,老师傅很好你配吗,老师傅,-1,该评论使用了反问句式“你配吗”，带有明显的讽刺和贬低意味，表达了对对方的不屑和否定态度，整体情感倾向为负面。
5155415075588727,羊宝贝有两米高,你个没良心的，别虐待老人,Mon Apr 14 23:34:23 +0800 2025,你个没良心的 别虐待老人,没良心 虐待老人,-1,评论中“没良心的”和“虐待老人”都是强烈的指责性词汇，直接表达了对对方道德品质的谴责和对行为的愤怒，整体情感倾向明显为负面。
5155415075588727,茨茨茨茨茨茨茨茨茨,别虐待老人了,Mon Apr 14 20:09:52 +0800 2025,别虐待老人了,虐待老人,-1,评论中“虐待”一词具有强烈的负面含义，通常指对他人施加身体或精神上的伤害，尤其针对弱势群体如老人时，会引发强烈的道德谴责和愤怒情绪。该评论直接表达了对此类行为的反对和不满，情感倾向明显为负面。
5155415075588727,哈释麒,希望美术组返璞归真一下，设计不是一味追求珠光宝气的华丽,Mon Apr 14 20:25:32 +0800 2025,希望美术组返璞归真一下 设计不是一味追求珠光宝气的华丽,希望 美术组 返璞归真 设计 一味 追求 珠光宝气 华丽,-1,评论中“返璞归真”和“不是一味追求珠光宝气的华丽”暗含对当前美术设计过于浮夸、失去本真的批评，表达了不满和希望改进的负面情绪。
5155415075588727,森柔儿,老师快跑,Mon Apr 14 19:58:25 +0800 2025,老师快跑,老师,-1,该评论使用了“快跑”这一带有警告和紧急意味的词汇，暗示了某种危险或不愉快的处境，表达了对“老师”处境的担忧或对相关情况的负面评价，整体情感倾向为负面。
5150199124331740,JHTV肖建,好期待[good][good][good][good],Mon Mar 31 22:10:09 +0800 2025,好期待,期待,1,"该评论使用了""好期待""这一积极表达，明确传达出对未来的期待和兴奋情绪，整体情感倾向为正面。"
5150199124331740,天降5376,2025风筝节+踏青之旅，盛大启幕！,Wed Apr 02 09:32:48 +0800 2025,2025风筝节 踏青之旅 盛大启幕,2025 风筝节 踏青 之旅 盛大 启幕,0,该评论为活动宣传或公告性质，仅陈述了“2025风筝节 踏青之旅 盛大启幕”这一事实，未包含个人情感表达或评价性词汇，因此情感倾向为中性。
5155415075588727,虚构完全洋蓟,好好做 不要害了非遗大佬[哼],Mon Apr 14 21:56:59 +0800 2025,好好做 不要害了非遗大佬,好好 要害 大佬,-1,评论中“不要害了非遗大佬”带有明显的警示和担忧语气，暗示当前做法可能对非遗传承者产生负面影响，整体表达了对相关行为的不信任和批评倾向。
5155415075588727,-黑喵喵吃甜枣-,天照的联动皮和花合战什么时候安排上,Mon Apr 14 19:35:36 +0800 2025,天照的联动皮和花合战什么时候安排上,天照 联动 皮和花 合战 安排,0,该评论询问联动皮肤和花合战活动的安排时间，属于对游戏内容的询问和期待表达，没有使用明显的情感词汇，整体语气较为中性。
5149486850509136,叶倾羽酱,到时候你真的联动上了，被骂了，要亖自己亖，我会在你背后默默地看着你[拜拜],Sat Mar 29 10:56:26 +0800 2025,到时候你真的联动上了 被骂了 要亖自己亖 我会在你背后默默地看着你,到时候 联动 我会 背后 默默地 看着,-1,"评论中使用了""被骂了""、""要亖自己亖""等负面和攻击性词汇，表达了对联动可能引发负面后果的预判和疏离态度，带有明显的讽刺和不满情绪，整体情感倾向为负面。"
5149125214471254,花榭友宁,我真的我现在还在玩花亦山，我也是真的很命苦哈，不知道你老实没有，反正我是老实了,Fri Mar 28 10:56:47 +0800 2025,我真的我现在还在玩花亦山 我也是真的很命苦哈 不知道你老实没有 反正我是老实了,现在 花亦山 命苦 知道 老实 没有 反正 老实,-1,评论中使用了“真的很命苦”、“老实了”等表达，带有自嘲和无奈的语气，暗示对游戏现状的疲惫或不满，整体情感倾向为负面。
5149125214471254,宣花q群中,求告知怎么了,Fri Mar 28 10:57:51 +0800 2025,求告知怎么了,告知,0,"该评论仅表达询问信息的意图，使用""求告知怎么了""这一中性表述，没有明显的情感词汇或倾向性表达，属于客观询问性质的中性评论。"
5149486850509136,亭亭如盖Ni,支持非遗！来个傩戏,Sat Mar 29 11:51:58 +0800 2025,支持非遗 来个傩戏,支持 非遗 来个 傩戏,1,评论中“支持非遗”明确表达了积极态度和认可，而“来个傩戏”则带有期待和鼓励的意味，整体情感倾向为正面，体现了对非物质文化遗产的关注和支持。
5147798748268525,微博抽奖平台,奖品名称：随机角色q版徽章*1*5人；抽奖时间：2025-03-31 15:00:00；抽奖规则：http://t.cn/A6BeaXIY,Thu Mar 27 11:42:12 +0800 2025,奖品名称 随机角色q版徽章 1 5人 抽奖时间 2025 03 31 15 00 00 抽奖规则,奖品 名称 随机 角色 徽章 抽奖 时间 2025 03 31 15 00 00 抽奖 规则,0,该评论仅陈述了抽奖活动的具体信息，如奖品名称、抽奖时间和规则，未表达任何个人情感或评价，属于客观描述，因此情感倾向为中性。
5149125214471254,花榭友宁,更别说有的玩家可能还不追星不看剧，甚至还有可能不喜欢三次元，其实你不会不能发现这些真的不善于让你圈钱或者说你的好想法吗？我求你了，不管是圈钱还是好的方面，你都先别出发可以吗？,Fri Mar 28 10:56:41 +0800 2025,更别说有的玩家可能还不追星不看剧 甚至还有可能不喜欢三次元 其实你不会不能发现这些真的不善于让你圈钱或者说你的好想法吗 我求你了 不管是圈钱还是好的方面 你都先别出发可以吗,玩家 可能 追星 看剧 可能 喜欢 三次 不会 发现 善于 圈钱 或者说 想法 我求 圈钱 方面 先别 出发,-1,评论使用了“不善于让你圈钱”、“我求你了”、“先别出发可以吗”等带有强烈不满和恳求意味的措辞，表达了对游戏方联动或更新方向的失望与反对，认为其不考虑部分玩家的喜好，整体情感倾向为负面。
5147798748268525,超话社区,叮~！您使用 “归龙潮” 发布的微博，已被超话君收录到您的专属超话 #归龙潮[超话]# 中了凹~想知道粉丝们都在超话里聊些什么嘛~快来宠粉翻牌吧！直达现场>>  #归龙潮[超话]# ,Mon Mar 24 19:05:28 +0800 2025,叮 您使用 归龙潮 发布的微博 已被超话君收录到您的专属超话 中了凹 想知道粉丝们都在超话里聊些什么嘛 快来宠粉翻牌吧 直达现场,使用 归龙潮 发布 微博 超话 收录 专属 超话 知道 粉丝 超话 聊些 快来 宠粉 翻牌 直达 现场,0,该评论是微博系统自动推送的通知类信息，仅告知用户内容被收录并引导互动，未表达个人情感或评价，属于中性陈述。
5147798748268525,再熬夜真的秃啦,求,Tue Mar 25 12:24:51 +0800 2025,求,,0,该评论仅包含一个“求”字，表达的是请求或期望，但缺乏具体内容和情感色彩，无法判断明确的正面或负面倾向，属于中性表达。
5148809894298680,超话社区,你好，你感兴趣的“蔚蓝档案”已开通了超话社区～ 超话社区是微博旗下兴趣互动社区，快来与志同道合的小伙伴们一起交流互动吧！ 戳我进入>> #蔚蓝档案[超话]#,Thu Mar 27 14:03:28 +0800 2025,你好 你感兴趣的 蔚蓝档案 已开通了超话社区 超话社区是微博旗下兴趣互动社区 快来与志同道合的小伙伴们一起交流互动吧 戳我进入,你好 感兴趣 蔚蓝 档案 开通 超话 社区 超话 社区 微博 旗下 兴趣 互动 社区 快来 志同道合 小伙伴 一起 交流 互动 进入,0,该评论是一条标准的超话社区开通通知，内容为信息性描述，旨在引导用户参与互动。文本使用了“快来”、“志同道合”等中性偏积极的引导词，但整体缺乏个人情感表达或评价性语言，因此情感倾向为中性。
5147798748268525,welcome2themindfxck,还会有调奶茶的活动吗 想了,Mon Mar 24 19:33:26 +0800 2025,还会有调奶茶的活动吗 想了,还会 奶茶 活动,1,评论中“想了”表达了对调奶茶活动的期待和喜爱，整体语气带有积极的渴望情绪，显示出对活动的好感和支持。
5147798748268525,用户7419443663,牛,Wed Mar 26 01:59:32 +0800 2025,牛,,1,"该评论使用了""牛""这一网络用语，通常表示对某人或某事的赞赏和认可，带有积极的情感色彩，整体情感倾向为正面。"
5147798748268525,小宅听雨眠眠,敢不敢抽到我,Tue Mar 25 00:09:59 +0800 2025,敢不敢抽到我,敢不敢 抽到,1,评论表达了强烈的期待和参与意愿，“敢不敢”带有挑战和兴奋的语气，整体透露出对抽奖活动的积极兴趣和渴望被选中的正面情绪。
5147798748268525,gou叠求让我抽你_,转发微博#归龙潮1.4# #归龙潮# ,Wed Mar 26 00:42:55 +0800 2025,转发微博,转发 微博,0,该评论仅表示“转发微博”这一行为，未表达任何个人情感或评价，属于中性陈述，没有明显的情感倾向。
5147798748268525,成功真香,恭喜🎉,Tue Mar 25 14:20:08 +0800 2025,恭喜,恭喜,1,该评论使用了“恭喜”这一积极词汇，表达了对相关对象或事件的祝贺与肯定，整体情感倾向明显为正面。
5147798748268525,JadelightGlitter,转发微博,Tue Mar 25 19:52:48 +0800 2025,转发微博,转发 微博,0,该评论仅表示“转发微博”这一行为，没有表达任何主观情感或评价，属于中性陈述，无法判断正面或负面情感倾向。
5147798748268525,银发魂淡,好看,Tue Mar 25 13:42:22 +0800 2025,好看,好看,1,评论中使用了“好看”这一积极评价词汇，直接表达了对内容或事物的喜爱与肯定，整体情感倾向明确为正面。
5147798748268525,青蔷薇--思无邪,强,Tue Mar 25 11:47:07 +0800 2025,强,,0,该评论仅有一个“强”字，可能表示对某种事物的认可或赞叹，但缺乏具体语境和情感修饰词，无法明确判断其情感倾向，因此归类为中性。
5147798748268525,亿米扛x楼,抽我,Tue Mar 25 08:37:20 +0800 2025,抽我,,0,该评论仅表达了“抽我”这一简短诉求，没有明显的积极或消极情感词汇，无法判断其具体情感倾向，属于中性表达。
5147798748268525,洛城闻笛123,抽我[心],Tue Mar 25 07:36:47 +0800 2025,抽我,,0,该评论仅表达了“抽我”这一简短诉求，没有使用明显的情感词汇，无法判断其具体情感倾向。可能是在抽奖或游戏抽取语境下的中性表达，既不积极也不消极。
5145885713371677,北京校园君,浙江提振消费行动务实，支持临街商铺外摆经营，对大众消费场所“无事不扰”，有望促进消费增长。,Wed Mar 19 12:24:09 +0800 2025,浙江提振消费行动务实 支持临街商铺外摆经营 对大众消费场所 无事不扰 有望促进消费增长,浙江 提振 消费 行动 务实 支持 临街 商铺 经营 大众 消费 场所 无事 不扰 有望 促进 消费 增长,1,评论中使用了“务实”、“支持”、“促进消费增长”等积极词汇，表达了对浙江提振消费行动的认可与期待，整体情感倾向为正面。
5144803752020021,渡鴉_duya,哦莫 这个剪影确实和千姬这个皮肤好贴，我之前以为是0617呢aaaaa 真的好喜欢鱼尾千姬，许愿一个[羞嗒嗒],Sun Mar 16 13:12:13 +0800 2025,哦莫 这个剪影确实和千姬这个皮肤好贴 我之前以为是0617呢aaaaa 真的好喜欢鱼尾千姬 许愿一个,剪影 确实 千姬 皮肤 之前 以为 0617 aaaaa 喜欢 鱼尾 千姬 许愿,1,评论中使用了“好贴”、“真的好喜欢”、“许愿”等积极词汇，表达了对千姬皮肤设计的认可和喜爱，整体情感倾向为正面。
5146687128997309,w咩糕糕糕糕,上海宁）,Fri Mar 21 17:38:08 +0800 2025,上海宁,海宁,0,该评论仅使用地域称呼“上海宁”（上海人的方言表达），没有附加任何评价性词汇或情感倾向，属于客观陈述，因此情感倾向为中性。
5145831029343286,111111李波,【《天津日报》刊登：2025天津市春季文旅活动暨海棠花节媒体见面会举行 发布千项文旅活动 推出30条精品线路】,Wed Mar 19 19:15:30 +0800 2025,天津日报 刊登 2025天津市春季文旅活动暨海棠花节媒体见面会举行 发布千项文旅活动 推出30条精品线路,天津日报 刊登 2025 天津市 春季 文旅 活动 海棠花 媒体 见面会 举行 发布 千项 文旅 活动 推出 30 精品 线路,0,该评论仅客观陈述了天津日报报道的文旅活动信息，如“媒体见面会举行”、“发布千项文旅活动”等，未使用明显情感倾向的词汇，也未表达个人观点或评价，因此整体情感倾向为中性。
5144184135880149,夸夸小猫猫,哇塞，剪纸哪吒超有创意，传统文化也能这么潮，张晓青大大你们太会玩了！给非遗注入新灵魂，点赞比心！,Fri Mar 14 19:44:52 +0800 2025,哇塞 剪纸哪吒超有创意 传统文化也能这么潮 张晓青大大你们太会玩了 给非遗注入新灵魂 点赞比心,哇塞 剪纸 哪吒 超有 创意 传统 文化 张晓青 大大 太会 注入 灵魂 点赞 比心,1,评论中使用了“哇塞”、“超有创意”、“太会玩了”、“点赞比心”等一系列充满热情和赞赏的词汇，高度评价了剪纸哪吒的创意和对传统文化的创新演绎，整体情感积极且强烈。
5145831029343286,夕阳醉了198212,2025天津市春季文旅活动暨海棠花节媒体见面会举行 发布千项文旅活动 推出30条精品线路,Wed Mar 19 09:15:48 +0800 2025,2025天津市春季文旅活动暨海棠花节媒体见面会举行 发布千项文旅活动 推出30条精品线路,2025 天津市 春季 文旅 活动 海棠花 媒体 见面会 举行 发布 千项 文旅 活动 推出 30 精品 线路,0,该评论为新闻报道标题式陈述，仅客观描述事件内容（文旅活动、媒体见面会、精品线路发布），未使用任何带有情感色彩的词汇或表达个人态度，因此情感倾向为中性。
5145831029343286,一个新人jia66,2025天津市春季文旅活动暨海棠花节媒体见面会举行,Wed Mar 19 18:03:21 +0800 2025,2025天津市春季文旅活动暨海棠花节媒体见面会举行,2025 天津市 春季 文旅 活动 海棠花 媒体 见面会 举行,0,该评论仅陈述了“2025天津市春季文旅活动暨海棠花节媒体见面会举行”这一事实性信息，未使用任何带有情感倾向的词汇或表达个人观点，属于客观的事件报道，因此情感倾向为中性。
5142704132722188,清苡,时间非要一推再推呗，庶子就得穿中古呗,Mon Mar 10 23:19:28 +0800 2025,时间非要一推再推呗 庶子就得穿中古呗,时间 非要 庶子 中古,-1,评论中“非要一推再推呗”表达了对时间安排反复拖延的不满和抱怨，“庶子就得穿中古呗”带有讽刺和无奈的语气，暗示了对角色待遇不公的负面情绪，整体情感倾向为负面。
5142704132722188,杏雨青川弦外雨,我仍然会问大明湖畔的西湖烟雨呢,Mon Mar 10 23:27:40 +0800 2025,我仍然会问大明湖畔的西湖烟雨呢,仍然 大明 湖畔 西湖 烟雨,-1,评论通过“大明湖畔的西湖烟雨”这一典故暗示对过往内容或承诺的怀念与追问，带有失落和不满的情绪，表达了对当前情况未能满足期待的负面情感。
5142704132722188,数字生命上传中,不做纯黑发能不能做黑发染色剂？[感冒],Mon Mar 10 19:19:35 +0800 2025,不做纯黑发能不能做黑发染色剂,黑发 黑发 染色剂,-1,评论通过反问句式表达了不满情绪，暗示对游戏缺乏纯黑发色选项的失望，并带有对官方处理方式（仅提供染色剂而非原生黑发）的批评意味，整体情感倾向为负面。
5142704132722188,今夜月色微醺_,染色和头发染色能一起开吗[送花花][送花花][送花花],Tue Mar 11 18:09:23 +0800 2025,染色和头发染色能一起开吗,染色 头发 染色 一起,0,该评论是一个询问性质的句子，询问“染色和头发染色”是否可以同时进行，没有表达任何积极或消极的情绪，仅涉及信息咨询，因此情感倾向为中性。
5142704132722188,疏叶不遇水,①强烈建议一代宗师伤害降回19年那样！！更新后还是互秒啊！丢震天雷看不见红圈范围，而且伤害太高了！策划你们自己有没有测试过啊？②改回一键拾取推荐装OK？？？白装蓝装还得丢半天,Wed Mar 12 11:47:57 +0800 2025,①强烈建议一代宗师伤害降回19年那样 更新后还是互秒啊 丢震天雷看不见红圈范围 而且伤害太高了 策划你们自己有没有测试过啊 ②改回一键拾取推荐装OK 白装蓝装还得丢半天,强烈建议 一代宗师 伤害 降回 19 更新 互秒 震天雷 看不见 红圈 范围 伤害 太高 策划 有没有 测试 一键 拾取 推荐 OK 白装 蓝装 半天,-1,评论中使用了“强烈建议”、“伤害太高了”、“自己有没有测试过啊”等带有批评和不满情绪的表述，直接指责游戏更新后的问题，如伤害过高、机制不合理等，整体情感倾向明显为负面。
5142704132722188,三不改其坚my,[笑哈哈]谁家游戏商公告20天后的更新啊，是要马总亲签吗,Mon Mar 10 18:40:56 +0800 2025,谁家游戏商公告20天后的更新啊 是要马总亲签吗,谁家 游戏 公告 20 天后 更新 总亲,-1,评论通过反问语气和讽刺性表达（“谁家游戏商公告20天后的更新啊”）质疑游戏运营方的不合理行为，并用“要马总亲签吗”暗指流程繁琐低效，整体透露出对游戏公司决策的不满与嘲讽情绪。
5142704132722188,偶牵心,不是，你们程序是属驴的吗？推一下动一下，光修震天雷伤害？ 别的恶性bug呢？震天雷红圈、超远距离透视id血条bug、一键拾取推荐装、落地锁定技无法使用、小地图无法显示标点强烈要求返回原版本圆形小地图！一共就半个月的吃鸡时间。[微笑]这修bug的效率让人怎么玩。,Wed Mar 12 15:29:46 +0800 2025,不是 你们程序是属驴的吗 推一下动一下 光修震天雷伤害 别的恶性bug呢 震天雷红圈 超远距离透视id血条bug 一键拾取推荐装 落地锁定技无法使用 小地图无法显示标点强烈要求返回原版本圆形小地图 一共就半个月的吃鸡时间 这修bug的效率让人怎么玩,程序 光修 震天雷 伤害 恶性 bug 震天雷 红圈 远距离 透视 id 血条 bug 一键 拾取 推荐 落地 锁定 无法 使用 地图 无法 显示 标点 强烈要求 返回 版本 圆形 地图 一共 半个 时间 这修 bug 效率,-1,评论中使用了“属驴的”、“推一下动一下”等贬义和讽刺性词汇，并列举了大量未修复的“恶性bug”，表达了对程序修复效率低下、游戏体验糟糕的强烈不满和抱怨，整体情感倾向为负面。
5142704132722188,道姑才不是龟龟,不能是黑发吗，净整些油漆头,Tue Mar 11 10:08:50 +0800 2025,不能是黑发吗 净整些油漆头,黑发 整些 油漆,-1,评论中“净整些油漆头”带有明显的贬义和不满情绪，使用“油漆头”来讽刺发色设计，表达了对角色造型的失望和批评，整体情感倾向为负面。
5142704132722188,羊群发大财,111,Thu Mar 13 18:56:43 +0800 2025,111,111,0,该评论仅包含数字“111”，没有明确的语义内容或情感表达，无法判断其情感倾向，因此归类为中性。
5142704132722188,拨火与花前,抽我,Wed Mar 26 09:09:07 +0800 2025,抽我,,1,"该评论表达了强烈的参与意愿和期待感，""抽我""是网络用语中常见的互动表达，通常用于抽奖或互动活动中，带有积极、主动的情感色彩，整体情感倾向为正面。"
5142704132722188,向晚球诶球,少女的鞋子能不能改成和成女一样的[开学季]喜欢成女那个鞋但是不想接腿,Mon Mar 10 22:52:05 +0800 2025,少女的鞋子能不能改成和成女一样的喜欢成女那个鞋但是不想接腿,少女 鞋子 改成 成女 喜欢 成女 不想 接腿,0,该评论主要表达对游戏角色外观的个人偏好，希望少女角色能采用成女角色的鞋子设计。虽然使用了“喜欢”等积极词汇，但整体是提出具体修改建议，未表现出强烈情感倾向，属于中性反馈。
5142704132722188,球阿豆豆,还挺好看,Fri Mar 14 12:01:02 +0800 2025,还挺好看,好看,1,评论中使用了“还挺好看”这一表达，其中“好看”是明确的积极评价词汇，“还挺”作为修饰语增强了肯定的语气，整体表达了对事物外观或内容的认可与喜爱，情感倾向为正面。
5142704132722188,可爱似酒酿_,转发微博,Tue Mar 11 12:43:47 +0800 2025,转发微博,转发 微博,0,该评论仅表示转发微博的行为，没有表达任何个人情感或评价，属于中性陈述，无明显情感倾向。
5142704132722188,可爱似酒酿_,转发微博,Tue Mar 11 23:33:23 +0800 2025,转发微博,转发 微博,0,该评论仅包含“转发微博”这一行为描述，没有表达任何个人情感或观点，属于客观陈述，因此情感倾向为中性。
5142704132722188,5HINeeForever_Y,快点上！,Tue Mar 11 00:20:02 +0800 2025,快点上,快点,0,"该评论仅表达了催促或期待某事物尽快上线的意思，使用了""快点上""这样的祈使句，但未包含明显的积极或消极情感词汇，整体情感倾向较为中性。"
5142704132722188,单眼皮的小猫不悲伤,送我,Tue Mar 11 00:11:17 +0800 2025,送我,,1,"该评论表达了希望获得某物的意愿，""送我""这一表述带有期待和积极索取的情感色彩，通常用于表达对物品或活动的喜爱与渴望，整体情感倾向为正面。"
5139079146767327,用户6i7316fd3o,转发微博,Sat Mar 15 01:03:39 +0800 2025,转发微博,转发 微博,0,该评论仅包含“转发微博”这一行为描述，没有表达个人观点或情感倾向，属于中性陈述。
5142704132722188,cc_清心寡欲,卷[心],Mon Mar 10 22:33:53 +0800 2025,卷,,-1,评论仅有一个“卷”字，在当代网络语境中常用来形容过度竞争、内耗严重的社会现象，带有明显的疲惫感和负面情绪，表达了对现状的不满或无奈。
5142704132722188,蛊曲堇鼎书梦不眠,[允悲]现在的破帮派繁荣度到底怎么获取，怎么交委任不见涨,Tue Mar 11 23:06:32 +0800 2025,现在的破帮派繁荣度到底怎么获取 怎么交委任不见涨,现在 帮派 繁荣 到底 获取 委任 不见,-1,评论中使用了“破帮派”这一贬义词汇表达不满，同时通过“怎么交委任不见涨”的疑问句式，透露出对游戏机制或系统问题的困惑与抱怨，整体情感倾向为负面。
5139079146767327,月巴空空,hhh,Sat Mar 01 22:03:10 +0800 2025,hhh,hhh,0,该评论仅包含“hhh”这一网络笑声表达，没有明确的情感指向或具体评价内容，无法判断积极或消极态度，属于中性表达。
5139079146767327,筝岐语R0诗山XxxL拂903,陵光的珠绣图案简直是点睛之笔从花纹选择质感表现到花型设计以及层层渐染的颜色都非常贴合珠绣特色以及角色雅致神秘又危险的气质。,Fri Feb 28 19:48:24 +0800 2025,陵光的珠绣图案简直是点睛之笔从花纹选择质感表现到花型设计以及层层渐染的颜色都非常贴合珠绣特色以及角色雅致神秘又危险的气质,陵光 图案 简直 点睛之笔 花纹 选择 质感 表现 花型 设计 层层 渐染 颜色 贴合 特色 角色 雅致 神秘 危险 气质,1,该评论使用了“点睛之笔”、“非常贴合”等高度赞扬的词汇，详细列举了花纹、质感、设计、颜色等多方面的优点，并认为其完美契合角色气质，整体表达了强烈的欣赏和肯定态度。
5139079146767327,超话社区,叮~！您使用 “深空之眼” 发布的微博，已被超话君收录到您的专属超话 #深空之眼[超话]# 中了凹~想知道粉丝们都在超话里聊些什么嘛~快来宠粉翻牌吧！直达现场>>  #深空之眼[超话]# ,Fri Feb 28 17:36:53 +0800 2025,叮 您使用 深空之眼 发布的微博 已被超话君收录到您的专属超话 中了凹 想知道粉丝们都在超话里聊些什么嘛 快来宠粉翻牌吧 直达现场,使用 深空 之眼 发布 微博 超话 收录 专属 超话 知道 粉丝 超话 聊些 快来 宠粉 翻牌 直达 现场,0,该评论是系统自动生成的微博收录通知，内容为提示用户其微博被超话收录并引导互动，使用标准化的平台用语如“叮”“宠粉翻牌”等，无主观情感表达或评价性词汇，属于信息性中性内容。
5139079146767327,两分之一w,好看[抱一抱],Sat Mar 01 00:41:22 +0800 2025,好看,好看,1,该评论直接使用“好看”这一积极评价词汇，简洁明确地表达了对内容的喜爱和肯定，整体情感倾向为正面。
5139079146767327,丁满的宝藏,加油,Fri Feb 28 23:37:11 +0800 2025,加油,加油,1,"该评论使用了""加油""这一鼓励性词汇，表达了对目标对象的支持与激励，带有积极正面的情感倾向。"
5138696559398227,微博文旅,【#焕新非遗计划#| 上新了传承人！】关注@西湖绸伞传承人宋志明，带你探索西湖绸伞的前世今生！,Thu Feb 27 16:24:53 +0800 2025,上新了传承人 关注 带你探索西湖绸伞的前世今生,传承 关注 探索 西湖 绸伞 前世 今生,0,该评论为信息性内容，主要介绍西湖绸伞相关主题，使用了“带你探索”等中性表述，旨在传递信息而非表达个人情感，无明显积极或消极倾向。
5138696559398227,微博图书馆,【#焕新非遗计划#| 上新了传承人！】关注@西湖绸伞传承人宋志明，带你探索西湖绸伞的前世今生！,Thu Feb 27 16:24:47 +0800 2025,上新了传承人 关注 带你探索西湖绸伞的前世今生,传承 关注 探索 西湖 绸伞 前世 今生,0,该评论以陈述语气介绍内容主题，使用“带你探索”等中性表达，旨在传递信息而非表达个人情感，没有明显的积极或消极情绪倾向。
5138696559398227,微博文博,【#焕新非遗计划#| 上新了传承人！】关注@西湖绸伞传承人宋志明，带你探索西湖绸伞的前世今生！,Thu Feb 27 16:24:48 +0800 2025,上新了传承人 关注 带你探索西湖绸伞的前世今生,传承 关注 探索 西湖 绸伞 前世 今生,0,该评论以介绍性口吻陈述内容，使用了“带你探索”等中性表述，旨在传递信息而非表达个人情感或评价，没有明显的积极或消极情绪倾向。
5138696559398227,西湖绸伞传承人宋志明,西湖绸伞如何与年轻人交流，我们希望用他们喜欢的方式，让更多人了解这项非遗技艺！#焕新非遗计划# ,Sat Jun 14 22:15:00 +0800 2025,西湖绸伞如何与年轻人交流 我们希望用他们喜欢的方式 让更多人了解这项非遗技艺,西湖 绸伞 年轻人 交流 希望 喜欢 方式 了解 这项 非遗 技艺,1,该评论表达了通过年轻人喜爱的方式推广非遗技艺的积极意愿，使用“希望”、“让更多人了解”等建设性词汇，体现出对文化传承的正面态度和期待，整体情感倾向为正面。
5138696559398227,文博公开课,【#焕新非遗计划#| 上新了传承人！】关注@西湖绸伞传承人宋志明，带你探索西湖绸伞的前世今生！,Thu Feb 27 16:24:45 +0800 2025,上新了传承人 关注 带你探索西湖绸伞的前世今生,传承 关注 探索 西湖 绸伞 前世 今生,1,该评论以“上新了传承人”和“带你探索”等积极引导性词汇开头，表达了对文化传承内容的关注与推广意愿，整体语气带有宣传和期待感，情感倾向为正面。
5138696559398227,微博国潮好物,【#焕新非遗计划#| 上新了传承人！】关注@西湖绸伞传承人宋志明，带你探索西湖绸伞的前世今生！,Thu Feb 27 16:24:50 +0800 2025,上新了传承人 关注 带你探索西湖绸伞的前世今生,传承 关注 探索 西湖 绸伞 前世 今生,1,该评论以“上新了传承人”开头，带有积极推广的意味，并使用“带你探索”等引导性词汇，表达了对西湖绸伞文化的介绍与传播意图，整体情感倾向为正面。
5138696559398227,微博印象,【#焕新非遗计划#| 上新了传承人！】关注@西湖绸伞传承人宋志明，带你探索西湖绸伞的前世今生！,Thu Feb 27 16:24:51 +0800 2025,上新了传承人 关注 带你探索西湖绸伞的前世今生,传承 关注 探索 西湖 绸伞 前世 今生,1,该评论以“上新了传承人”开头，带有宣传和推广性质，使用“带你探索”等引导性词汇，旨在激发观众对西湖绸伞文化的兴趣和关注，整体传递出积极、正向的文化传播意图。
